decision_id,run_id,generated_at_utc,date,game_pk,start_utc,home_team,away_team,home_starter,away_starter,home_win_prob,xgb_home_win_prob,lgbm_home_win_prob,model_disagreement,no_vig_home_implied,edge,home_ml,away_ml,bet_flag,bet_side,decision_eligible,ineligibility_reason,decision_status,starters_confirmed,lineup_available,umpire_available,market_available,n_books,n_executable_books,book_prob_std,book_prob_range,home_bookmaker_key,home_bookmaker_title,away_bookmaker_key,away_bookmaker_title,price_selection_method,price_universe,odds_event_id,odds_snapshot_utc,model_version,model_mode,prediction_model_type,data_version,feature_build_id,model_training_data_version,model_feature_build_id,execution_mode
predict_20260820T062238152404Z_824802,predict_20260820T062238152404Z,2026-08-20T06:22:38+00:00,2026-08-20 00:00:00,824802,2026-08-20T22:35:00Z,BAL,NYY,Kyle Bradish,Gerrit Cole,0.4566832972731117,0.4855687606112054,0.427797833935018,0.0577709266761873,0.464342331405098,-0.0076590341319863,114.0,-118.0,False,,False,lineups_not_posted,ineligible,True,False,False,True,8.0,8.0,0.0070675293804902,0.0233234195755718,betus,BetUS,betrivers,BetRivers,best_available_across_quoted_books,all_quoted_books,4641a1b30b5bae3cfb30564156dc2003,2026-08-20T06:22:38+00:00,model_production_20260820T062100448854Z,production,,1994791da6f8adadacdb90ea8bfc614ac883071729e8bcf03ad08efe6e20aded,features_20260820T062050783177Z,1994791da6f8adadacdb90ea8bfc614ac883071729e8bcf03ad08efe6e20aded,features_20260820T062050783177Z,paper
predict_20260820T062238152404Z_824474,predict_20260820T062238152404Z,2026-08-20T06:22:38+00:00,2026-08-20 00:00:00,824474,2026-08-20T16:40:00Z,CIN,STL,Brady Singer,Michael McGreevy,0.4902296357800553,0.4855687606112054,0.4948905109489051,0.0093217503376997,0.4812931347620777,0.0089365010179775,106.0,-110.0,False,,False,lineups_not_posted,ineligible,True,False,False,True,9.0,9.0,0.0040960800098889,0.0120432754907651,betus,BetUS,fanduel,FanDuel,best_available_across_quoted_books,all_quoted_books,48f1a38db4ac9c09c80dc35075975eff,2026-08-20T06:22:38+00:00,model_production_20260820T062100448854Z,production,,1994791da6f8adadacdb90ea8bfc614ac883071729e8bcf03ad08efe6e20aded,features_20260820T062050783177Z,1994791da6f8adadacdb90ea8bfc614ac883071729e8bcf03ad08efe6e20aded,features_20260820T062050783177Z,paper
predict_20260820T062238152404Z_824395,predict_20260820T062238152404Z,2026-08-20T06:22:38+00:00,2026-08-20 00:00:00,824395,2026-08-20T17:10:00Z,CLE,SF,Gavin Williams,Landen Roupp,0.527774550102398,0.5247933884297521,0.5307557117750439,0.0059623233452917,0.6274614156466205,-0.0996868655442224,-180.0,170.0,False,,False,lineups_not_posted,ineligible,True,False,False,True,9.0,9.0,0.0038898893613464,0.0142359119882405,lowvig,LowVig.ag,fanduel,FanDuel,best_available_across_quoted_books,all_quoted_books,2b7408aef064f311c0be470b8f761505,2026-08-20T06:22:38+00:00,model_production_20260820T062100448854Z,production,,1994791da6f8adadacdb90ea8bfc614ac883071729e8bcf03ad08efe6e20aded,features_20260820T062050783177Z,1994791da6f8adadacdb90ea8bfc614ac883071729e8bcf03ad08efe6e20aded,features_20260820T062050783177Z,paper
predict_20260820T062238152404Z_824589,predict_20260820T062238152404Z,2026-08-20T06:22:38+00:00,2026-08-20 00:00:00,824589,2026-08-20T18:10:00Z,CWS,ATL,Anthony Kay,Grant Holmes,0.4591405710572276,0.4240282685512368,0.4942528735632184,0.0702246050119815,0.4940634498480243,-0.0349228787907967,101.0,-104.0,False,,False,lineups_not_posted,ineligible,True,False,False,True,9.0,9.0,0.0040617876151803,0.013948077676165,betus,BetUS,fanduel,FanDuel,best_available_across_quoted_books,all_quoted_books,0e5490a74e6eb5ea18cf0dc7b8cf02cd,2026-08-20T06:22:38+00:00,model_production_20260820T062100448854Z,production,,1994791da6f8adadacdb90ea8bfc614ac883071729e8bcf03ad08efe6e20aded,features_20260820T062050783177Z,1994791da6f8adadacdb90ea8bfc614ac883071729e8bcf03ad08efe6e20aded,features_20260820T062050783177Z,paper
predict_20260820T062238152404Z_824153,predict_20260820T062238152404Z,2026-08-20T06:22:38+00:00,2026-08-20 00:00:00,824153,2026-08-21T00:10:00Z,HOU,LAA,Peter Lambert,Grayson Rodriguez,0.6138905618170868,0.6091370558375634,0.6186440677966102,0.0095070119590467,0.6295547070574253,-0.0156641452403385,-185.0,167.0,False,,False,lineups_not_posted,ineligible,True,False,False,True,9.0,9.0,0.0038266530485468,0.0119435603194442,lowvig,LowVig.ag,lowvig,LowVig.ag,best_available_across_quoted_books,all_quoted_books,440aafab0430618ed61d5310ba093b5c,2026-08-20T06:22:38+00:00,model_production_20260820T062100448854Z,production,,1994791da6f8adadacdb90ea8bfc614ac883071729e8bcf03ad08efe6e20aded,features_20260820T062050783177Z,1994791da6f8adadacdb90ea8bfc614ac883071729e8bcf03ad08efe6e20aded,features_20260820T062050783177Z,paper
predict_20260820T062238152404Z_824074,predict_20260820T062238152404Z,2026-08-20T06:22:38+00:00,2026-08-20 00:00:00,824074,2026-08-20T18:10:00Z,KC,OAK,Randy Dobnak,Gage Jump,0.5555354789060856,0.5703611457036114,0.5407098121085596,0.0296513335950517,0.5633576902512921,-0.0078222113452065,-134.0,125.0,False,,False,lineups_not_posted,ineligible,True,False,False,True,9.0,9.0,0.0043373460685223,0.0157775402112965,fanduel,FanDuel,lowvig,LowVig.ag,best_available_across_quoted_books,all_quoted_books,2c82819af0ca03e16d0c12dddcaaf31f,2026-08-20T06:22:38+00:00,model_production_20260820T062100448854Z,production,,1994791da6f8adadacdb90ea8bfc614ac883071729e8bcf03ad08efe6e20aded,features_20260820T062050783177Z,1994791da6f8adadacdb90ea8bfc614ac883071729e8bcf03ad08efe6e20aded,features_20260820T062050783177Z,paper
predict_20260820T062238152404Z_823747,predict_20260820T062238152404Z,2026-08-20T06:22:38+00:00,2026-08-20 00:00:00,823747,2026-08-20T18:10:00Z,MIL,SEA,Robert Gasser,George Kirby,0.572851805728518,0.5703611457036114,0.5753424657534246,0.0049813200498132,0.5440238883060285,0.0288279174224894,-120.0,119.0,False,,False,lineups_not_posted,ineligible,True,False,False,True,9.0,9.0,0.0048408457175511,0.0167124287857431,fanduel,FanDuel,draftkings,DraftKings,best_available_across_quoted_books,all_quoted_books,f71617a2d08c1daac109bf9f87e7ddae,2026-08-20T06:22:38+00:00,model_production_20260820T062100448854Z,production,,1994791da6f8adadacdb90ea8bfc614ac883071729e8bcf03ad08efe6e20aded,features_20260820T062050783177Z,1994791da6f8adadacdb90ea8bfc614ac883071729e8bcf03ad08efe6e20aded,features_20260820T062050783177Z,paper
predict_20260820T062238152404Z_822934,predict_20260820T062238152404Z,2026-08-20T06:22:38+00:00,2026-08-20 00:00:00,822934,2026-08-20T17:10:00Z,TB,TOR,Ian Seymour,Shane Bieber,0.527774550102398,0.5247933884297521,0.5307557117750439,0.0059623233452917,0.6047430830039525,-0.0769685329015544,-157.0,150.0,False,,False,lineups_not_posted,ineligible,True,False,False,True,9.0,9.0,0.0050485493081197,0.0165985721443064,betonlineag,BetOnline.ag,fanduel,FanDuel,best_available_across_quoted_books,all_quoted_books,3bcf2e3b041524ff81a10ccac32db220,2026-08-20T06:22:38+00:00,model_production_20260820T062100448854Z,production,,1994791da6f8adadacdb90ea8bfc614ac883071729e8bcf03ad08efe6e20aded,features_20260820T062050783177Z,1994791da6f8adadacdb90ea8bfc614ac883071729e8bcf03ad08efe6e20aded,features_20260820T062050783177Z,paper
predict_20260820T062238152404Z_822861,predict_20260820T062238152404Z,2026-08-20T06:22:38+00:00,2026-08-20 00:00:00,822861,2026-08-21T00:05:00Z,TEX,WSH,Jacob deGrom,Andrew Alvarez,0.572851805728518,0.5703611457036114,0.5753424657534246,0.0049813200498132,0.6029289650486903,-0.0300771593201722,-163.0,150.0,False,,False,lineups_not_posted,ineligible,True,False,False,True,9.0,9.0,0.0068160797947892,0.0224130784929933,betonlineag,BetOnline.ag,betrivers,BetRivers,best_available_across_quoted_books,all_quoted_books,3ea3ed4f9423dd9e4a95e0e6fa3e4cb3,2026-08-20T06:22:38+00:00,model_production_20260820T062100448854Z,production,,1994791da6f8adadacdb90ea8bfc614ac883071729e8bcf03ad08efe6e20aded,features_20260820T062050783177Z,1994791da6f8adadacdb90ea8bfc614ac883071729e8bcf03ad08efe6e20aded,features_20260820T062050783177Z,paper
predict_20260820T073347629107Z_824802,predict_20260820T073347629107Z,2026-08-20T07:33:47+00:00,2026-08-20 00:00:00,824802,2026-08-20T22:35:00Z,BAL,NYY,Kyle Bradish,Gerrit Cole,0.4566832972731117,0.4855687606112054,0.427797833935018,0.0577709266761873,0.4580152671755725,-0.0013319699024608,114.0,-118.0,False,,False,lineups_not_posted,ineligible,True,False,False,True,8.0,8.0,0.0079557395830301,0.0265422726261837,betus,BetUS,betrivers,BetRivers,best_available_across_quoted_books,all_quoted_books,4641a1b30b5bae3cfb30564156dc2003,2026-08-20T07:33:47+00:00,model_production_20260820T073211591636Z,production,,1903fa8906375adb20d7fa5a4c3d1911678299de54d7959122a1b7f9302b498a,features_20260820T073209660318Z,1903fa8906375adb20d7fa5a4c3d1911678299de54d7959122a1b7f9302b498a,features_20260820T073209660318Z,paper
predict_20260820T073347629107Z_824474,predict_20260820T073347629107Z,2026-08-20T07:33:47+00:00,2026-08-20 00:00:00,824474,2026-08-20T16:40:00Z,CIN,STL,Brady Singer,Michael McGreevy,0.4902296357800553,0.4855687606112054,0.4948905109489051,0.0093217503376997,0.4812931347620777,0.0089365010179775,106.0,-110.0,False,,False,lineups_not_posted,ineligible,True,False,False,True,9.0,9.0,0.0040960800098889,0.0120432754907651,betus,BetUS,fanduel,FanDuel,best_available_across_quoted_books,all_quoted_books,48f1a38db4ac9c09c80dc35075975eff,2026-08-20T07:33:47+00:00,model_production_20260820T073211591636Z,production,,1903fa8906375adb20d7fa5a4c3d1911678299de54d7959122a1b7f9302b498a,features_20260820T073209660318Z,1903fa8906375adb20d7fa5a4c3d1911678299de54d7959122a1b7f9302b498a,features_20260820T073209660318Z,paper
predict_20260820T073347629107Z_824395,predict_20260820T073347629107Z,2026-08-20T07:33:47+00:00,2026-08-20 00:00:00,824395,2026-08-20T17:10:00Z,CLE,SF,Gavin Williams,Landen Roupp,0.527774550102398,0.5247933884297521,0.5307557117750439,0.0059623233452917,0.6274614156466205,-0.0996868655442224,-180.0,170.0,False,,False,lineups_not_posted,ineligible,True,False,False,True,9.0,9.0,0.0040689446604013,0.0142359119882405,lowvig,LowVig.ag,fanduel,FanDuel,best_available_across_quoted_books,all_quoted_books,2b7408aef064f311c0be470b8f761505,2026-08-20T07:33:47+00:00,model_production_20260820T073211591636Z,production,,1903fa8906375adb20d7fa5a4c3d1911678299de54d7959122a1b7f9302b498a,features_20260820T073209660318Z,1903fa8906375adb20d7fa5a4c3d1911678299de54d7959122a1b7f9302b498a,features_20260820T073209660318Z,paper
predict_20260820T073347629107Z_824589,predict_20260820T073347629107Z,2026-08-20T07:33:47+00:00,2026-08-20 00:00:00,824589,2026-08-20T18:10:00Z,CWS,ATL,Anthony Kay,Grant Holmes,0.4591405710572276,0.4240282685512368,0.4942528735632184,0.0702246050119815,0.4940634498480243,-0.0349228787907967,-101.0,-104.0,False,,False,lineups_not_posted,ineligible,True,False,False,True,9.0,9.0,0.0031215933321531,0.0092984332140033,draftkings,DraftKings,fanduel,FanDuel,best_available_across_quoted_books,all_quoted_books,0e5490a74e6eb5ea18cf0dc7b8cf02cd,2026-08-20T07:33:47+00:00,model_production_20260820T073211591636Z,production,,1903fa8906375adb20d7fa5a4c3d1911678299de54d7959122a1b7f9302b498a,features_20260820T073209660318Z,1903fa8906375adb20d7fa5a4c3d1911678299de54d7959122a1b7f9302b498a,features_20260820T073209660318Z,paper
predict_20260820T073347629107Z_824153,predict_20260820T073347629107Z,2026-08-20T07:33:47+00:00,2026-08-20 00:00:00,824153,2026-08-21T00:10:00Z,HOU,LAA,Peter Lambert,Grayson Rodriguez,0.6138905618170868,0.6091370558375634,0.6186440677966102,0.0095070119590467,0.6295547070574253,-0.0156641452403385,-185.0,167.0,False,,False,lineups_not_posted,ineligible,True,False,False,True,9.0,9.0,0.0038266530485468,0.0119435603194442,lowvig,LowVig.ag,lowvig,LowVig.ag,best_available_across_quoted_books,all_quoted_books,440aafab0430618ed61d5310ba093b5c,2026-08-20T07:33:47+00:00,model_production_20260820T073211591636Z,production,,1903fa8906375adb20d7fa5a4c3d1911678299de54d7959122a1b7f9302b498a,features_20260820T073209660318Z,1903fa8906375adb20d7fa5a4c3d1911678299de54d7959122a1b7f9302b498a,features_20260820T073209660318Z,paper
predict_20260820T073347629107Z_824074,predict_20260820T073347629107Z,2026-08-20T07:33:47+00:00,2026-08-20 00:00:00,824074,2026-08-20T18:10:00Z,KC,OAK,Randy Dobnak,Gage Jump,0.5555354789060856,0.5703611457036114,0.5407098121085596,0.0296513335950517,0.5656654888103652,-0.0101300099042795,-134.0,126.0,False,,False,lineups_not_posted,ineligible,True,False,False,True,9.0,9.0,0.0043921849202406,0.0157775402112965,fanduel,FanDuel,draftkings,DraftKings,best_available_across_quoted_books,all_quoted_books,2c82819af0ca03e16d0c12dddcaaf31f,2026-08-20T07:33:47+00:00,model_production_20260820T073211591636Z,production,,1903fa8906375adb20d7fa5a4c3d1911678299de54d7959122a1b7f9302b498a,features_20260820T073209660318Z,1903fa8906375adb20d7fa5a4c3d1911678299de54d7959122a1b7f9302b498a,features_20260820T073209660318Z,paper
predict_20260820T073347629107Z_823747,predict_20260820T073347629107Z,2026-08-20T07:33:47+00:00,2026-08-20 00:00:00,823747,2026-08-20T18:10:00Z,MIL,SEA,Robert Gasser,George Kirby,0.572851805728518,0.5703611457036114,0.5753424657534246,0.0049813200498132,0.5440238883060285,0.0288279174224894,-121.0,115.0,False,,False,lineups_not_posted,ineligible,True,False,False,True,9.0,9.0,0.0034814244064951,0.0106870532563203,draftkings,DraftKings,betus,BetUS,best_available_across_quoted_books,all_quoted_books,f71617a2d08c1daac109bf9f87e7ddae,2026-08-20T07:33:47+00:00,model_production_20260820T073211591636Z,production,,1903fa8906375adb20d7fa5a4c3d1911678299de54d7959122a1b7f9302b498a,features_20260820T073209660318Z,1903fa8906375adb20d7fa5a4c3d1911678299de54d7959122a1b7f9302b498a,features_20260820T073209660318Z,paper
predict_20260820T073347629107Z_822934,predict_20260820T073347629107Z,2026-08-20T07:33:47+00:00,2026-08-20 00:00:00,822934,2026-08-20T17:10:00Z,TB,TOR,Ian Seymour,Shane Bieber,0.527774550102398,0.5247933884297521,0.5307557117750439,0.0059623233452917,0.6047430830039525,-0.0769685329015544,-157.0,150.0,False,,False,lineups_not_posted,ineligible,True,False,False,True,9.0,9.0,0.0050485493081197,0.0165985721443064,betonlineag,BetOnline.ag,fanduel,FanDuel,best_available_across_quoted_books,all_quoted_books,3bcf2e3b041524ff81a10ccac32db220,2026-08-20T07:33:47+00:00,model_production_20260820T073211591636Z,production,,1903fa8906375adb20d7fa5a4c3d1911678299de54d7959122a1b7f9302b498a,features_20260820T073209660318Z,1903fa8906375adb20d7fa5a4c3d1911678299de54d7959122a1b7f9302b498a,features_20260820T073209660318Z,paper
predict_20260820T073347629107Z_822861,predict_20260820T073347629107Z,2026-08-20T07:33:47+00:00,2026-08-20 00:00:00,822861,2026-08-21T00:05:00Z,TEX,WSH,Jacob deGrom,Andrew Alvarez,0.572851805728518,0.5703611457036114,0.5753424657534246,0.0049813200498132,0.6029289650486903,-0.0300771593201722,-163.0,150.0,False,,False,lineups_not_posted,ineligible,True,False,False,True,9.0,9.0,0.0068160797947892,0.0224130784929933,betonlineag,BetOnline.ag,betrivers,BetRivers,best_available_across_quoted_books,all_quoted_books,3ea3ed4f9423dd9e4a95e0e6fa3e4cb3,2026-08-20T07:33:47+00:00,model_production_20260820T073211591636Z,production,,1903fa8906375adb20d7fa5a4c3d1911678299de54d7959122a1b7f9302b498a,features_20260820T073209660318Z,1903fa8906375adb20d7fa5a4c3d1911678299de54d7959122a1b7f9302b498a,features_20260820T073209660318Z,paper
predict_20260820T074255683148Z_824802,predict_20260820T074255683148Z,2026-08-20T07:42:55+00:00,2026-08-20 00:00:00,824802,2026-08-20T22:35:00Z,BAL,NYY,Kyle Bradish,Gerrit Cole,0.4566832972731117,0.4855687606112054,0.427797833935018,0.0577709266761873,0.4580152671755725,-0.0013319699024608,114.0,-118.0,False,,False,lineups_not_posted,ineligible,True,False,False,True,8.0,8.0,0.0079557395830301,0.0265422726261837,betus,BetUS,betrivers,BetRivers,best_available_across_quoted_books,all_quoted_books,4641a1b30b5bae3cfb30564156dc2003,2026-08-20T07:42:55+00:00,model_production_20260820T073211591636Z,production,,e412e7aa5004777c19256e6e2ddd4c879a5b41f45b364456d950884e0b521e25,features_20260820T074254707458Z,1903fa8906375adb20d7fa5a4c3d1911678299de54d7959122a1b7f9302b498a,features_20260820T073209660318Z,paper
predict_20260820T074255683148Z_824474,predict_20260820T074255683148Z,2026-08-20T07:42:55+00:00,2026-08-20 00:00:00,824474,2026-08-20T16:40:00Z,CIN,STL,Brady Singer,Michael McGreevy,0.5149027972547882,0.4993065187239943,0.5304990757855821,0.0311925570615878,0.4812931347620777,0.0336096624927104,106.0,-110.0,False,,False,lineups_not_posted,ineligible,True,False,False,True,9.0,9.0,0.0040960800098889,0.0120432754907651,betus,BetUS,fanduel,FanDuel,best_available_across_quoted_books,all_quoted_books,48f1a38db4ac9c09c80dc35075975eff,2026-08-20T07:42:55+00:00,model_production_20260820T073211591636Z,production,,e412e7aa5004777c19256e6e2ddd4c879a5b41f45b364456d950884e0b521e25,features_20260820T074254707458Z,1903fa8906375adb20d7fa5a4c3d1911678299de54d7959122a1b7f9302b498a,features_20260820T073209660318Z,paper
predict_20260820T074255683148Z_824395,predict_20260820T074255683148Z,2026-08-20T07:42:55+00:00,2026-08-20 00:00:00,824395,2026-08-20T17:10:00Z,CLE,SF,Gavin Williams,Landen Roupp,0.527774550102398,0.5247933884297521,0.5307557117750439,0.0059623233452917,0.6274614156466205,-0.0996868655442224,-180.0,170.0,False,,False,lineups_not_posted,ineligible,True,False,False,True,9.0,9.0,0.0040689446604013,0.0142359119882405,lowvig,LowVig.ag,fanduel,FanDuel,best_available_across_quoted_books,all_quoted_books,2b7408aef064f311c0be470b8f761505,2026-08-20T07:42:55+00:00,model_production_20260820T073211591636Z,production,,e412e7aa5004777c19256e6e2ddd4c879a5b41f45b364456d950884e0b521e25,features_20260820T074254707458Z,1903fa8906375adb20d7fa5a4c3d1911678299de54d7959122a1b7f9302b498a,features_20260820T073209660318Z,paper
predict_20260820T074255683148Z_824589,predict_20260820T074255683148Z,2026-08-20T07:42:55+00:00,2026-08-20 00:00:00,824589,2026-08-20T18:10:00Z,CWS,ATL,Anthony Kay,Grant Holmes,0.4591405710572276,0.4240282685512368,0.4942528735632184,0.0702246050119815,0.4940634498480243,-0.0349228787907967,-101.0,-104.0,False,,False,lineups_not_posted,ineligible,True,False,False,True,9.0,9.0,0.0031215933321531,0.0092984332140033,draftkings,DraftKings,fanduel,FanDuel,best_available_across_quoted_books,all_quoted_books,0e5490a74e6eb5ea18cf0dc7b8cf02cd,2026-08-20T07:42:55+00:00,model_production_20260820T073211591636Z,production,,e412e7aa5004777c19256e6e2ddd4c879a5b41f45b364456d950884e0b521e25,features_20260820T074254707458Z,1903fa8906375adb20d7fa5a4c3d1911678299de54d7959122a1b7f9302b498a,features_20260820T073209660318Z,paper
predict_20260820T074255683148Z_824153,predict_20260820T074255683148Z,2026-08-20T07:42:55+00:00,2026-08-20 00:00:00,824153,2026-08-21T00:10:00Z,HOU,LAA,Peter Lambert,Grayson Rodriguez,0.6138905618170868,0.6091370558375634,0.6186440677966102,0.0095070119590467,0.6295547070574253,-0.0156641452403385,-185.0,167.0,False,,False,lineups_not_posted,ineligible,True,False,False,True,9.0,9.0,0.0038266530485468,0.0119435603194442,lowvig,LowVig.ag,lowvig,LowVig.ag,best_available_across_quoted_books,all_quoted_books,440aafab0430618ed61d5310ba093b5c,2026-08-20T07:42:55+00:00,model_production_20260820T073211591636Z,production,,e412e7aa5004777c19256e6e2ddd4c879a5b41f45b364456d950884e0b521e25,features_20260820T074254707458Z,1903fa8906375adb20d7fa5a4c3d1911678299de54d7959122a1b7f9302b498a,features_20260820T073209660318Z,paper
predict_20260820T074255683148Z_824074,predict_20260820T074255683148Z,2026-08-20T07:42:55+00:00,2026-08-20 00:00:00,824074,2026-08-20T18:10:00Z,KC,OAK,Randy Dobnak,Gage Jump,0.575129026460053,0.5703611457036114,0.5798969072164947,0.0095357615128832,0.5656654888103652,0.0094635376496878,-134.0,126.0,False,,False,lineups_not_posted,ineligible,True,False,False,True,9.0,9.0,0.0043921849202406,0.0157775402112965,fanduel,FanDuel,draftkings,DraftKings,best_available_across_quoted_books,all_quoted_books,2c82819af0ca03e16d0c12dddcaaf31f,2026-08-20T07:42:55+00:00,model_production_20260820T073211591636Z,production,,e412e7aa5004777c19256e6e2ddd4c879a5b41f45b364456d950884e0b521e25,features_20260820T074254707458Z,1903fa8906375adb20d7fa5a4c3d1911678299de54d7959122a1b7f9302b498a,features_20260820T073209660318Z,paper
predict_20260820T074255683148Z_823747,predict_20260820T074255683148Z,2026-08-20T07:42:55+00:00,2026-08-20 00:00:00,823747,2026-08-20T18:10:00Z,MIL,SEA,Robert Gasser,George Kirby,0.575129026460053,0.5703611457036114,0.5798969072164947,0.0095357615128832,0.5440238883060285,0.0311051381540244,-121.0,115.0,False,,False,lineups_not_posted,ineligible,True,False,False,True,9.0,9.0,0.0034814244064951,0.0106870532563203,draftkings,DraftKings,betus,BetUS,best_available_across_quoted_books,all_quoted_books,f71617a2d08c1daac109bf9f87e7ddae,2026-08-20T07:42:55+00:00,model_production_20260820T073211591636Z,production,,e412e7aa5004777c19256e6e2ddd4c879a5b41f45b364456d950884e0b521e25,features_20260820T074254707458Z,1903fa8906375adb20d7fa5a4c3d1911678299de54d7959122a1b7f9302b498a,features_20260820T073209660318Z,paper
predict_20260820T074255683148Z_822934,predict_20260820T074255683148Z,2026-08-20T07:42:55+00:00,2026-08-20 00:00:00,822934,2026-08-20T17:10:00Z,TB,TOR,Ian Seymour,Shane Bieber,0.527774550102398,0.5247933884297521,0.5307557117750439,0.0059623233452917,0.6047430830039525,-0.0769685329015544,-157.0,150.0,False,,False,lineups_not_posted,ineligible,True,False,False,True,9.0,9.0,0.0050485493081197,0.0165985721443064,betonlineag,BetOnline.ag,fanduel,FanDuel,best_available_across_quoted_books,all_quoted_books,3bcf2e3b041524ff81a10ccac32db220,2026-08-20T07:42:55+00:00,model_production_20260820T073211591636Z,production,,e412e7aa5004777c19256e6e2ddd4c879a5b41f45b364456d950884e0b521e25,features_20260820T074254707458Z,1903fa8906375adb20d7fa5a4c3d1911678299de54d7959122a1b7f9302b498a,features_20260820T073209660318Z,paper
predict_20260820T074255683148Z_822861,predict_20260820T074255683148Z,2026-08-20T07:42:55+00:00,2026-08-20 00:00:00,822861,2026-08-21T00:05:00Z,TEX,WSH,Jacob deGrom,Andrew Alvarez,0.572851805728518,0.5703611457036114,0.5753424657534246,0.0049813200498132,0.6029289650486903,-0.0300771593201722,-163.0,150.0,False,,False,lineups_not_posted,ineligible,True,False,False,True,9.0,9.0,0.0068160797947892,0.0224130784929933,betonlineag,BetOnline.ag,betrivers,BetRivers,best_available_across_quoted_books,all_quoted_books,3ea3ed4f9423dd9e4a95e0e6fa3e4cb3,2026-08-20T07:42:55+00:00,model_production_20260820T073211591636Z,production,,e412e7aa5004777c19256e6e2ddd4c879a5b41f45b364456d950884e0b521e25,features_20260820T074254707458Z,1903fa8906375adb20d7fa5a4c3d1911678299de54d7959122a1b7f9302b498a,features_20260820T073209660318Z,paper
predict_20260820T130952366862Z_824802,predict_20260820T130952366862Z,2026-08-20T13:09:52+00:00,2026-08-20 00:00:00,824802,2026-08-20T22:35:00Z,BAL,NYY,Kyle Bradish,Gerrit Cole,0.4566832972731117,0.4855687606112054,0.427797833935018,0.0577709266761873,0.4637436762225969,-0.0070603789494851,113.0,-118.0,False,,False,lineups_not_posted,ineligible,True,False,False,True,9.0,9.0,0.0041450753038574,0.0123800375024872,lowvig,LowVig.ag,fanduel,FanDuel,best_available_across_quoted_books,all_quoted_books,4641a1b30b5bae3cfb30564156dc2003,2026-08-20T13:09:52+00:00,model_production_20260820T073211591636Z,production,,8e502cb8298d54aa48ba8cd50e84b7c1b5e6a3a766e5dca4db41d959b7340ecc,features_20260820T130951120586Z,1903fa8906375adb20d7fa5a4c3d1911678299de54d7959122a1b7f9302b498a,features_20260820T073209660318Z,paper
predict_20260820T130952366862Z_824474,predict_20260820T130952366862Z,2026-08-20T13:09:52+00:00,2026-08-20 00:00:00,824474,2026-08-20T16:40:00Z,CIN,STL,Brady Singer,Michael McGreevy,0.5149027972547882,0.4993065187239943,0.5304990757855821,0.0311925570615878,0.4893196574762397,0.0255831397785484,104.0,-107.0,False,,False,lineups_not_posted,ineligible,True,False,False,True,9.0,9.0,0.006476238495319,0.0232865249997986,betrivers,BetRivers,betus,BetUS,best_available_across_quoted_books,all_quoted_books,48f1a38db4ac9c09c80dc35075975eff,2026-08-20T13:09:52+00:00,model_production_20260820T073211591636Z,production,,8e502cb8298d54aa48ba8cd50e84b7c1b5e6a3a766e5dca4db41d959b7340ecc,features_20260820T130951120586Z,1903fa8906375adb20d7fa5a4c3d1911678299de54d7959122a1b7f9302b498a,features_20260820T073209660318Z,paper
predict_20260820T130952366862Z_824395,predict_20260820T130952366862Z,2026-08-20T13:09:52+00:00,2026-08-20 00:00:00,824395,2026-08-20T17:10:00Z,CLE,SF,Gavin Williams,Landen Roupp,0.527774550102398,0.5247933884297521,0.5307557117750439,0.0059623233452917,0.6371516403769591,-0.1093770902745611,-177.0,176.0,False,,False,lineups_not_posted,ineligible,True,False,False,True,9.0,9.0,0.0054921023439188,0.0178110225064473,draftkings,DraftKings,fanduel,FanDuel,best_available_across_quoted_books,all_quoted_books,2b7408aef064f311c0be470b8f761505,2026-08-20T13:09:52+00:00,model_production_20260820T073211591636Z,production,,8e502cb8298d54aa48ba8cd50e84b7c1b5e6a3a766e5dca4db41d959b7340ecc,features_20260820T130951120586Z,1903fa8906375adb20d7fa5a4c3d1911678299de54d7959122a1b7f9302b498a,features_20260820T073209660318Z,paper
predict_20260820T130952366862Z_824589,predict_20260820T130952366862Z,2026-08-20T13:09:52+00:00,2026-08-20 00:00:00,824589,2026-08-20T18:10:00Z,CWS,ATL,Anthony Kay,Grant Holmes,0.4591405710572276,0.4240282685512368,0.4942528735632184,0.0702246050119815,0.4964387464387464,-0.0372981753815188,100.0,-105.0,False,,False,lineups_not_posted,ineligible,True,False,False,True,9.0,9.0,0.0053983153301193,0.0188470066518847,betrivers,BetRivers,draftkings,DraftKings,best_available_across_quoted_books,all_quoted_books,0e5490a74e6eb5ea18cf0dc7b8cf02cd,2026-08-20T13:09:52+00:00,model_production_20260820T073211591636Z,production,,8e502cb8298d54aa48ba8cd50e84b7c1b5e6a3a766e5dca4db41d959b7340ecc,features_20260820T130951120586Z,1903fa8906375adb20d7fa5a4c3d1911678299de54d7959122a1b7f9302b498a,features_20260820T073209660318Z,paper
predict_20260820T130952366862Z_824153,predict_20260820T130952366862Z,2026-08-20T13:09:52+00:00,2026-08-20 00:00:00,824153,2026-08-21T00:10:00Z,HOU,LAA,Peter Lambert,Grayson Rodriguez,0.6138905618170868,0.6091370558375634,0.6186440677966102,0.0095070119590467,0.6283024922451599,-0.014411930428073,-177.0,165.0,False,,False,lineups_not_posted,ineligible,True,False,False,True,9.0,9.0,0.0037622057466383,0.0122796836699572,draftkings,DraftKings,lowvig,LowVig.ag,best_available_across_quoted_books,all_quoted_books,440aafab0430618ed61d5310ba093b5c,2026-08-20T13:09:52+00:00,model_production_20260820T073211591636Z,production,,8e502cb8298d54aa48ba8cd50e84b7c1b5e6a3a766e5dca4db41d959b7340ecc,features_20260820T130951120586Z,1903fa8906375adb20d7fa5a4c3d1911678299de54d7959122a1b7f9302b498a,features_20260820T073209660318Z,paper
predict_20260820T130952366862Z_824074,predict_20260820T130952366862Z,2026-08-20T13:09:52+00:00,2026-08-20 00:00:00,824074,2026-08-20T18:10:00Z,KC,OAK,Randy Dobnak,Gage Jump,0.575129026460053,0.5703611457036114,0.5798969072164947,0.0095357615128832,0.5633576902512921,0.0117713362087609,-134.0,126.0,False,,False,lineups_not_posted,ineligible,True,False,False,True,9.0,9.0,0.0022495446476892,0.0073462522021704,fanduel,FanDuel,draftkings,DraftKings,best_available_across_quoted_books,all_quoted_books,2c82819af0ca03e16d0c12dddcaaf31f,2026-08-20T13:09:52+00:00,model_production_20260820T073211591636Z,production,,8e502cb8298d54aa48ba8cd50e84b7c1b5e6a3a766e5dca4db41d959b7340ecc,features_20260820T130951120586Z,1903fa8906375adb20d7fa5a4c3d1911678299de54d7959122a1b7f9302b498a,features_20260820T073209660318Z,paper
predict_20260820T130952366862Z_823747,predict_20260820T130952366862Z,2026-08-20T13:09:52+00:00,2026-08-20 00:00:00,823747,2026-08-20T18:10:00Z,MIL,SEA,Robert Gasser,George Kirby,0.575129026460053,0.5703611457036114,0.5798969072164947,0.0095357615128832,0.5480494766888677,0.0270795497711853,-124.0,119.0,False,,False,lineups_not_posted,ineligible,True,False,False,True,9.0,9.0,0.0057080618974842,0.0198057498939941,fanduel,FanDuel,draftkings,DraftKings,best_available_across_quoted_books,all_quoted_books,f71617a2d08c1daac109bf9f87e7ddae,2026-08-20T13:09:52+00:00,model_production_20260820T073211591636Z,production,,8e502cb8298d54aa48ba8cd50e84b7c1b5e6a3a766e5dca4db41d959b7340ecc,features_20260820T130951120586Z,1903fa8906375adb20d7fa5a4c3d1911678299de54d7959122a1b7f9302b498a,features_20260820T073209660318Z,paper
predict_20260820T130952366862Z_822934,predict_20260820T130952366862Z,2026-08-20T13:09:52+00:00,2026-08-20 00:00:00,822934,2026-08-20T17:10:00Z,TB,TOR,Ian Seymour,Shane Bieber,0.527774550102398,0.5247933884297521,0.5307557117750439,0.0059623233452917,0.6013875365141188,-0.0736129864117207,-159.0,150.0,False,,False,lineups_not_posted,ineligible,True,False,False,True,9.0,9.0,0.0036236065146867,0.0129043184797972,betonlineag,BetOnline.ag,fanduel,FanDuel,best_available_across_quoted_books,all_quoted_books,3bcf2e3b041524ff81a10ccac32db220,2026-08-20T13:09:52+00:00,model_production_20260820T073211591636Z,production,,8e502cb8298d54aa48ba8cd50e84b7c1b5e6a3a766e5dca4db41d959b7340ecc,features_20260820T130951120586Z,1903fa8906375adb20d7fa5a4c3d1911678299de54d7959122a1b7f9302b498a,features_20260820T073209660318Z,paper
predict_20260820T130952366862Z_822861,predict_20260820T130952366862Z,2026-08-20T13:09:52+00:00,2026-08-20 00:00:00,822861,2026-08-21T00:05:00Z,TEX,WSH,Jacob deGrom,Andrew Alvarez,0.572851805728518,0.5703611457036114,0.5753424657534246,0.0049813200498132,0.6033218181791591,-0.030470012450641,-160.0,152.0,False,,False,lineups_not_posted,ineligible,True,False,False,True,8.0,8.0,0.0048193054003637,0.0153240558523523,betus,BetUS,fanduel,FanDuel,best_available_across_quoted_books,all_quoted_books,3ea3ed4f9423dd9e4a95e0e6fa3e4cb3,2026-08-20T13:09:52+00:00,model_production_20260820T073211591636Z,production,,8e502cb8298d54aa48ba8cd50e84b7c1b5e6a3a766e5dca4db41d959b7340ecc,features_20260820T130951120586Z,1903fa8906375adb20d7fa5a4c3d1911678299de54d7959122a1b7f9302b498a,features_20260820T073209660318Z,paper
predict_20260820T144000826518Z_824802,predict_20260820T144000826518Z,2026-08-20T14:40:00+00:00,2026-08-20 00:00:00,824802,2026-08-20T22:35:00Z,BAL,NYY,Kyle Bradish,Gerrit Cole,0.4566832972731117,0.4855687606112054,0.427797833935018,0.0577709266761873,0.4672897196261682,-0.0106064223530564,111.0,-118.0,False,,False,lineups_not_posted,ineligible,True,False,False,True,9.0,9.0,0.003490562133068,0.0128349383839869,draftkings,DraftKings,fanduel,FanDuel,best_available_across_quoted_books,all_quoted_books,4641a1b30b5bae3cfb30564156dc2003,2026-08-20T14:40:00+00:00,model_production_20260820T073211591636Z,production,,8e502cb8298d54aa48ba8cd50e84b7c1b5e6a3a766e5dca4db41d959b7340ecc,features_20260820T130951120586Z,1903fa8906375adb20d7fa5a4c3d1911678299de54d7959122a1b7f9302b498a,features_20260820T073209660318Z,paper
predict_20260820T144000826518Z_824474,predict_20260820T144000826518Z,2026-08-20T14:40:00+00:00,2026-08-20 00:00:00,824474,2026-08-20T16:40:00Z,CIN,STL,Brady Singer,Michael McGreevy,0.5149027972547882,0.4993065187239943,0.5304990757855821,0.0311925570615878,0.4907015667859966,0.0242012304687915,100.0,-106.0,False,,True,,eligible_no_edge,True,True,True,True,9.0,9.0,0.0026389426040218,0.0086696403163977,fanduel,FanDuel,draftkings,DraftKings,best_available_across_quoted_books,all_quoted_books,48f1a38db4ac9c09c80dc35075975eff,2026-08-20T14:40:00+00:00,model_production_20260820T073211591636Z,production,,8e502cb8298d54aa48ba8cd50e84b7c1b5e6a3a766e5dca4db41d959b7340ecc,features_20260820T130951120586Z,1903fa8906375adb20d7fa5a4c3d1911678299de54d7959122a1b7f9302b498a,features_20260820T073209660318Z,paper
predict_20260820T144000826518Z_824395,predict_20260820T144000826518Z,2026-08-20T14:40:00+00:00,2026-08-20 00:00:00,824395,2026-08-20T17:10:00Z,CLE,SF,Gavin Williams,Landen Roupp,0.5505584287393277,0.5703611457036114,0.5307557117750439,0.0396054339285675,0.6465222348916762,-0.0959638061523484,-184.0,180.0,True,AWAY,True,,bet_candidate,True,True,True,True,9.0,9.0,0.0051840570345754,0.0151373142499273,draftkings,DraftKings,fanduel,FanDuel,best_available_across_quoted_books,all_quoted_books,2b7408aef064f311c0be470b8f761505,2026-08-20T14:40:00+00:00,model_production_20260820T073211591636Z,production,,8e502cb8298d54aa48ba8cd50e84b7c1b5e6a3a766e5dca4db41d959b7340ecc,features_20260820T130951120586Z,1903fa8906375adb20d7fa5a4c3d1911678299de54d7959122a1b7f9302b498a,features_20260820T073209660318Z,paper
predict_20260820T144000826518Z_824589,predict_20260820T144000826518Z,2026-08-20T14:40:00+00:00,2026-08-20 00:00:00,824589,2026-08-20T18:10:00Z,CWS,ATL,Anthony Kay,Grant Holmes,0.4591405710572276,0.4240282685512368,0.4942528735632184,0.0702246050119815,0.4964387464387464,-0.0372981753815188,-102.0,-105.0,False,,False,lineups_not_posted,ineligible,True,False,False,True,9.0,9.0,0.0040352528211633,0.0132775693357237,draftkings,DraftKings,draftkings,DraftKings,best_available_across_quoted_books,all_quoted_books,0e5490a74e6eb5ea18cf0dc7b8cf02cd,2026-08-20T14:40:00+00:00,model_production_20260820T073211591636Z,production,,8e502cb8298d54aa48ba8cd50e84b7c1b5e6a3a766e5dca4db41d959b7340ecc,features_20260820T130951120586Z,1903fa8906375adb20d7fa5a4c3d1911678299de54d7959122a1b7f9302b498a,features_20260820T073209660318Z,paper
predict_20260820T144000826518Z_824153,predict_20260820T144000826518Z,2026-08-20T14:40:00+00:00,2026-08-20 00:00:00,824153,2026-08-21T00:10:00Z,HOU,LAA,Peter Lambert,Grayson Rodriguez,0.6138905618170868,0.6091370558375634,0.6186440677966102,0.0095070119590467,0.6255648805681084,-0.0116743187510216,-174.0,164.0,False,,False,lineups_not_posted,ineligible,True,False,False,True,9.0,9.0,0.0043531028594258,0.0165125885455079,fanduel,FanDuel,draftkings,DraftKings,best_available_across_quoted_books,all_quoted_books,440aafab0430618ed61d5310ba093b5c,2026-08-20T14:40:00+00:00,model_production_20260820T073211591636Z,production,,8e502cb8298d54aa48ba8cd50e84b7c1b5e6a3a766e5dca4db41d959b7340ecc,features_20260820T130951120586Z,1903fa8906375adb20d7fa5a4c3d1911678299de54d7959122a1b7f9302b498a,features_20260820T073209660318Z,paper
predict_20260820T144000826518Z_824074,predict_20260820T144000826518Z,2026-08-20T14:40:00+00:00,2026-08-20 00:00:00,824074,2026-08-20T18:10:00Z,KC,OAK,Randy Dobnak,Gage Jump,0.575129026460053,0.5703611457036114,0.5798969072164947,0.0095357615128832,0.5619290100344466,0.0132000164256064,-134.0,126.0,False,,False,lineups_not_posted,ineligible,True,False,False,True,9.0,9.0,0.0038014562476083,0.0111502366206943,fanduel,FanDuel,draftkings,DraftKings,best_available_across_quoted_books,all_quoted_books,2c82819af0ca03e16d0c12dddcaaf31f,2026-08-20T14:40:00+00:00,model_production_20260820T073211591636Z,production,,8e502cb8298d54aa48ba8cd50e84b7c1b5e6a3a766e5dca4db41d959b7340ecc,features_20260820T130951120586Z,1903fa8906375adb20d7fa5a4c3d1911678299de54d7959122a1b7f9302b498a,features_20260820T073209660318Z,paper
predict_20260820T144000826518Z_823747,predict_20260820T144000826518Z,2026-08-20T14:40:00+00:00,2026-08-20 00:00:00,823747,2026-08-20T18:10:00Z,MIL,SEA,Robert Gasser,George Kirby,0.575129026460053,0.5703611457036114,0.5798969072164947,0.0095357615128832,0.5480494766888677,0.0270795497711853,-124.0,119.0,False,,False,lineups_not_posted,ineligible,True,False,False,True,9.0,9.0,0.004477144783403,0.0148752397167364,fanduel,FanDuel,draftkings,DraftKings,best_available_across_quoted_books,all_quoted_books,f71617a2d08c1daac109bf9f87e7ddae,2026-08-20T14:40:00+00:00,model_production_20260820T073211591636Z,production,,8e502cb8298d54aa48ba8cd50e84b7c1b5e6a3a766e5dca4db41d959b7340ecc,features_20260820T130951120586Z,1903fa8906375adb20d7fa5a4c3d1911678299de54d7959122a1b7f9302b498a,features_20260820T073209660318Z,paper
predict_20260820T144000826518Z_822934,predict_20260820T144000826518Z,2026-08-20T14:40:00+00:00,2026-08-20 00:00:00,822934,2026-08-20T17:10:00Z,TB,TOR,Ian Seymour,Shane Bieber,0.527774550102398,0.5247933884297521,0.5307557117750439,0.0059623233452917,0.6013875365141188,-0.0736129864117207,-158.0,149.0,True,AWAY,True,,bet_candidate,True,True,True,True,9.0,9.0,0.0024860036005324,0.0097057524268026,fanduel,FanDuel,draftkings,DraftKings,best_available_across_quoted_books,all_quoted_books,3bcf2e3b041524ff81a10ccac32db220,2026-08-20T14:40:00+00:00,model_production_20260820T073211591636Z,production,,8e502cb8298d54aa48ba8cd50e84b7c1b5e6a3a766e5dca4db41d959b7340ecc,features_20260820T130951120586Z,1903fa8906375adb20d7fa5a4c3d1911678299de54d7959122a1b7f9302b498a,features_20260820T073209660318Z,paper
predict_20260820T144000826518Z_822861,predict_20260820T144000826518Z,2026-08-20T14:40:00+00:00,2026-08-20 00:00:00,822861,2026-08-21T00:05:00Z,TEX,WSH,Jacob deGrom,Andrew Alvarez,0.572851805728518,0.5703611457036114,0.5753424657534246,0.0049813200498132,0.6012269938650306,-0.0283751881365126,-158.0,152.0,False,,False,lineups_not_posted,ineligible,True,False,False,True,9.0,9.0,0.0062921190422101,0.023792166026283,draftkings,DraftKings,fanduel,FanDuel,best_available_across_quoted_books,all_quoted_books,3ea3ed4f9423dd9e4a95e0e6fa3e4cb3,2026-08-20T14:40:00+00:00,model_production_20260820T073211591636Z,production,,8e502cb8298d54aa48ba8cd50e84b7c1b5e6a3a766e5dca4db41d959b7340ecc,features_20260820T130951120586Z,1903fa8906375adb20d7fa5a4c3d1911678299de54d7959122a1b7f9302b498a,features_20260820T073209660318Z,paper
predict_20260820T151001717558Z_824802,predict_20260820T151001717558Z,2026-08-20T15:10:01+00:00,2026-08-20 00:00:00,824802,2026-08-20T22:35:00Z,BAL,NYY,Kyle Bradish,Gerrit Cole,0.4566832972731117,0.4855687606112054,0.427797833935018,0.0577709266761873,0.4672897196261682,-0.0106064223530564,111.0,-118.0,False,,False,lineups_not_posted,ineligible,True,False,False,True,9.0,9.0,0.0023520987743752,0.0080451767413008,draftkings,DraftKings,fanduel,FanDuel,best_available_across_quoted_books,all_quoted_books,4641a1b30b5bae3cfb30564156dc2003,2026-08-20T15:10:01+00:00,model_production_20260820T073211591636Z,production,,8e502cb8298d54aa48ba8cd50e84b7c1b5e6a3a766e5dca4db41d959b7340ecc,features_20260820T130951120586Z,1903fa8906375adb20d7fa5a4c3d1911678299de54d7959122a1b7f9302b498a,features_20260820T073209660318Z,paper
predict_20260820T151001717558Z_824474,predict_20260820T151001717558Z,2026-08-20T15:10:01+00:00,2026-08-20 00:00:00,824474,2026-08-20T16:40:00Z,CIN,STL,Brady Singer,Michael McGreevy,0.5149027972547882,0.4993065187239943,0.5304990757855821,0.0311925570615878,0.4907015667859966,0.0242012304687915,100.0,-106.0,False,,True,,eligible_no_edge,True,True,True,True,9.0,9.0,0.0036374431669978,0.0119393550971435,fanduel,FanDuel,draftkings,DraftKings,best_available_across_quoted_books,all_quoted_books,48f1a38db4ac9c09c80dc35075975eff,2026-08-20T15:10:01+00:00,model_production_20260820T073211591636Z,production,,8e502cb8298d54aa48ba8cd50e84b7c1b5e6a3a766e5dca4db41d959b7340ecc,features_20260820T130951120586Z,1903fa8906375adb20d7fa5a4c3d1911678299de54d7959122a1b7f9302b498a,features_20260820T073209660318Z,paper
predict_20260820T151001717558Z_824395,predict_20260820T151001717558Z,2026-08-20T15:10:01+00:00,2026-08-20 00:00:00,824395,2026-08-20T17:10:00Z,CLE,SF,Gavin Williams,Landen Roupp,0.5505584287393277,0.5703611457036114,0.5307557117750439,0.0396054339285675,0.6511627906976745,-0.1006043619583467,-195.0,186.0,True,AWAY,True,,bet_candidate,True,True,True,True,9.0,9.0,0.0052649249613876,0.0172188668841133,betrivers,BetRivers,fanduel,FanDuel,best_available_across_quoted_books,all_quoted_books,2b7408aef064f311c0be470b8f761505,2026-08-20T15:10:01+00:00,model_production_20260820T073211591636Z,production,,8e502cb8298d54aa48ba8cd50e84b7c1b5e6a3a766e5dca4db41d959b7340ecc,features_20260820T130951120586Z,1903fa8906375adb20d7fa5a4c3d1911678299de54d7959122a1b7f9302b498a,features_20260820T073209660318Z,paper
predict_20260820T151001717558Z_824589,predict_20260820T151001717558Z,2026-08-20T15:10:01+00:00,2026-08-20 00:00:00,824589,2026-08-20T18:10:00Z,CWS,ATL,Anthony Kay,Grant Holmes,0.4902296357800553,0.4855687606112054,0.4948905109489051,0.0093217503376997,0.4956702459300312,-0.0054406101499758,-102.0,-105.0,False,,False,lineups_not_posted,ineligible,True,False,True,True,9.0,9.0,0.0041585502783529,0.0144072310009996,draftkings,DraftKings,draftkings,DraftKings,best_available_across_quoted_books,all_quoted_books,0e5490a74e6eb5ea18cf0dc7b8cf02cd,2026-08-20T15:10:01+00:00,model_production_20260820T073211591636Z,production,,8e502cb8298d54aa48ba8cd50e84b7c1b5e6a3a766e5dca4db41d959b7340ecc,features_20260820T130951120586Z,1903fa8906375adb20d7fa5a4c3d1911678299de54d7959122a1b7f9302b498a,features_20260820T073209660318Z,paper
predict_20260820T151001717558Z_824153,predict_20260820T151001717558Z,2026-08-20T15:10:01+00:00,2026-08-20 00:00:00,824153,2026-08-21T00:10:00Z,HOU,LAA,Peter Lambert,Grayson Rodriguez,0.6138905618170868,0.6091370558375634,0.6186440677966102,0.0095070119590467,0.6255648805681084,-0.0116743187510216,-174.0,164.0,False,,False,lineups_not_posted,ineligible,True,False,False,True,9.0,9.0,0.0042263305141065,0.0165125885455079,fanduel,FanDuel,draftkings,DraftKings,best_available_across_quoted_books,all_quoted_books,440aafab0430618ed61d5310ba093b5c,2026-08-20T15:10:01+00:00,model_production_20260820T073211591636Z,production,,8e502cb8298d54aa48ba8cd50e84b7c1b5e6a3a766e5dca4db41d959b7340ecc,features_20260820T130951120586Z,1903fa8906375adb20d7fa5a4c3d1911678299de54d7959122a1b7f9302b498a,features_20260820T073209660318Z,paper
predict_20260820T151001717558Z_824074,predict_20260820T151001717558Z,2026-08-20T15:10:01+00:00,2026-08-20 00:00:00,824074,2026-08-20T18:10:00Z,KC,OAK,Randy Dobnak,Gage Jump,0.5868916850492953,0.5938864628820961,0.5798969072164947,0.0139895556656014,0.5619290100344466,0.0249626750148487,-134.0,126.0,False,,False,lineups_not_posted,ineligible,True,False,True,True,9.0,9.0,0.0035414943940553,0.0111502366206943,fanduel,FanDuel,draftkings,DraftKings,best_available_across_quoted_books,all_quoted_books,2c82819af0ca03e16d0c12dddcaaf31f,2026-08-20T15:10:01+00:00,model_production_20260820T073211591636Z,production,,8e502cb8298d54aa48ba8cd50e84b7c1b5e6a3a766e5dca4db41d959b7340ecc,features_20260820T130951120586Z,1903fa8906375adb20d7fa5a4c3d1911678299de54d7959122a1b7f9302b498a,features_20260820T073209660318Z,paper
predict_20260820T151001717558Z_823747,predict_20260820T151001717558Z,2026-08-20T15:10:01+00:00,2026-08-20 00:00:00,823747,2026-08-20T18:10:00Z,MIL,SEA,Robert Gasser,George Kirby,0.575129026460053,0.5703611457036114,0.5798969072164947,0.0095357615128832,0.5480494766888677,0.0270795497711853,-124.0,119.0,False,,False,lineups_not_posted,ineligible,True,False,False,True,9.0,9.0,0.0044899222286266,0.0148752397167364,fanduel,FanDuel,draftkings,DraftKings,best_available_across_quoted_books,all_quoted_books,f71617a2d08c1daac109bf9f87e7ddae,2026-08-20T15:10:01+00:00,model_production_20260820T073211591636Z,production,,8e502cb8298d54aa48ba8cd50e84b7c1b5e6a3a766e5dca4db41d959b7340ecc,features_20260820T130951120586Z,1903fa8906375adb20d7fa5a4c3d1911678299de54d7959122a1b7f9302b498a,features_20260820T073209660318Z,paper
predict_20260820T151001717558Z_822934,predict_20260820T151001717558Z,2026-08-20T15:10:01+00:00,2026-08-20 00:00:00,822934,2026-08-20T17:10:00Z,TB,TOR,Ian Seymour,Shane Bieber,0.527774550102398,0.5247933884297521,0.5307557117750439,0.0059623233452917,0.6017699115044248,-0.0739953614020267,-159.0,149.0,True,AWAY,True,,bet_candidate,True,True,True,True,9.0,9.0,0.0025261337682912,0.0081382237827576,betonlineag,BetOnline.ag,draftkings,DraftKings,best_available_across_quoted_books,all_quoted_books,3bcf2e3b041524ff81a10ccac32db220,2026-08-20T15:10:01+00:00,model_production_20260820T073211591636Z,production,,8e502cb8298d54aa48ba8cd50e84b7c1b5e6a3a766e5dca4db41d959b7340ecc,features_20260820T130951120586Z,1903fa8906375adb20d7fa5a4c3d1911678299de54d7959122a1b7f9302b498a,features_20260820T073209660318Z,paper
predict_20260820T151001717558Z_822861,predict_20260820T151001717558Z,2026-08-20T15:10:01+00:00,2026-08-20 00:00:00,822861,2026-08-21T00:05:00Z,TEX,WSH,Jacob deGrom,Andrew Alvarez,0.572851805728518,0.5703611457036114,0.5753424657534246,0.0049813200498132,0.6012269938650306,-0.0283751881365126,-158.0,152.0,False,,False,lineups_not_posted,ineligible,True,False,False,True,9.0,9.0,0.0062921190422101,0.023792166026283,draftkings,DraftKings,fanduel,FanDuel,best_available_across_quoted_books,all_quoted_books,3ea3ed4f9423dd9e4a95e0e6fa3e4cb3,2026-08-20T15:10:01+00:00,model_production_20260820T073211591636Z,production,,8e502cb8298d54aa48ba8cd50e84b7c1b5e6a3a766e5dca4db41d959b7340ecc,features_20260820T130951120586Z,1903fa8906375adb20d7fa5a4c3d1911678299de54d7959122a1b7f9302b498a,features_20260820T073209660318Z,paper
predict_20260820T161001759818Z_824802,predict_20260820T161001759818Z,2026-08-20T16:10:01+00:00,2026-08-20 00:00:00,824802,2026-08-20T22:35:00Z,BAL,NYY,Kyle Bradish,Gerrit Cole,0.4566832972731117,0.4855687606112054,0.427797833935018,0.0577709266761873,0.4893196574762397,-0.0326363602031279,105.0,-107.0,False,,False,lineups_not_posted,ineligible,True,False,False,True,9.0,9.0,0.0084751241950157,0.0278209082400338,betrivers,BetRivers,lowvig,LowVig.ag,best_available_across_quoted_books,all_quoted_books,4641a1b30b5bae3cfb30564156dc2003,2026-08-20T16:10:01+00:00,model_production_20260820T073211591636Z,production,,8e502cb8298d54aa48ba8cd50e84b7c1b5e6a3a766e5dca4db41d959b7340ecc,features_20260820T130951120586Z,1903fa8906375adb20d7fa5a4c3d1911678299de54d7959122a1b7f9302b498a,features_20260820T073209660318Z,paper
predict_20260820T161001759818Z_824474,predict_20260820T161001759818Z,2026-08-20T16:10:01+00:00,2026-08-20 00:00:00,824474,2026-08-20T16:40:00Z,CIN,STL,Brady Singer,Michael McGreevy,0.5149027972547882,0.4993065187239943,0.5304990757855821,0.0311925570615878,0.4907015667859966,0.0242012304687915,100.0,-106.0,False,,True,,eligible_no_edge,True,True,True,True,9.0,9.0,0.0019823992680453,0.0061199235331337,fanduel,FanDuel,draftkings,DraftKings,best_available_across_quoted_books,all_quoted_books,48f1a38db4ac9c09c80dc35075975eff,2026-08-20T16:10:01+00:00,model_production_20260820T073211591636Z,production,,8e502cb8298d54aa48ba8cd50e84b7c1b5e6a3a766e5dca4db41d959b7340ecc,features_20260820T130951120586Z,1903fa8906375adb20d7fa5a4c3d1911678299de54d7959122a1b7f9302b498a,features_20260820T073209660318Z,paper
predict_20260820T161001759818Z_824395,predict_20260820T161001759818Z,2026-08-20T16:10:01+00:00,2026-08-20 00:00:00,824395,2026-08-20T17:10:00Z,CLE,SF,Gavin Williams,Landen Roupp,0.5505584287393277,0.5703611457036114,0.5307557117750439,0.0396054339285675,0.6512395136205109,-0.1006810848811832,-196.0,190.0,True,AWAY,True,,bet_candidate,True,True,True,True,9.0,9.0,0.0064073023966112,0.0174217090971222,draftkings,DraftKings,fanduel,FanDuel,best_available_across_quoted_books,all_quoted_books,2b7408aef064f311c0be470b8f761505,2026-08-20T16:10:01+00:00,model_production_20260820T073211591636Z,production,,8e502cb8298d54aa48ba8cd50e84b7c1b5e6a3a766e5dca4db41d959b7340ecc,features_20260820T130951120586Z,1903fa8906375adb20d7fa5a4c3d1911678299de54d7959122a1b7f9302b498a,features_20260820T073209660318Z,paper
predict_20260820T161001759818Z_824589,predict_20260820T161001759818Z,2026-08-20T16:10:01+00:00,2026-08-20 00:00:00,824589,2026-08-20T18:10:00Z,CWS,ATL,Anthony Kay,Grant Holmes,0.4902296357800553,0.4855687606112054,0.4948905109489051,0.0093217503376997,0.5,-0.0097703642199447,-102.0,-105.0,False,,True,,eligible_no_edge,True,True,True,True,9.0,9.0,0.0039612598332206,0.0144569663253266,draftkings,DraftKings,draftkings,DraftKings,best_available_across_quoted_books,all_quoted_books,0e5490a74e6eb5ea18cf0dc7b8cf02cd,2026-08-20T16:10:01+00:00,model_production_20260820T073211591636Z,production,,8e502cb8298d54aa48ba8cd50e84b7c1b5e6a3a766e5dca4db41d959b7340ecc,features_20260820T130951120586Z,1903fa8906375adb20d7fa5a4c3d1911678299de54d7959122a1b7f9302b498a,features_20260820T073209660318Z,paper
predict_20260820T161001759818Z_824153,predict_20260820T161001759818Z,2026-08-20T16:10:01+00:00,2026-08-20 00:00:00,824153,2026-08-21T00:10:00Z,HOU,LAA,Peter Lambert,Grayson Rodriguez,0.6138905618170868,0.6091370558375634,0.6186440677966102,0.0095070119590467,0.6274614156466205,-0.0135708538295337,-177.0,164.0,False,,False,lineups_not_posted,ineligible,True,False,False,True,9.0,9.0,0.004140221838049,0.0165125885455079,draftkings,DraftKings,fanduel,FanDuel,best_available_across_quoted_books,all_quoted_books,440aafab0430618ed61d5310ba093b5c,2026-08-20T16:10:01+00:00,model_production_20260820T073211591636Z,production,,8e502cb8298d54aa48ba8cd50e84b7c1b5e6a3a766e5dca4db41d959b7340ecc,features_20260820T130951120586Z,1903fa8906375adb20d7fa5a4c3d1911678299de54d7959122a1b7f9302b498a,features_20260820T073209660318Z,paper
predict_20260820T161001759818Z_824074,predict_20260820T161001759818Z,2026-08-20T16:10:01+00:00,2026-08-20 00:00:00,824074,2026-08-20T18:10:00Z,KC,OAK,Randy Dobnak,Gage Jump,0.5868916850492953,0.5938864628820961,0.5798969072164947,0.0139895556656014,0.5539593349939177,0.0329323500553776,-128.0,123.0,False,,True,,eligible_no_edge,True,True,True,True,9.0,9.0,0.0041150362915466,0.0138857884614163,fanduel,FanDuel,betrivers,BetRivers,best_available_across_quoted_books,all_quoted_books,2c82819af0ca03e16d0c12dddcaaf31f,2026-08-20T16:10:01+00:00,model_production_20260820T073211591636Z,production,,8e502cb8298d54aa48ba8cd50e84b7c1b5e6a3a766e5dca4db41d959b7340ecc,features_20260820T130951120586Z,1903fa8906375adb20d7fa5a4c3d1911678299de54d7959122a1b7f9302b498a,features_20260820T073209660318Z,paper
predict_20260820T161001759818Z_823747,predict_20260820T161001759818Z,2026-08-20T16:10:01+00:00,2026-08-20 00:00:00,823747,2026-08-20T18:10:00Z,MIL,SEA,Robert Gasser,George Kirby,0.575129026460053,0.5703611457036114,0.5798969072164947,0.0095357615128832,0.5520062329567589,0.0231227935032941,-125.0,120.0,False,,False,lineups_not_posted,ineligible,True,False,True,True,9.0,9.0,0.0057048009791796,0.0207011471662675,betrivers,BetRivers,draftkings,DraftKings,best_available_across_quoted_books,all_quoted_books,f71617a2d08c1daac109bf9f87e7ddae,2026-08-20T16:10:01+00:00,model_production_20260820T073211591636Z,production,,8e502cb8298d54aa48ba8cd50e84b7c1b5e6a3a766e5dca4db41d959b7340ecc,features_20260820T130951120586Z,1903fa8906375adb20d7fa5a4c3d1911678299de54d7959122a1b7f9302b498a,features_20260820T073209660318Z,paper
predict_20260820T161001759818Z_822934,predict_20260820T161001759818Z,2026-08-20T16:10:01+00:00,2026-08-20 00:00:00,822934,2026-08-20T17:10:00Z,TB,TOR,Ian Seymour,Shane Bieber,0.527774550102398,0.5247933884297521,0.5307557117750439,0.0059623233452917,0.6017699115044248,-0.0739953614020267,-158.0,148.0,True,AWAY,True,,bet_candidate,True,True,True,True,9.0,9.0,0.0024485041535813,0.0081723846039645,draftkings,DraftKings,fanduel,FanDuel,best_available_across_quoted_books,all_quoted_books,3bcf2e3b041524ff81a10ccac32db220,2026-08-20T16:10:01+00:00,model_production_20260820T073211591636Z,production,,8e502cb8298d54aa48ba8cd50e84b7c1b5e6a3a766e5dca4db41d959b7340ecc,features_20260820T130951120586Z,1903fa8906375adb20d7fa5a4c3d1911678299de54d7959122a1b7f9302b498a,features_20260820T073209660318Z,paper
predict_20260820T161001759818Z_822861,predict_20260820T161001759818Z,2026-08-20T16:10:01+00:00,2026-08-20 00:00:00,822861,2026-08-21T00:05:00Z,TEX,WSH,Jacob deGrom,Andrew Alvarez,0.572851805728518,0.5703611457036114,0.5753424657534246,0.0049813200498132,0.6012269938650306,-0.0283751881365126,-158.0,152.0,False,,False,lineups_not_posted,ineligible,True,False,False,True,9.0,9.0,0.0046559640446286,0.0184946598106113,draftkings,DraftKings,fanduel,FanDuel,best_available_across_quoted_books,all_quoted_books,3ea3ed4f9423dd9e4a95e0e6fa3e4cb3,2026-08-20T16:10:01+00:00,model_production_20260820T073211591636Z,production,,8e502cb8298d54aa48ba8cd50e84b7c1b5e6a3a766e5dca4db41d959b7340ecc,features_20260820T130951120586Z,1903fa8906375adb20d7fa5a4c3d1911678299de54d7959122a1b7f9302b498a,features_20260820T073209660318Z,paper
predict_20260820T163001606198Z_824802,predict_20260820T163001606198Z,2026-08-20T16:30:01+00:00,2026-08-20 00:00:00,824802,2026-08-20T22:35:00Z,BAL,NYY,Kyle Bradish,Gerrit Cole,0.4566832972731117,0.4855687606112054,0.427797833935018,0.0577709266761873,0.4905660377358491,-0.0338827404627373,105.0,-107.0,False,,False,lineups_not_posted,ineligible,True,False,False,True,9.0,9.0,0.0081055005825541,0.0278209082400338,betrivers,BetRivers,lowvig,LowVig.ag,best_available_across_quoted_books,all_quoted_books,4641a1b30b5bae3cfb30564156dc2003,2026-08-20T16:30:01+00:00,model_production_20260820T073211591636Z,production,,8e502cb8298d54aa48ba8cd50e84b7c1b5e6a3a766e5dca4db41d959b7340ecc,features_20260820T130951120586Z,1903fa8906375adb20d7fa5a4c3d1911678299de54d7959122a1b7f9302b498a,features_20260820T073209660318Z,paper
predict_20260820T163001606198Z_824474,predict_20260820T163001606198Z,2026-08-20T16:30:01+00:00,2026-08-20 00:00:00,824474,2026-08-20T16:40:00Z,CIN,STL,Brady Singer,Michael McGreevy,0.5149027972547882,0.4993065187239943,0.5304990757855821,0.0311925570615878,0.49447293951185,0.0204298577429381,100.0,-105.0,False,,True,,eligible_no_edge,True,True,True,True,9.0,9.0,0.0041104201295234,0.0100960244099434,fanduel,FanDuel,lowvig,LowVig.ag,best_available_across_quoted_books,all_quoted_books,48f1a38db4ac9c09c80dc35075975eff,2026-08-20T16:30:01+00:00,model_production_20260820T073211591636Z,production,,8e502cb8298d54aa48ba8cd50e84b7c1b5e6a3a766e5dca4db41d959b7340ecc,features_20260820T130951120586Z,1903fa8906375adb20d7fa5a4c3d1911678299de54d7959122a1b7f9302b498a,features_20260820T073209660318Z,paper
predict_20260820T163001606198Z_824395,predict_20260820T163001606198Z,2026-08-20T16:30:01+00:00,2026-08-20 00:00:00,824395,2026-08-20T17:10:00Z,CLE,SF,Gavin Williams,Landen Roupp,0.5505584287393277,0.5703611457036114,0.5307557117750439,0.0396054339285675,0.6512395136205109,-0.1006810848811832,-196.0,190.0,True,AWAY,True,,bet_candidate,True,True,True,True,9.0,9.0,0.0064073023966112,0.0174217090971222,draftkings,DraftKings,fanduel,FanDuel,best_available_across_quoted_books,all_quoted_books,2b7408aef064f311c0be470b8f761505,2026-08-20T16:30:01+00:00,model_production_20260820T073211591636Z,production,,8e502cb8298d54aa48ba8cd50e84b7c1b5e6a3a766e5dca4db41d959b7340ecc,features_20260820T130951120586Z,1903fa8906375adb20d7fa5a4c3d1911678299de54d7959122a1b7f9302b498a,features_20260820T073209660318Z,paper
predict_20260820T163001606198Z_824589,predict_20260820T163001606198Z,2026-08-20T16:30:01+00:00,2026-08-20 00:00:00,824589,2026-08-20T18:10:00Z,CWS,ATL,Anthony Kay,Grant Holmes,0.4902296357800553,0.4855687606112054,0.4948905109489051,0.0093217503376997,0.5,-0.0097703642199447,-102.0,-102.0,False,,True,,eligible_no_edge,True,True,True,True,9.0,9.0,0.0056032696387738,0.0181128725092633,draftkings,DraftKings,lowvig,LowVig.ag,best_available_across_quoted_books,all_quoted_books,0e5490a74e6eb5ea18cf0dc7b8cf02cd,2026-08-20T16:30:01+00:00,model_production_20260820T073211591636Z,production,,8e502cb8298d54aa48ba8cd50e84b7c1b5e6a3a766e5dca4db41d959b7340ecc,features_20260820T130951120586Z,1903fa8906375adb20d7fa5a4c3d1911678299de54d7959122a1b7f9302b498a,features_20260820T073209660318Z,paper
predict_20260820T163001606198Z_824153,predict_20260820T163001606198Z,2026-08-20T16:30:01+00:00,2026-08-20 00:00:00,824153,2026-08-21T00:10:00Z,HOU,LAA,Peter Lambert,Grayson Rodriguez,0.6138905618170868,0.6091370558375634,0.6186440677966102,0.0095070119590467,0.6274614156466205,-0.0135708538295337,-177.0,164.0,False,,False,lineups_not_posted,ineligible,True,False,False,True,9.0,9.0,0.004140221838049,0.0165125885455079,draftkings,DraftKings,fanduel,FanDuel,best_available_across_quoted_books,all_quoted_books,440aafab0430618ed61d5310ba093b5c,2026-08-20T16:30:01+00:00,model_production_20260820T073211591636Z,production,,8e502cb8298d54aa48ba8cd50e84b7c1b5e6a3a766e5dca4db41d959b7340ecc,features_20260820T130951120586Z,1903fa8906375adb20d7fa5a4c3d1911678299de54d7959122a1b7f9302b498a,features_20260820T073209660318Z,paper
predict_20260820T163001606198Z_824074,predict_20260820T163001606198Z,2026-08-20T16:30:01+00:00,2026-08-20 00:00:00,824074,2026-08-20T18:10:00Z,KC,OAK,Randy Dobnak,Gage Jump,0.5868916850492953,0.5938864628820961,0.5798969072164947,0.0139895556656014,0.5539593349939177,0.0329323500553776,-128.0,123.0,False,,True,,eligible_no_edge,True,True,True,True,9.0,9.0,0.0041150362915466,0.0138857884614163,fanduel,FanDuel,betrivers,BetRivers,best_available_across_quoted_books,all_quoted_books,2c82819af0ca03e16d0c12dddcaaf31f,2026-08-20T16:30:01+00:00,model_production_20260820T073211591636Z,production,,8e502cb8298d54aa48ba8cd50e84b7c1b5e6a3a766e5dca4db41d959b7340ecc,features_20260820T130951120586Z,1903fa8906375adb20d7fa5a4c3d1911678299de54d7959122a1b7f9302b498a,features_20260820T073209660318Z,paper
predict_20260820T163001606198Z_823747,predict_20260820T163001606198Z,2026-08-20T16:30:01+00:00,2026-08-20 00:00:00,823747,2026-08-20T18:10:00Z,MIL,SEA,Robert Gasser,George Kirby,0.572851805728518,0.5703611457036114,0.5753424657534246,0.0049813200498132,0.5534321372854915,0.0194196684430265,-126.0,120.0,False,,True,,eligible_no_edge,True,True,True,True,9.0,9.0,0.006242733428652,0.0208324591053759,fanduel,FanDuel,lowvig,LowVig.ag,best_available_across_quoted_books,all_quoted_books,f71617a2d08c1daac109bf9f87e7ddae,2026-08-20T16:30:01+00:00,model_production_20260820T073211591636Z,production,,8e502cb8298d54aa48ba8cd50e84b7c1b5e6a3a766e5dca4db41d959b7340ecc,features_20260820T130951120586Z,1903fa8906375adb20d7fa5a4c3d1911678299de54d7959122a1b7f9302b498a,features_20260820T073209660318Z,paper
predict_20260820T163001606198Z_822934,predict_20260820T163001606198Z,2026-08-20T16:30:01+00:00,2026-08-20 00:00:00,822934,2026-08-20T17:10:00Z,TB,TOR,Ian Seymour,Shane Bieber,0.527774550102398,0.5247933884297521,0.5307557117750439,0.0059623233452917,0.6017699115044248,-0.0739953614020267,-158.0,148.0,True,AWAY,True,,bet_candidate,True,True,True,True,9.0,9.0,0.0024485041535813,0.0081723846039645,draftkings,DraftKings,fanduel,FanDuel,best_available_across_quoted_books,all_quoted_books,3bcf2e3b041524ff81a10ccac32db220,2026-08-20T16:30:01+00:00,model_production_20260820T073211591636Z,production,,8e502cb8298d54aa48ba8cd50e84b7c1b5e6a3a766e5dca4db41d959b7340ecc,features_20260820T130951120586Z,1903fa8906375adb20d7fa5a4c3d1911678299de54d7959122a1b7f9302b498a,features_20260820T073209660318Z,paper
predict_20260820T163001606198Z_822861,predict_20260820T163001606198Z,2026-08-20T16:30:01+00:00,2026-08-20 00:00:00,822861,2026-08-21T00:05:00Z,TEX,WSH,Jacob deGrom,Andrew Alvarez,0.572851805728518,0.5703611457036114,0.5753424657534246,0.0049813200498132,0.6095115980883552,-0.0366597923598371,-163.0,158.0,False,,False,lineups_not_posted,ineligible,True,False,False,True,9.0,9.0,0.0069591987419669,0.0198046577775421,betonlineag,BetOnline.ag,fanduel,FanDuel,best_available_across_quoted_books,all_quoted_books,3ea3ed4f9423dd9e4a95e0e6fa3e4cb3,2026-08-20T16:30:01+00:00,model_production_20260820T073211591636Z,production,,8e502cb8298d54aa48ba8cd50e84b7c1b5e6a3a766e5dca4db41d959b7340ecc,features_20260820T130951120586Z,1903fa8906375adb20d7fa5a4c3d1911678299de54d7959122a1b7f9302b498a,features_20260820T073209660318Z,paper
predict_20260820T163001620583Z_824802,predict_20260820T163001620583Z,2026-08-20T16:30:01+00:00,2026-08-20 00:00:00,824802,2026-08-20T22:35:00Z,BAL,NYY,Kyle Bradish,Gerrit Cole,0.4566832972731117,0.4855687606112054,0.427797833935018,0.0577709266761873,0.4905660377358491,-0.0338827404627373,105.0,-107.0,False,,False,lineups_not_posted,ineligible,True,False,False,True,9.0,9.0,0.0081055005825541,0.0278209082400338,betrivers,BetRivers,lowvig,LowVig.ag,best_available_across_quoted_books,all_quoted_books,4641a1b30b5bae3cfb30564156dc2003,2026-08-20T16:30:01+00:00,model_production_20260820T073211591636Z,production,,8e502cb8298d54aa48ba8cd50e84b7c1b5e6a3a766e5dca4db41d959b7340ecc,features_20260820T130951120586Z,1903fa8906375adb20d7fa5a4c3d1911678299de54d7959122a1b7f9302b498a,features_20260820T073209660318Z,paper
predict_20260820T163001620583Z_824474,predict_20260820T163001620583Z,2026-08-20T16:30:01+00:00,2026-08-20 00:00:00,824474,2026-08-20T16:40:00Z,CIN,STL,Brady Singer,Michael McGreevy,0.5149027972547882,0.4993065187239943,0.5304990757855821,0.0311925570615878,0.49447293951185,0.0204298577429381,100.0,-105.0,False,,True,,eligible_no_edge,True,True,True,True,9.0,9.0,0.0041104201295234,0.0100960244099434,fanduel,FanDuel,lowvig,LowVig.ag,best_available_across_quoted_books,all_quoted_books,48f1a38db4ac9c09c80dc35075975eff,2026-08-20T16:30:01+00:00,model_production_20260820T073211591636Z,production,,8e502cb8298d54aa48ba8cd50e84b7c1b5e6a3a766e5dca4db41d959b7340ecc,features_20260820T130951120586Z,1903fa8906375adb20d7fa5a4c3d1911678299de54d7959122a1b7f9302b498a,features_20260820T073209660318Z,paper
predict_20260820T163001620583Z_824395,predict_20260820T163001620583Z,2026-08-20T16:30:01+00:00,2026-08-20 00:00:00,824395,2026-08-20T17:10:00Z,CLE,SF,Gavin Williams,Landen Roupp,0.5505584287393277,0.5703611457036114,0.5307557117750439,0.0396054339285675,0.6512395136205109,-0.1006810848811832,-196.0,190.0,True,AWAY,True,,bet_candidate,True,True,True,True,9.0,9.0,0.0064073023966112,0.0174217090971222,draftkings,DraftKings,fanduel,FanDuel,best_available_across_quoted_books,all_quoted_books,2b7408aef064f311c0be470b8f761505,2026-08-20T16:30:01+00:00,model_production_20260820T073211591636Z,production,,8e502cb8298d54aa48ba8cd50e84b7c1b5e6a3a766e5dca4db41d959b7340ecc,features_20260820T130951120586Z,1903fa8906375adb20d7fa5a4c3d1911678299de54d7959122a1b7f9302b498a,features_20260820T073209660318Z,paper
predict_20260820T163001620583Z_824589,predict_20260820T163001620583Z,2026-08-20T16:30:01+00:00,2026-08-20 00:00:00,824589,2026-08-20T18:10:00Z,CWS,ATL,Anthony Kay,Grant Holmes,0.4902296357800553,0.4855687606112054,0.4948905109489051,0.0093217503376997,0.5,-0.0097703642199447,-102.0,-102.0,False,,True,,eligible_no_edge,True,True,True,True,9.0,9.0,0.0056032696387738,0.0181128725092633,draftkings,DraftKings,lowvig,LowVig.ag,best_available_across_quoted_books,all_quoted_books,0e5490a74e6eb5ea18cf0dc7b8cf02cd,2026-08-20T16:30:01+00:00,model_production_20260820T073211591636Z,production,,8e502cb8298d54aa48ba8cd50e84b7c1b5e6a3a766e5dca4db41d959b7340ecc,features_20260820T130951120586Z,1903fa8906375adb20d7fa5a4c3d1911678299de54d7959122a1b7f9302b498a,features_20260820T073209660318Z,paper
predict_20260820T163001620583Z_824153,predict_20260820T163001620583Z,2026-08-20T16:30:01+00:00,2026-08-20 00:00:00,824153,2026-08-21T00:10:00Z,HOU,LAA,Peter Lambert,Grayson Rodriguez,0.6138905618170868,0.6091370558375634,0.6186440677966102,0.0095070119590467,0.6274614156466205,-0.0135708538295337,-177.0,164.0,False,,False,lineups_not_posted,ineligible,True,False,False,True,9.0,9.0,0.004140221838049,0.0165125885455079,draftkings,DraftKings,fanduel,FanDuel,best_available_across_quoted_books,all_quoted_books,440aafab0430618ed61d5310ba093b5c,2026-08-20T16:30:01+00:00,model_production_20260820T073211591636Z,production,,8e502cb8298d54aa48ba8cd50e84b7c1b5e6a3a766e5dca4db41d959b7340ecc,features_20260820T130951120586Z,1903fa8906375adb20d7fa5a4c3d1911678299de54d7959122a1b7f9302b498a,features_20260820T073209660318Z,paper
predict_20260820T163001620583Z_824074,predict_20260820T163001620583Z,2026-08-20T16:30:01+00:00,2026-08-20 00:00:00,824074,2026-08-20T18:10:00Z,KC,OAK,Randy Dobnak,Gage Jump,0.5868916850492953,0.5938864628820961,0.5798969072164947,0.0139895556656014,0.5539593349939177,0.0329323500553776,-128.0,123.0,False,,True,,eligible_no_edge,True,True,True,True,9.0,9.0,0.0041150362915466,0.0138857884614163,fanduel,FanDuel,betrivers,BetRivers,best_available_across_quoted_books,all_quoted_books,2c82819af0ca03e16d0c12dddcaaf31f,2026-08-20T16:30:01+00:00,model_production_20260820T073211591636Z,production,,8e502cb8298d54aa48ba8cd50e84b7c1b5e6a3a766e5dca4db41d959b7340ecc,features_20260820T130951120586Z,1903fa8906375adb20d7fa5a4c3d1911678299de54d7959122a1b7f9302b498a,features_20260820T073209660318Z,paper
predict_20260820T163001620583Z_823747,predict_20260820T163001620583Z,2026-08-20T16:30:01+00:00,2026-08-20 00:00:00,823747,2026-08-20T18:10:00Z,MIL,SEA,Robert Gasser,George Kirby,0.572851805728518,0.5703611457036114,0.5753424657534246,0.0049813200498132,0.5534321372854915,0.0194196684430265,-126.0,120.0,False,,True,,eligible_no_edge,True,True,True,True,9.0,9.0,0.006242733428652,0.0208324591053759,fanduel,FanDuel,lowvig,LowVig.ag,best_available_across_quoted_books,all_quoted_books,f71617a2d08c1daac109bf9f87e7ddae,2026-08-20T16:30:01+00:00,model_production_20260820T073211591636Z,production,,8e502cb8298d54aa48ba8cd50e84b7c1b5e6a3a766e5dca4db41d959b7340ecc,features_20260820T130951120586Z,1903fa8906375adb20d7fa5a4c3d1911678299de54d7959122a1b7f9302b498a,features_20260820T073209660318Z,paper
predict_20260820T163001620583Z_822934,predict_20260820T163001620583Z,2026-08-20T16:30:01+00:00,2026-08-20 00:00:00,822934,2026-08-20T17:10:00Z,TB,TOR,Ian Seymour,Shane Bieber,0.527774550102398,0.5247933884297521,0.5307557117750439,0.0059623233452917,0.6017699115044248,-0.0739953614020267,-158.0,148.0,True,AWAY,True,,bet_candidate,True,True,True,True,9.0,9.0,0.0024485041535813,0.0081723846039645,draftkings,DraftKings,fanduel,FanDuel,best_available_across_quoted_books,all_quoted_books,3bcf2e3b041524ff81a10ccac32db220,2026-08-20T16:30:01+00:00,model_production_20260820T073211591636Z,production,,8e502cb8298d54aa48ba8cd50e84b7c1b5e6a3a766e5dca4db41d959b7340ecc,features_20260820T130951120586Z,1903fa8906375adb20d7fa5a4c3d1911678299de54d7959122a1b7f9302b498a,features_20260820T073209660318Z,paper
predict_20260820T163001620583Z_822861,predict_20260820T163001620583Z,2026-08-20T16:30:01+00:00,2026-08-20 00:00:00,822861,2026-08-21T00:05:00Z,TEX,WSH,Jacob deGrom,Andrew Alvarez,0.572851805728518,0.5703611457036114,0.5753424657534246,0.0049813200498132,0.6095115980883552,-0.0366597923598371,-163.0,158.0,False,,False,lineups_not_posted,ineligible,True,False,False,True,9.0,9.0,0.0069591987419669,0.0198046577775421,betonlineag,BetOnline.ag,fanduel,FanDuel,best_available_across_quoted_books,all_quoted_books,3ea3ed4f9423dd9e4a95e0e6fa3e4cb3,2026-08-20T16:30:01+00:00,model_production_20260820T073211591636Z,production,,8e502cb8298d54aa48ba8cd50e84b7c1b5e6a3a766e5dca4db41d959b7340ecc,features_20260820T130951120586Z,1903fa8906375adb20d7fa5a4c3d1911678299de54d7959122a1b7f9302b498a,features_20260820T073209660318Z,paper
predict_20260820T203500727185Z_824802,predict_20260820T203500727185Z,2026-08-20T20:35:00+00:00,2026-08-20 00:00:00,824802,2026-08-20T22:35:00Z,BAL,NYY,Kyle Bradish,Gerrit Cole,0.4259130512431274,0.4240282685512368,0.427797833935018,0.0037695653837812,0.5,-0.0740869487568726,102.0,-104.0,True,AWAY,True,,bet_candidate,True,True,True,True,9.0,9.0,0.005398249136628,0.0164368244790895,draftkings,DraftKings,lowvig,LowVig.ag,best_available_across_quoted_books,all_quoted_books,4641a1b30b5bae3cfb30564156dc2003,2026-08-20T20:35:00+00:00,model_production_20260820T073211591636Z,production,,8e502cb8298d54aa48ba8cd50e84b7c1b5e6a3a766e5dca4db41d959b7340ecc,features_20260820T130951120586Z,1903fa8906375adb20d7fa5a4c3d1911678299de54d7959122a1b7f9302b498a,features_20260820T073209660318Z,paper
predict_20260820T203500727185Z_824474,predict_20260820T203500727185Z,2026-08-20T20:35:00+00:00,2026-08-20 00:00:00,824474,2026-08-20T16:40:00Z,CIN,STL,Brady Singer,Michael McGreevy,0.5149027972547882,0.4993065187239943,0.5304990757855821,0.0311925570615878,,,,,False,,False,market_missing_or_thin,ineligible,True,True,True,False,,,,,,,,,,,,2026-08-20T20:35:00+00:00,model_production_20260820T073211591636Z,production,,8e502cb8298d54aa48ba8cd50e84b7c1b5e6a3a766e5dca4db41d959b7340ecc,features_20260820T130951120586Z,1903fa8906375adb20d7fa5a4c3d1911678299de54d7959122a1b7f9302b498a,features_20260820T073209660318Z,paper
predict_20260820T203500727185Z_824395,predict_20260820T203500727185Z,2026-08-20T20:35:00+00:00,2026-08-20 00:00:00,824395,2026-08-20T17:10:00Z,CLE,SF,Gavin Williams,Landen Roupp,0.5505584287393277,0.5703611457036114,0.5307557117750439,0.0396054339285675,,,,,False,,False,market_missing_or_thin,ineligible,True,True,True,False,,,,,,,,,,,,2026-08-20T20:35:00+00:00,model_production_20260820T073211591636Z,production,,8e502cb8298d54aa48ba8cd50e84b7c1b5e6a3a766e5dca4db41d959b7340ecc,features_20260820T130951120586Z,1903fa8906375adb20d7fa5a4c3d1911678299de54d7959122a1b7f9302b498a,features_20260820T073209660318Z,paper
predict_20260820T203500727185Z_824589,predict_20260820T203500727185Z,2026-08-20T20:35:00+00:00,2026-08-20 00:00:00,824589,2026-08-20T18:10:00Z,CWS,ATL,Anthony Kay,Grant Holmes,0.4747179827471798,0.4545454545454545,0.4948905109489051,0.0403450564034505,,,,,False,,False,market_missing_or_thin,ineligible,True,True,True,False,,,,,,,,,,,,2026-08-20T20:35:00+00:00,model_production_20260820T073211591636Z,production,,8e502cb8298d54aa48ba8cd50e84b7c1b5e6a3a766e5dca4db41d959b7340ecc,features_20260820T130951120586Z,1903fa8906375adb20d7fa5a4c3d1911678299de54d7959122a1b7f9302b498a,features_20260820T073209660318Z,paper
predict_20260820T203500727185Z_824153,predict_20260820T203500727185Z,2026-08-20T20:35:00+00:00,2026-08-20 00:00:00,824153,2026-08-21T00:10:00Z,HOU,LAA,Peter Lambert,Grayson Rodriguez,0.6138905618170868,0.6091370558375634,0.6186440677966102,0.0095070119590467,0.6264616717193591,-0.0125711099022722,-176.0,164.0,False,,False,lineups_not_posted,ineligible,True,False,True,True,9.0,9.0,0.0033083022137028,0.0117814301293036,draftkings,DraftKings,fanduel,FanDuel,best_available_across_quoted_books,all_quoted_books,440aafab0430618ed61d5310ba093b5c,2026-08-20T20:35:00+00:00,model_production_20260820T073211591636Z,production,,8e502cb8298d54aa48ba8cd50e84b7c1b5e6a3a766e5dca4db41d959b7340ecc,features_20260820T130951120586Z,1903fa8906375adb20d7fa5a4c3d1911678299de54d7959122a1b7f9302b498a,features_20260820T073209660318Z,paper
predict_20260820T203500727185Z_824074,predict_20260820T203500727185Z,2026-08-20T20:35:00+00:00,2026-08-20 00:00:00,824074,2026-08-20T18:10:00Z,KC,OAK,Randy Dobnak,Gage Jump,0.575129026460053,0.5703611457036114,0.5798969072164947,0.0095357615128832,0.9203440411101668,-0.3452150146501138,-2000.0,1400.0,False,,True,,eligible_no_edge,True,True,True,True,6.0,6.0,0.0100956318265181,0.0296020636867256,fanduel,FanDuel,fanduel,FanDuel,best_available_across_quoted_books,all_quoted_books,2c82819af0ca03e16d0c12dddcaaf31f,2026-08-20T20:35:00+00:00,model_production_20260820T073211591636Z,production,,8e502cb8298d54aa48ba8cd50e84b7c1b5e6a3a766e5dca4db41d959b7340ecc,features_20260820T130951120586Z,1903fa8906375adb20d7fa5a4c3d1911678299de54d7959122a1b7f9302b498a,features_20260820T073209660318Z,paper
predict_20260820T203500727185Z_823747,predict_20260820T203500727185Z,2026-08-20T20:35:00+00:00,2026-08-20 00:00:00,823747,2026-08-20T18:10:00Z,MIL,SEA,Robert Gasser,George Kirby,0.572851805728518,0.5703611457036114,0.5753424657534246,0.0049813200498132,0.9088642560969118,-0.3360124503683938,-1450.0,1200.0,False,,True,,eligible_no_edge,True,True,True,True,6.0,6.0,0.0118383888134932,0.0348971531008788,fanduel,FanDuel,fanduel,FanDuel,best_available_across_quoted_books,all_quoted_books,f71617a2d08c1daac109bf9f87e7ddae,2026-08-20T20:35:00+00:00,model_production_20260820T073211591636Z,production,,8e502cb8298d54aa48ba8cd50e84b7c1b5e6a3a766e5dca4db41d959b7340ecc,features_20260820T130951120586Z,1903fa8906375adb20d7fa5a4c3d1911678299de54d7959122a1b7f9302b498a,features_20260820T073209660318Z,paper
predict_20260820T203500727185Z_822934,predict_20260820T203500727185Z,2026-08-20T20:35:00+00:00,2026-08-20 00:00:00,822934,2026-08-20T17:10:00Z,TB,TOR,Ian Seymour,Shane Bieber,0.527774550102398,0.5247933884297521,0.5307557117750439,0.0059623233452917,,,,,False,,False,market_missing_or_thin,ineligible,True,True,True,False,,,,,,,,,,,,2026-08-20T20:35:00+00:00,model_production_20260820T073211591636Z,production,,8e502cb8298d54aa48ba8cd50e84b7c1b5e6a3a766e5dca4db41d959b7340ecc,features_20260820T130951120586Z,1903fa8906375adb20d7fa5a4c3d1911678299de54d7959122a1b7f9302b498a,features_20260820T073209660318Z,paper
predict_20260820T203500727185Z_822861,predict_20260820T203500727185Z,2026-08-20T20:35:00+00:00,2026-08-20 00:00:00,822861,2026-08-21T00:05:00Z,TEX,WSH,Jacob deGrom,Andrew Alvarez,0.575129026460053,0.5703611457036114,0.5798969072164947,0.0095357615128832,0.6187679333988927,-0.0436389069388396,-167.0,159.0,False,,False,lineups_not_posted,ineligible,True,False,True,True,9.0,9.0,0.006692869565498,0.0226886920132584,betrivers,BetRivers,betonlineag,BetOnline.ag,best_available_across_quoted_books,all_quoted_books,3ea3ed4f9423dd9e4a95e0e6fa3e4cb3,2026-08-20T20:35:00+00:00,model_production_20260820T073211591636Z,production,,8e502cb8298d54aa48ba8cd50e84b7c1b5e6a3a766e5dca4db41d959b7340ecc,features_20260820T130951120586Z,1903fa8906375adb20d7fa5a4c3d1911678299de54d7959122a1b7f9302b498a,features_20260820T073209660318Z,paper
predict_20260820T220500728577Z_824802,predict_20260820T220500728577Z,2026-08-20T22:05:00+00:00,2026-08-20 00:00:00,824802,2026-08-20T22:35:00Z,BAL,NYY,Kyle Bradish,Gerrit Cole,0.4259130512431274,0.4240282685512368,0.427797833935018,0.0037695653837812,0.4966843501326259,-0.0707712988894985,-102.0,-104.0,True,AWAY,True,,bet_candidate,True,True,True,True,9.0,9.0,0.0016196314284916,0.0047143126532151,fanduel,FanDuel,draftkings,DraftKings,best_available_across_quoted_books,all_quoted_books,4641a1b30b5bae3cfb30564156dc2003,2026-08-20T22:05:00+00:00,model_production_20260820T073211591636Z,production,,8e502cb8298d54aa48ba8cd50e84b7c1b5e6a3a766e5dca4db41d959b7340ecc,features_20260820T130951120586Z,1903fa8906375adb20d7fa5a4c3d1911678299de54d7959122a1b7f9302b498a,features_20260820T073209660318Z,paper
predict_20260820T220500728577Z_824474,predict_20260820T220500728577Z,2026-08-20T22:05:00+00:00,2026-08-20 00:00:00,824474,2026-08-20T16:40:00Z,CIN,STL,Brady Singer,Michael McGreevy,0.5149027972547882,0.4993065187239943,0.5304990757855821,0.0311925570615878,,,,,False,,False,market_missing_or_thin,ineligible,True,True,True,False,,,,,,,,,,,,2026-08-20T22:05:00+00:00,model_production_20260820T073211591636Z,production,,8e502cb8298d54aa48ba8cd50e84b7c1b5e6a3a766e5dca4db41d959b7340ecc,features_20260820T130951120586Z,1903fa8906375adb20d7fa5a4c3d1911678299de54d7959122a1b7f9302b498a,features_20260820T073209660318Z,paper
predict_20260820T220500728577Z_824395,predict_20260820T220500728577Z,2026-08-20T22:05:00+00:00,2026-08-20 00:00:00,824395,2026-08-20T17:10:00Z,CLE,SF,Gavin Williams,Landen Roupp,0.5505584287393277,0.5703611457036114,0.5307557117750439,0.0396054339285675,,,,,False,,False,market_missing_or_thin,ineligible,True,True,True,False,,,,,,,,,,,,2026-08-20T22:05:00+00:00,model_production_20260820T073211591636Z,production,,8e502cb8298d54aa48ba8cd50e84b7c1b5e6a3a766e5dca4db41d959b7340ecc,features_20260820T130951120586Z,1903fa8906375adb20d7fa5a4c3d1911678299de54d7959122a1b7f9302b498a,features_20260820T073209660318Z,paper
predict_20260820T220500728577Z_824589,predict_20260820T220500728577Z,2026-08-20T22:05:00+00:00,2026-08-20 00:00:00,824589,2026-08-20T18:10:00Z,CWS,ATL,Anthony Kay,Grant Holmes,0.4747179827471798,0.4545454545454545,0.4948905109489051,0.0403450564034505,,,,,False,,False,market_missing_or_thin,ineligible,True,True,True,False,,,,,,,,,,,,2026-08-20T22:05:00+00:00,model_production_20260820T073211591636Z,production,,8e502cb8298d54aa48ba8cd50e84b7c1b5e6a3a766e5dca4db41d959b7340ecc,features_20260820T130951120586Z,1903fa8906375adb20d7fa5a4c3d1911678299de54d7959122a1b7f9302b498a,features_20260820T073209660318Z,paper
predict_20260820T220500728577Z_824153,predict_20260820T220500728577Z,2026-08-20T22:05:00+00:00,2026-08-20 00:00:00,824153,2026-08-21T00:10:00Z,HOU,LAA,Peter Lambert,Grayson Rodriguez,0.5868916850492953,0.5938864628820961,0.5798969072164947,0.0139895556656014,0.6288125965945868,-0.0419209115452914,-180.0,168.0,False,,True,,eligible_no_edge,True,True,True,True,9.0,9.0,0.0033887380143944,0.0091558317271152,fanduel,FanDuel,draftkings,DraftKings,best_available_across_quoted_books,all_quoted_books,440aafab0430618ed61d5310ba093b5c,2026-08-20T22:05:00+00:00,model_production_20260820T073211591636Z,production,,8e502cb8298d54aa48ba8cd50e84b7c1b5e6a3a766e5dca4db41d959b7340ecc,features_20260820T130951120586Z,1903fa8906375adb20d7fa5a4c3d1911678299de54d7959122a1b7f9302b498a,features_20260820T073209660318Z,paper
predict_20260820T220500728577Z_824074,predict_20260820T220500728577Z,2026-08-20T22:05:00+00:00,2026-08-20 00:00:00,824074,2026-08-20T18:10:00Z,KC,OAK,Randy Dobnak,Gage Jump,0.575129026460053,0.5703611457036114,0.5798969072164947,0.0095357615128832,,,,,False,,False,market_missing_or_thin,ineligible,True,True,True,False,,,,,,,,,,,,2026-08-20T22:05:00+00:00,model_production_20260820T073211591636Z,production,,8e502cb8298d54aa48ba8cd50e84b7c1b5e6a3a766e5dca4db41d959b7340ecc,features_20260820T130951120586Z,1903fa8906375adb20d7fa5a4c3d1911678299de54d7959122a1b7f9302b498a,features_20260820T073209660318Z,paper
predict_20260820T220500728577Z_823747,predict_20260820T220500728577Z,2026-08-20T22:05:00+00:00,2026-08-20 00:00:00,823747,2026-08-20T18:10:00Z,MIL,SEA,Robert Gasser,George Kirby,0.572851805728518,0.5703611457036114,0.5753424657534246,0.0049813200498132,,,,,False,,False,market_missing_or_thin,ineligible,True,True,True,False,,,,,,,,,,,,2026-08-20T22:05:00+00:00,model_production_20260820T073211591636Z,production,,8e502cb8298d54aa48ba8cd50e84b7c1b5e6a3a766e5dca4db41d959b7340ecc,features_20260820T130951120586Z,1903fa8906375adb20d7fa5a4c3d1911678299de54d7959122a1b7f9302b498a,features_20260820T073209660318Z,paper
predict_20260820T220500728577Z_822934,predict_20260820T220500728577Z,2026-08-20T22:05:00+00:00,2026-08-20 00:00:00,822934,2026-08-20T17:10:00Z,TB,TOR,Ian Seymour,Shane Bieber,0.527774550102398,0.5247933884297521,0.5307557117750439,0.0059623233452917,,,,,False,,False,market_missing_or_thin,ineligible,True,True,True,False,,,,,,,,,,,,2026-08-20T22:05:00+00:00,model_production_20260820T073211591636Z,production,,8e502cb8298d54aa48ba8cd50e84b7c1b5e6a3a766e5dca4db41d959b7340ecc,features_20260820T130951120586Z,1903fa8906375adb20d7fa5a4c3d1911678299de54d7959122a1b7f9302b498a,features_20260820T073209660318Z,paper
predict_20260820T220500728577Z_822861,predict_20260820T220500728577Z,2026-08-20T22:05:00+00:00,2026-08-20 00:00:00,822861,2026-08-21T00:05:00Z,TEX,WSH,Jacob deGrom,Andrew Alvarez,0.6138905618170868,0.6091370558375634,0.6186440677966102,0.0095070119590467,0.6255648805681084,-0.0116743187510216,-177.0,168.0,False,,True,,eligible_no_edge,True,True,True,True,9.0,9.0,0.003355338390284,0.0125872666426563,betonlineag,BetOnline.ag,draftkings,DraftKings,best_available_across_quoted_books,all_quoted_books,3ea3ed4f9423dd9e4a95e0e6fa3e4cb3,2026-08-20T22:05:00+00:00,model_production_20260820T073211591636Z,production,,8e502cb8298d54aa48ba8cd50e84b7c1b5e6a3a766e5dca4db41d959b7340ecc,features_20260820T130951120586Z,1903fa8906375adb20d7fa5a4c3d1911678299de54d7959122a1b7f9302b498a,features_20260820T073209660318Z,paper
predict_20260820T221000668302Z_824802,predict_20260820T221000668302Z,2026-08-20T22:10:00+00:00,2026-08-20 00:00:00,824802,2026-08-20T22:35:00Z,BAL,NYY,Kyle Bradish,Gerrit Cole,0.4259130512431274,0.4240282685512368,0.427797833935018,0.0037695653837812,0.4966843501326259,-0.0707712988894985,102.0,-104.0,True,AWAY,True,,bet_candidate,True,True,True,True,9.0,9.0,0.0073189108344373,0.0251600704739805,betrivers,BetRivers,draftkings,DraftKings,best_available_across_quoted_books,all_quoted_books,4641a1b30b5bae3cfb30564156dc2003,2026-08-20T22:10:00+00:00,model_production_20260820T073211591636Z,production,,8e502cb8298d54aa48ba8cd50e84b7c1b5e6a3a766e5dca4db41d959b7340ecc,features_20260820T130951120586Z,1903fa8906375adb20d7fa5a4c3d1911678299de54d7959122a1b7f9302b498a,features_20260820T073209660318Z,paper
predict_20260820T221000668302Z_824474,predict_20260820T221000668302Z,2026-08-20T22:10:00+00:00,2026-08-20 00:00:00,824474,2026-08-20T16:40:00Z,CIN,STL,Brady Singer,Michael McGreevy,0.5149027972547882,0.4993065187239943,0.5304990757855821,0.0311925570615878,,,,,False,,False,market_missing_or_thin,ineligible,True,True,True,False,,,,,,,,,,,,2026-08-20T22:10:00+00:00,model_production_20260820T073211591636Z,production,,8e502cb8298d54aa48ba8cd50e84b7c1b5e6a3a766e5dca4db41d959b7340ecc,features_20260820T130951120586Z,1903fa8906375adb20d7fa5a4c3d1911678299de54d7959122a1b7f9302b498a,features_20260820T073209660318Z,paper
predict_20260820T221000668302Z_824395,predict_20260820T221000668302Z,2026-08-20T22:10:00+00:00,2026-08-20 00:00:00,824395,2026-08-20T17:10:00Z,CLE,SF,Gavin Williams,Landen Roupp,0.5505584287393277,0.5703611457036114,0.5307557117750439,0.0396054339285675,,,,,False,,False,market_missing_or_thin,ineligible,True,True,True,False,,,,,,,,,,,,2026-08-20T22:10:00+00:00,model_production_20260820T073211591636Z,production,,8e502cb8298d54aa48ba8cd50e84b7c1b5e6a3a766e5dca4db41d959b7340ecc,features_20260820T130951120586Z,1903fa8906375adb20d7fa5a4c3d1911678299de54d7959122a1b7f9302b498a,features_20260820T073209660318Z,paper
predict_20260820T221000668302Z_824589,predict_20260820T221000668302Z,2026-08-20T22:10:00+00:00,2026-08-20 00:00:00,824589,2026-08-20T18:10:00Z,CWS,ATL,Anthony Kay,Grant Holmes,0.4747179827471798,0.4545454545454545,0.4948905109489051,0.0403450564034505,,,,,False,,False,market_missing_or_thin,ineligible,True,True,True,False,,,,,,,,,,,,2026-08-20T22:10:00+00:00,model_production_20260820T073211591636Z,production,,8e502cb8298d54aa48ba8cd50e84b7c1b5e6a3a766e5dca4db41d959b7340ecc,features_20260820T130951120586Z,1903fa8906375adb20d7fa5a4c3d1911678299de54d7959122a1b7f9302b498a,features_20260820T073209660318Z,paper
predict_20260820T221000668302Z_824153,predict_20260820T221000668302Z,2026-08-20T22:10:00+00:00,2026-08-20 00:00:00,824153,2026-08-21T00:10:00Z,HOU,LAA,Peter Lambert,Grayson Rodriguez,0.5868916850492953,0.5938864628820961,0.5798969072164947,0.0139895556656014,0.6288125965945868,-0.0419209115452914,-180.0,168.0,False,,True,,eligible_no_edge,True,True,True,True,9.0,9.0,0.0033887380143944,0.0091558317271152,fanduel,FanDuel,draftkings,DraftKings,best_available_across_quoted_books,all_quoted_books,440aafab0430618ed61d5310ba093b5c,2026-08-20T22:10:00+00:00,model_production_20260820T073211591636Z,production,,8e502cb8298d54aa48ba8cd50e84b7c1b5e6a3a766e5dca4db41d959b7340ecc,features_20260820T130951120586Z,1903fa8906375adb20d7fa5a4c3d1911678299de54d7959122a1b7f9302b498a,features_20260820T073209660318Z,paper
predict_20260820T221000668302Z_824074,predict_20260820T221000668302Z,2026-08-20T22:10:00+00:00,2026-08-20 00:00:00,824074,2026-08-20T18:10:00Z,KC,OAK,Randy Dobnak,Gage Jump,0.575129026460053,0.5703611457036114,0.5798969072164947,0.0095357615128832,,,,,False,,False,market_missing_or_thin,ineligible,True,True,True,False,,,,,,,,,,,,2026-08-20T22:10:00+00:00,model_production_20260820T073211591636Z,production,,8e502cb8298d54aa48ba8cd50e84b7c1b5e6a3a766e5dca4db41d959b7340ecc,features_20260820T130951120586Z,1903fa8906375adb20d7fa5a4c3d1911678299de54d7959122a1b7f9302b498a,features_20260820T073209660318Z,paper
predict_20260820T221000668302Z_823747,predict_20260820T221000668302Z,2026-08-20T22:10:00+00:00,2026-08-20 00:00:00,823747,2026-08-20T18:10:00Z,MIL,SEA,Robert Gasser,George Kirby,0.572851805728518,0.5703611457036114,0.5753424657534246,0.0049813200498132,,,,,False,,False,market_missing_or_thin,ineligible,True,True,True,False,,,,,,,,,,,,2026-08-20T22:10:00+00:00,model_production_20260820T073211591636Z,production,,8e502cb8298d54aa48ba8cd50e84b7c1b5e6a3a766e5dca4db41d959b7340ecc,features_20260820T130951120586Z,1903fa8906375adb20d7fa5a4c3d1911678299de54d7959122a1b7f9302b498a,features_20260820T073209660318Z,paper
predict_20260820T221000668302Z_822934,predict_20260820T221000668302Z,2026-08-20T22:10:00+00:00,2026-08-20 00:00:00,822934,2026-08-20T17:10:00Z,TB,TOR,Ian Seymour,Shane Bieber,0.527774550102398,0.5247933884297521,0.5307557117750439,0.0059623233452917,,,,,False,,False,market_missing_or_thin,ineligible,True,True,True,False,,,,,,,,,,,,2026-08-20T22:10:00+00:00,model_production_20260820T073211591636Z,production,,8e502cb8298d54aa48ba8cd50e84b7c1b5e6a3a766e5dca4db41d959b7340ecc,features_20260820T130951120586Z,1903fa8906375adb20d7fa5a4c3d1911678299de54d7959122a1b7f9302b498a,features_20260820T073209660318Z,paper
predict_20260820T221000668302Z_822861,predict_20260820T221000668302Z,2026-08-20T22:10:00+00:00,2026-08-20 00:00:00,822861,2026-08-21T00:05:00Z,TEX,WSH,Jacob deGrom,Andrew Alvarez,0.6138905618170868,0.6091370558375634,0.6186440677966102,0.0095070119590467,0.6255648805681084,-0.0116743187510216,-177.0,168.0,False,,True,,eligible_no_edge,True,True,True,True,9.0,9.0,0.003355338390284,0.0125872666426563,betonlineag,BetOnline.ag,draftkings,DraftKings,best_available_across_quoted_books,all_quoted_books,3ea3ed4f9423dd9e4a95e0e6fa3e4cb3,2026-08-20T22:10:00+00:00,model_production_20260820T073211591636Z,production,,8e502cb8298d54aa48ba8cd50e84b7c1b5e6a3a766e5dca4db41d959b7340ecc,features_20260820T130951120586Z,1903fa8906375adb20d7fa5a4c3d1911678299de54d7959122a1b7f9302b498a,features_20260820T073209660318Z,paper
predict_20260820T230626791156Z_825045,predict_20260820T230626791156Z,2026-08-20T23:06:26+00:00,2026-08-21 00:00:00,825045,2026-08-22T01:40:00Z,ARI,CIN,Eduardo Rodriguez,Nick Lodolo,0.5286393577993489,0.5354330708661418,0.5307557117750439,0.0046773590910978,0.5733788395904437,-0.0447394817910947,-144.0,131.0,False,,False,lineups_not_posted,ineligible,True,False,False,True,9.0,9.0,0.0040495923764819,0.0115281610002785,fanduel,FanDuel,lowvig,LowVig.ag,best_available_across_quoted_books,all_quoted_books,4a4bb5c831a75630b5ce38bfb873fdae,2026-08-20T23:06:26+00:00,model_production_20260820T230248766920Z,production,raw_lgbm,8e502cb8298d54aa48ba8cd50e84b7c1b5e6a3a766e5dca4db41d959b7340ecc,features_20260820T130951120586Z,8e502cb8298d54aa48ba8cd50e84b7c1b5e6a3a766e5dca4db41d959b7340ecc,features_20260820T130951120586Z,paper
predict_20260820T230626791156Z_824800,predict_20260820T230626791156Z,2026-08-20T23:06:26+00:00,2026-08-21 00:00:00,824800,2026-08-21T23:15:00Z,BAL,TB,Trevor Rogers,Freddy Peralta,0.5172289569907272,0.5272232304900182,0.5307557117750439,0.0035324812850257,0.5467333541731791,-0.0295043971824519,-126.0,118.0,False,,False,lineups_not_posted,ineligible,True,False,False,True,7.0,7.0,0.0063561712725515,0.0162773108792465,lowvig,LowVig.ag,fanduel,FanDuel,best_available_across_quoted_books,all_quoted_books,3f6f94532e616704b578f080ead691b3,2026-08-20T23:06:26+00:00,model_production_20260820T230248766920Z,production,raw_lgbm,8e502cb8298d54aa48ba8cd50e84b7c1b5e6a3a766e5dca4db41d959b7340ecc,features_20260820T130951120586Z,8e502cb8298d54aa48ba8cd50e84b7c1b5e6a3a766e5dca4db41d959b7340ecc,features_20260820T130951120586Z,paper
predict_20260820T230626791156Z_824721,predict_20260820T230626791156Z,2026-08-20T23:06:26+00:00,2026-08-21 00:00:00,824721,2026-08-21T23:10:00Z,BOS,SF,Sonny Gray,Logan Webb,0.6267277197772514,0.6049046321525886,0.6186440677966102,0.0137394356440215,0.61442503969154,0.0123026800857113,-172.0,155.0,False,,False,lineups_not_posted,ineligible,True,False,False,True,9.0,9.0,0.0046008028996623,0.0119745284033367,fanduel,FanDuel,betonlineag,BetOnline.ag,best_available_across_quoted_books,all_quoted_books,c12f319c29358a2c3e02be8f3377ded9,2026-08-20T23:06:26+00:00,model_production_20260820T230248766920Z,production,raw_lgbm,8e502cb8298d54aa48ba8cd50e84b7c1b5e6a3a766e5dca4db41d959b7340ecc,features_20260820T130951120586Z,8e502cb8298d54aa48ba8cd50e84b7c1b5e6a3a766e5dca4db41d959b7340ecc,features_20260820T130951120586Z,paper
predict_20260820T230626791156Z_824317,predict_20260820T230626791156Z,2026-08-20T23:06:26+00:00,2026-08-21 00:00:00,824317,2026-08-22T00:40:00Z,COL,CLE,Tanner Gordon,Joey Cantillo,0.469106346737033,0.5193370165745859,0.4948905109489051,0.0244465056256807,0.4126277181032224,0.0564786286338105,138.0,-152.0,False,,False,lineups_not_posted,ineligible,True,False,False,True,9.0,9.0,0.0030474190927702,0.0089404375102217,lowvig,LowVig.ag,lowvig,LowVig.ag,best_available_across_quoted_books,all_quoted_books,3102c4dbe9ea0f9ae9ca9caa2e1be844,2026-08-20T23:06:26+00:00,model_production_20260820T230248766920Z,production,raw_lgbm,8e502cb8298d54aa48ba8cd50e84b7c1b5e6a3a766e5dca4db41d959b7340ecc,features_20260820T130951120586Z,8e502cb8298d54aa48ba8cd50e84b7c1b5e6a3a766e5dca4db41d959b7340ecc,features_20260820T130951120586Z,paper
predict_20260820T230626791156Z_824559,predict_20260820T230626791156Z,2026-08-20T23:06:26+00:00,2026-08-21 00:00:00,824559,2026-08-21T23:40:00Z,CWS,NYM,Sean Burke,Sean Manaea,0.4622452718787854,0.5193370165745859,0.4942528735632184,0.0250841430113674,0.5715839821767323,-0.1093387102979469,-141.0,130.0,False,,False,lineups_not_posted,ineligible,True,False,False,True,8.0,8.0,0.0049920572456044,0.0125290625269922,betonlineag,BetOnline.ag,fanduel,FanDuel,best_available_across_quoted_books,all_quoted_books,4d3658b1534e40fb6966575b9ceae5e0,2026-08-20T23:06:26+00:00,model_production_20260820T230248766920Z,production,raw_lgbm,8e502cb8298d54aa48ba8cd50e84b7c1b5e6a3a766e5dca4db41d959b7340ecc,features_20260820T130951120586Z,8e502cb8298d54aa48ba8cd50e84b7c1b5e6a3a766e5dca4db41d959b7340ecc,features_20260820T130951120586Z,paper
predict_20260820T230626791156Z_824152,predict_20260820T230626791156Z,2026-08-20T23:06:26+00:00,2026-08-21 00:00:00,824152,2026-08-22T00:10:00Z,HOU,OAK,Hayden Wesneski,J.T. Ginn,0.6071373772596266,0.5777777777777777,0.6186440677966102,0.0408662900188324,0.636722656101667,-0.0295852788420404,-187.0,169.0,False,,False,lineups_not_posted,ineligible,True,False,False,True,7.0,7.0,0.0035506711989963,0.0115430661903715,mybookieag,MyBookie.ag,lowvig,LowVig.ag,best_available_across_quoted_books,all_quoted_books,b6b7ee6fe4dc220d97629d15165310a1,2026-08-20T23:06:26+00:00,model_production_20260820T230248766920Z,production,raw_lgbm,8e502cb8298d54aa48ba8cd50e84b7c1b5e6a3a766e5dca4db41d959b7340ecc,features_20260820T130951120586Z,8e502cb8298d54aa48ba8cd50e84b7c1b5e6a3a766e5dca4db41d959b7340ecc,features_20260820T130951120586Z,paper
predict_20260820T230626791156Z_824072,predict_20260820T230626791156Z,2026-08-20T23:06:26+00:00,2026-08-21 00:00:00,824072,2026-08-22T00:10:00Z,KC,DET,Noah Cameron,Troy Melton,0.478559475580029,0.4685314685314685,0.4948905109489051,0.0263590424174365,0.4765302218549772,0.0020292537250518,105.0,-115.0,False,,False,lineups_not_posted,ineligible,True,False,False,True,8.0,8.0,0.0021011977215173,0.0068031733368789,betus,BetUS,lowvig,LowVig.ag,best_available_across_quoted_books,all_quoted_books,d693a7de4eeded95f745646a155a9f2b,2026-08-20T23:06:26+00:00,model_production_20260820T230248766920Z,production,raw_lgbm,8e502cb8298d54aa48ba8cd50e84b7c1b5e6a3a766e5dca4db41d959b7340ecc,features_20260820T130951120586Z,8e502cb8298d54aa48ba8cd50e84b7c1b5e6a3a766e5dca4db41d959b7340ecc,features_20260820T130951120586Z,paper
predict_20260820T230626791156Z_823911,predict_20260820T230626791156Z,2026-08-20T23:06:26+00:00,2026-08-21 00:00:00,823911,2026-08-22T02:10:00Z,LAD,PIT,Yoshinobu Yamamoto,Bubba Chandler,0.6826076543663676,0.6852589641434262,0.7215909090909091,0.0363319449474828,0.6742037442256261,0.0084039101407414,-226.0,206.0,False,,False,lineups_not_posted,ineligible,True,False,False,True,9.0,9.0,0.0047304331172269,0.0137345586093643,mybookieag,MyBookie.ag,betonlineag,BetOnline.ag,best_available_across_quoted_books,all_quoted_books,8cfedfb07af33f8feff3825d2e30c1ff,2026-08-20T23:06:26+00:00,model_production_20260820T230248766920Z,production,raw_lgbm,8e502cb8298d54aa48ba8cd50e84b7c1b5e6a3a766e5dca4db41d959b7340ecc,features_20260820T130951120586Z,8e502cb8298d54aa48ba8cd50e84b7c1b5e6a3a766e5dca4db41d959b7340ecc,features_20260820T130951120586Z,paper
predict_20260820T230626791156Z_823830,predict_20260820T230626791156Z,2026-08-20T23:06:26+00:00,2026-08-21 00:00:00,823830,2026-08-21T23:10:00Z,MIA,WSH,Ryan Gusto,,0.5421923406467122,0.5272232304900182,0.5407098121085596,0.0134865816185414,0.5743511967902468,-0.0321588561435346,-142.0,130.0,False,,False,probable_starter_missing;lineups_not_posted,ineligible,False,False,False,True,8.0,8.0,0.004122099881228,0.0113649981267931,lowvig,LowVig.ag,fanduel,FanDuel,best_available_across_quoted_books,all_quoted_books,9a3a05b0699b94aa59ea0048eb3a31ea,2026-08-20T23:06:26+00:00,model_production_20260820T230248766920Z,production,raw_lgbm,8e502cb8298d54aa48ba8cd50e84b7c1b5e6a3a766e5dca4db41d959b7340ecc,features_20260820T130951120586Z,8e502cb8298d54aa48ba8cd50e84b7c1b5e6a3a766e5dca4db41d959b7340ecc,features_20260820T130951120586Z,paper
predict_20260820T230626791156Z_823746,predict_20260820T230626791156Z,2026-08-20T23:06:26+00:00,2026-08-21 00:00:00,823746,2026-08-21T20:10:00Z,MIL,ATL,Jacob Misiorowski,Chris Sale,0.4722675592622177,0.5193370165745859,0.4948905109489051,0.0244465056256807,0.5716276429198135,-0.0993600836575957,-142.0,129.0,False,,False,lineups_not_posted,ineligible,True,False,False,True,9.0,9.0,0.0040976931692501,0.0120969324426338,fanduel,FanDuel,lowvig,LowVig.ag,best_available_across_quoted_books,all_quoted_books,c7e232240c764a7cc09ae780b3289626,2026-08-20T23:06:26+00:00,model_production_20260820T230248766920Z,production,raw_lgbm,8e502cb8298d54aa48ba8cd50e84b7c1b5e6a3a766e5dca4db41d959b7340ecc,features_20260820T130951120586Z,8e502cb8298d54aa48ba8cd50e84b7c1b5e6a3a766e5dca4db41d959b7340ecc,features_20260820T130951120586Z,paper
predict_20260820T230626791156Z_823510,predict_20260820T230626791156Z,2026-08-20T23:06:26+00:00,2026-08-21 00:00:00,823510,2026-08-21T23:05:00Z,NYY,TOR,Cam Schlittler,,0.570937467288218,0.5870206489675517,0.5753424657534246,0.011678183214127,0.6734574519933717,-0.1025199847051536,-208.0,195.0,False,,False,probable_starter_missing;lineups_not_posted,ineligible,False,False,False,True,3.0,3.0,0.0119785412889069,0.0264017518158812,mybookieag,MyBookie.ag,bovada,Bovada,best_available_across_quoted_books,all_quoted_books,c3be44cb6d56f79e2cd298812a7f7624,2026-08-20T23:06:26+00:00,model_production_20260820T230248766920Z,production,raw_lgbm,8e502cb8298d54aa48ba8cd50e84b7c1b5e6a3a766e5dca4db41d959b7340ecc,features_20260820T130951120586Z,8e502cb8298d54aa48ba8cd50e84b7c1b5e6a3a766e5dca4db41d959b7340ecc,features_20260820T130951120586Z,paper
predict_20260820T230626791156Z_823420,predict_20260820T230626791156Z,2026-08-20T23:06:26+00:00,2026-08-21 00:00:00,823420,2026-08-21T22:40:00Z,PHI,STL,Jesus Luzardo,,0.6101944143634805,0.6049046321525886,0.6186440677966102,0.0137394356440215,,,,,False,,False,probable_starter_missing;market_missing_or_thin;lineups_not_posted,ineligible,False,False,False,False,,,,,,,,,,,,2026-08-20T23:06:26+00:00,model_production_20260820T230248766920Z,production,raw_lgbm,8e502cb8298d54aa48ba8cd50e84b7c1b5e6a3a766e5dca4db41d959b7340ecc,features_20260820T130951120586Z,8e502cb8298d54aa48ba8cd50e84b7c1b5e6a3a766e5dca4db41d959b7340ecc,features_20260820T130951120586Z,paper
predict_20260820T230626791156Z_823262,predict_20260820T230626791156Z,2026-08-20T23:06:26+00:00,2026-08-21 00:00:00,823262,2026-08-22T01:40:00Z,SD,MIN,,Connor Prielipp,0.5354041383489327,0.5354330708661418,0.5307557117750439,0.0046773590910978,,,,,False,,False,probable_starter_missing;market_missing_or_thin;lineups_not_posted,ineligible,False,False,False,False,,,,,,,,,,,,2026-08-20T23:06:26+00:00,model_production_20260820T230248766920Z,production,raw_lgbm,8e502cb8298d54aa48ba8cd50e84b7c1b5e6a3a766e5dca4db41d959b7340ecc,features_20260820T130951120586Z,8e502cb8298d54aa48ba8cd50e84b7c1b5e6a3a766e5dca4db41d959b7340ecc,features_20260820T130951120586Z,paper
predict_20260820T230626791156Z_823101,predict_20260820T230626791156Z,2026-08-20T23:06:26+00:00,2026-08-21 00:00:00,823101,2026-08-22T02:10:00Z,SEA,CHC,Emerson Hancock,Matthew Boyd,0.469449681564244,0.453781512605042,0.4948905109489051,0.0411089983438631,0.4994551002615518,-0.0300054186973078,-103.0,-107.0,False,,False,lineups_not_posted,ineligible,True,False,False,True,8.0,8.0,0.0024541482868597,0.0065555418636158,lowvig,LowVig.ag,lowvig,LowVig.ag,best_available_across_quoted_books,all_quoted_books,49bc0a0fca6a722244ffbaa241ec3095,2026-08-20T23:06:26+00:00,model_production_20260820T230248766920Z,production,raw_lgbm,8e502cb8298d54aa48ba8cd50e84b7c1b5e6a3a766e5dca4db41d959b7340ecc,features_20260820T130951120586Z,8e502cb8298d54aa48ba8cd50e84b7c1b5e6a3a766e5dca4db41d959b7340ecc,features_20260820T130951120586Z,paper
predict_20260820T230626791156Z_822857,predict_20260820T230626791156Z,2026-08-20T23:06:26+00:00,2026-08-21 00:00:00,822857,2026-08-22T00:15:00Z,TEX,LAA,MacKenzie Gore,Reid Detmers,0.5655247963117737,0.5354330708661418,0.5753424657534246,0.0399093948872828,,,,,False,,False,market_missing_or_thin;lineups_not_posted,ineligible,True,False,False,False,,,,,,,,,,,,2026-08-20T23:06:26+00:00,model_production_20260820T230248766920Z,production,raw_lgbm,8e502cb8298d54aa48ba8cd50e84b7c1b5e6a3a766e5dca4db41d959b7340ecc,features_20260820T130951120586Z,8e502cb8298d54aa48ba8cd50e84b7c1b5e6a3a766e5dca4db41d959b7340ecc,features_20260820T130951120586Z,paper
predict_20260821T130952581785Z_825045,predict_20260821T130952581785Z,2026-08-21T13:09:52+00:00,2026-08-21 00:00:00,825045,2026-08-22T01:40:00Z,ARI,CIN,Eduardo Rodriguez,Nick Lodolo,0.5286393577993489,0.5354330708661418,0.5307557117750439,0.0046773590910978,0.5742343084741106,-0.0455949506747617,-142.0,132.0,False,,False,lineups_not_posted,ineligible,True,False,False,True,9.0,9.0,0.0038248692216557,0.0143854012777361,lowvig,LowVig.ag,betrivers,BetRivers,best_available_across_quoted_books,all_quoted_books,4a4bb5c831a75630b5ce38bfb873fdae,2026-08-21T13:09:52+00:00,model_production_20260820T230248766920Z,production,raw_lgbm,785b65a6b6d2c9334fd60405d611b704a941bb2cbecc860c7dd75980e3ad067f,features_20260821T130951414537Z,8e502cb8298d54aa48ba8cd50e84b7c1b5e6a3a766e5dca4db41d959b7340ecc,features_20260820T130951120586Z,paper
predict_20260821T130952581785Z_824800,predict_20260821T130952581785Z,2026-08-21T13:09:52+00:00,2026-08-21 00:00:00,824800,2026-08-21T23:15:00Z,BAL,TB,Trevor Rogers,Freddy Peralta,0.5203189867915861,0.5272232304900182,0.5307557117750439,0.0035324812850257,0.5440238883060285,-0.0237049015144424,-124.0,116.0,False,,False,lineups_not_posted,ineligible,True,False,False,True,9.0,9.0,0.0054051309562348,0.0222255853110221,draftkings,DraftKings,fanduel,FanDuel,best_available_across_quoted_books,all_quoted_books,3f6f94532e616704b578f080ead691b3,2026-08-21T13:09:52+00:00,model_production_20260820T230248766920Z,production,raw_lgbm,785b65a6b6d2c9334fd60405d611b704a941bb2cbecc860c7dd75980e3ad067f,features_20260821T130951414537Z,8e502cb8298d54aa48ba8cd50e84b7c1b5e6a3a766e5dca4db41d959b7340ecc,features_20260820T130951120586Z,paper
predict_20260821T130952581785Z_824721,predict_20260821T130952581785Z,2026-08-21T13:09:52+00:00,2026-08-21 00:00:00,824721,2026-08-21T23:10:00Z,BOS,SF,Sonny Gray,Logan Webb,0.6266778914474324,0.5870206489675517,0.6186440677966102,0.0316234188290585,0.6255648805681084,0.0011130108793239,-168.0,168.0,False,,False,lineups_not_posted,ineligible,True,False,False,True,9.0,9.0,0.0075128426466713,0.022320411935455,fanduel,FanDuel,betonlineag,BetOnline.ag,best_available_across_quoted_books,all_quoted_books,c12f319c29358a2c3e02be8f3377ded9,2026-08-21T13:09:52+00:00,model_production_20260820T230248766920Z,production,raw_lgbm,785b65a6b6d2c9334fd60405d611b704a941bb2cbecc860c7dd75980e3ad067f,features_20260821T130951414537Z,8e502cb8298d54aa48ba8cd50e84b7c1b5e6a3a766e5dca4db41d959b7340ecc,features_20260820T130951120586Z,paper
predict_20260821T130952581785Z_824317,predict_20260821T130952581785Z,2026-08-21T13:09:52+00:00,2026-08-21 00:00:00,824317,2026-08-22T00:40:00Z,COL,CLE,Tanner Gordon,Joey Cantillo,0.4573358039081202,0.4685314685314685,0.4942528735632184,0.0257214050317498,0.4105839416058394,0.0467518623022807,143.0,-148.0,False,,False,lineups_not_posted,ineligible,True,False,False,True,9.0,9.0,0.0054080547308743,0.0201642680361952,betrivers,BetRivers,draftkings,DraftKings,best_available_across_quoted_books,all_quoted_books,3102c4dbe9ea0f9ae9ca9caa2e1be844,2026-08-21T13:09:52+00:00,model_production_20260820T230248766920Z,production,raw_lgbm,785b65a6b6d2c9334fd60405d611b704a941bb2cbecc860c7dd75980e3ad067f,features_20260821T130951414537Z,8e502cb8298d54aa48ba8cd50e84b7c1b5e6a3a766e5dca4db41d959b7340ecc,features_20260820T130951120586Z,paper
predict_20260821T130952581785Z_824559,predict_20260821T130952581785Z,2026-08-21T13:09:52+00:00,2026-08-21 00:00:00,824559,2026-08-21T23:40:00Z,CWS,NYM,Sean Burke,Sean Manaea,0.4659980655882644,0.5193370165745859,0.4948905109489051,0.0244465056256807,0.5729537366548043,-0.1069556710665398,-140.0,131.0,False,,False,lineups_not_posted,ineligible,True,False,False,True,9.0,9.0,0.0021531865963556,0.0076081156699845,fanduel,FanDuel,draftkings,DraftKings,best_available_across_quoted_books,all_quoted_books,4d3658b1534e40fb6966575b9ceae5e0,2026-08-21T13:09:52+00:00,model_production_20260820T230248766920Z,production,raw_lgbm,785b65a6b6d2c9334fd60405d611b704a941bb2cbecc860c7dd75980e3ad067f,features_20260821T130951414537Z,8e502cb8298d54aa48ba8cd50e84b7c1b5e6a3a766e5dca4db41d959b7340ecc,features_20260820T130951120586Z,paper
predict_20260821T130952581785Z_824152,predict_20260821T130952581785Z,2026-08-21T13:09:52+00:00,2026-08-21 00:00:00,824152,2026-08-22T00:10:00Z,HOU,OAK,Hayden Wesneski,J.T. Ginn,0.6071373772596266,0.5837918798712738,0.6186440677966102,0.0348521879253364,0.630154233553667,-0.0230168562940403,-181.0,170.0,False,,False,lineups_not_posted,ineligible,True,False,False,True,9.0,9.0,0.0041701526879469,0.0133603077412567,draftkings,DraftKings,fanduel,FanDuel,best_available_across_quoted_books,all_quoted_books,b6b7ee6fe4dc220d97629d15165310a1,2026-08-21T13:09:52+00:00,model_production_20260820T230248766920Z,production,raw_lgbm,785b65a6b6d2c9334fd60405d611b704a941bb2cbecc860c7dd75980e3ad067f,features_20260821T130951414537Z,8e502cb8298d54aa48ba8cd50e84b7c1b5e6a3a766e5dca4db41d959b7340ecc,features_20260820T130951120586Z,paper
predict_20260821T130952581785Z_824072,predict_20260821T130952581785Z,2026-08-21T13:09:52+00:00,2026-08-21 00:00:00,824072,2026-08-22T00:10:00Z,KC,DET,Noah Cameron,Troy Melton,0.4842032713641455,0.5193370165745859,0.4948905109489051,0.0244465056256807,0.4814756210583422,0.0027276503058032,105.0,-108.0,False,,False,lineups_not_posted,ineligible,True,False,False,True,9.0,9.0,0.0041307383609128,0.0147874910230463,draftkings,DraftKings,fanduel,FanDuel,best_available_across_quoted_books,all_quoted_books,d693a7de4eeded95f745646a155a9f2b,2026-08-21T13:09:52+00:00,model_production_20260820T230248766920Z,production,raw_lgbm,785b65a6b6d2c9334fd60405d611b704a941bb2cbecc860c7dd75980e3ad067f,features_20260821T130951414537Z,8e502cb8298d54aa48ba8cd50e84b7c1b5e6a3a766e5dca4db41d959b7340ecc,features_20260820T130951120586Z,paper
predict_20260821T130952581785Z_823911,predict_20260821T130952581785Z,2026-08-21T13:09:52+00:00,2026-08-21 00:00:00,823911,2026-08-22T02:10:00Z,LAD,PIT,Yoshinobu Yamamoto,Bubba Chandler,0.6826076543663676,0.6852589641434262,0.7215909090909091,0.0363319449474828,0.6755725190839694,0.0070351352823981,-227.0,203.0,False,,False,lineups_not_posted,ineligible,True,False,False,True,9.0,9.0,0.0033077756288357,0.010092597576937,betonlineag,BetOnline.ag,betonlineag,BetOnline.ag,best_available_across_quoted_books,all_quoted_books,8cfedfb07af33f8feff3825d2e30c1ff,2026-08-21T13:09:52+00:00,model_production_20260820T230248766920Z,production,raw_lgbm,785b65a6b6d2c9334fd60405d611b704a941bb2cbecc860c7dd75980e3ad067f,features_20260821T130951414537Z,8e502cb8298d54aa48ba8cd50e84b7c1b5e6a3a766e5dca4db41d959b7340ecc,features_20260820T130951120586Z,paper
predict_20260821T130952581785Z_823830,predict_20260821T130952581785Z,2026-08-21T13:09:52+00:00,2026-08-21 00:00:00,823830,2026-08-21T23:10:00Z,MIA,WSH,Ryan Gusto,Brad Lord,0.532367955927683,0.5272232304900182,0.5307557117750439,0.0035324812850257,0.5776397515527951,-0.045271795625112,-145.0,136.0,False,,False,lineups_not_posted,ineligible,True,False,False,True,9.0,9.0,0.0030622590578134,0.0102964787119994,lowvig,LowVig.ag,fanduel,FanDuel,best_available_across_quoted_books,all_quoted_books,9a3a05b0699b94aa59ea0048eb3a31ea,2026-08-21T13:09:52+00:00,model_production_20260820T230248766920Z,production,raw_lgbm,785b65a6b6d2c9334fd60405d611b704a941bb2cbecc860c7dd75980e3ad067f,features_20260821T130951414537Z,8e502cb8298d54aa48ba8cd50e84b7c1b5e6a3a766e5dca4db41d959b7340ecc,features_20260820T130951120586Z,paper
predict_20260821T130952581785Z_823746,predict_20260821T130952581785Z,2026-08-21T13:09:52+00:00,2026-08-21 00:00:00,823746,2026-08-21T20:10:00Z,MIL,ATL,Jacob Misiorowski,Chris Sale,0.4722675592622177,0.5193370165745859,0.4948905109489051,0.0244465056256807,0.5671782934458428,-0.094910734183625,-134.0,129.0,False,,False,lineups_not_posted,ineligible,True,False,False,True,9.0,9.0,0.0043889278128585,0.0113986813510041,draftkings,DraftKings,lowvig,LowVig.ag,best_available_across_quoted_books,all_quoted_books,c7e232240c764a7cc09ae780b3289626,2026-08-21T13:09:52+00:00,model_production_20260820T230248766920Z,production,raw_lgbm,785b65a6b6d2c9334fd60405d611b704a941bb2cbecc860c7dd75980e3ad067f,features_20260821T130951414537Z,8e502cb8298d54aa48ba8cd50e84b7c1b5e6a3a766e5dca4db41d959b7340ecc,features_20260820T130951120586Z,paper
predict_20260821T130952581785Z_823510,predict_20260821T130952581785Z,2026-08-21T13:09:52+00:00,2026-08-21 00:00:00,823510,2026-08-21T23:05:00Z,NYY,TOR,Cam Schlittler,Mason Fluharty,0.5681381972254916,0.5870206489675517,0.5753424657534246,0.011678183214127,0.6827115837182951,-0.1145733864928034,-230.0,213.0,False,,False,lineups_not_posted,ineligible,True,False,False,True,8.0,8.0,0.005469526683529,0.0169601715214616,fanduel,FanDuel,draftkings,DraftKings,best_available_across_quoted_books,all_quoted_books,c3be44cb6d56f79e2cd298812a7f7624,2026-08-21T13:09:52+00:00,model_production_20260820T230248766920Z,production,raw_lgbm,785b65a6b6d2c9334fd60405d611b704a941bb2cbecc860c7dd75980e3ad067f,features_20260821T130951414537Z,8e502cb8298d54aa48ba8cd50e84b7c1b5e6a3a766e5dca4db41d959b7340ecc,features_20260820T130951120586Z,paper
predict_20260821T130952581785Z_823420,predict_20260821T130952581785Z,2026-08-21T13:09:52+00:00,2026-08-21 00:00:00,823420,2026-08-21T22:40:00Z,PHI,STL,Jesus Luzardo,,0.6101944143634805,0.6285714285714286,0.6186440677966102,0.0099273607748183,0.6571458792072304,-0.0469514648437499,-203.0,189.0,False,,False,probable_starter_missing;lineups_not_posted,ineligible,False,False,False,True,8.0,8.0,0.0019538215362454,0.0058915776253862,betonlineag,BetOnline.ag,draftkings,DraftKings,best_available_across_quoted_books,all_quoted_books,a889ec328e20424c875cd7f4c5f12ac1,2026-08-21T13:09:52+00:00,model_production_20260820T230248766920Z,production,raw_lgbm,785b65a6b6d2c9334fd60405d611b704a941bb2cbecc860c7dd75980e3ad067f,features_20260821T130951414537Z,8e502cb8298d54aa48ba8cd50e84b7c1b5e6a3a766e5dca4db41d959b7340ecc,features_20260820T130951120586Z,paper
predict_20260821T130952581785Z_823262,predict_20260821T130952581785Z,2026-08-21T13:09:52+00:00,2026-08-21 00:00:00,823262,2026-08-22T01:40:00Z,SD,MIN,,Connor Prielipp,0.5354041383489327,0.5354330708661418,0.5307557117750439,0.0046773590910978,0.5715403214336511,-0.0361361830847183,-134.0,128.0,False,,False,probable_starter_missing;lineups_not_posted,ineligible,False,False,False,True,8.0,8.0,0.0063842672677648,0.0215107260967544,fanduel,FanDuel,lowvig,LowVig.ag,best_available_across_quoted_books,all_quoted_books,88b867463b5fd396b643c8da0c9716f9,2026-08-21T13:09:52+00:00,model_production_20260820T230248766920Z,production,raw_lgbm,785b65a6b6d2c9334fd60405d611b704a941bb2cbecc860c7dd75980e3ad067f,features_20260821T130951414537Z,8e502cb8298d54aa48ba8cd50e84b7c1b5e6a3a766e5dca4db41d959b7340ecc,features_20260820T130951120586Z,paper
predict_20260821T130952581785Z_823101,predict_20260821T130952581785Z,2026-08-21T13:09:52+00:00,2026-08-21 00:00:00,823101,2026-08-22T02:10:00Z,SEA,CHC,Emerson Hancock,Matthew Boyd,0.469449681564244,0.453781512605042,0.4948905109489051,0.0411089983438631,0.5043297540699688,-0.0348800725057248,-105.0,-102.0,False,,False,lineups_not_posted,ineligible,True,False,False,True,9.0,9.0,0.0034051665553169,0.0089094796863863,lowvig,LowVig.ag,betus,BetUS,best_available_across_quoted_books,all_quoted_books,49bc0a0fca6a722244ffbaa241ec3095,2026-08-21T13:09:52+00:00,model_production_20260820T230248766920Z,production,raw_lgbm,785b65a6b6d2c9334fd60405d611b704a941bb2cbecc860c7dd75980e3ad067f,features_20260821T130951414537Z,8e502cb8298d54aa48ba8cd50e84b7c1b5e6a3a766e5dca4db41d959b7340ecc,features_20260820T130951120586Z,paper
predict_20260821T130952581785Z_822857,predict_20260821T130952581785Z,2026-08-21T13:09:52+00:00,2026-08-21 00:00:00,822857,2026-08-22T00:15:00Z,TEX,LAA,MacKenzie Gore,Reid Detmers,0.5655247963117737,0.5679012345679011,0.5753424657534246,0.0074412311855235,0.5697382574399427,-0.004213461128169,-140.0,131.0,False,,False,lineups_not_posted,ineligible,True,False,False,True,9.0,9.0,0.002462040698777,0.0069370736984563,fanduel,FanDuel,draftkings,DraftKings,best_available_across_quoted_books,all_quoted_books,140b40a2fbda2cc9de856a1b2a5605f2,2026-08-21T13:09:52+00:00,model_production_20260820T230248766920Z,production,raw_lgbm,785b65a6b6d2c9334fd60405d611b704a941bb2cbecc860c7dd75980e3ad067f,features_20260821T130951414537Z,8e502cb8298d54aa48ba8cd50e84b7c1b5e6a3a766e5dca4db41d959b7340ecc,features_20260820T130951120586Z,paper
predict_20260821T181000649768Z_825045,predict_20260821T181000649768Z,2026-08-21T18:10:00+00:00,2026-08-21 00:00:00,825045,2026-08-22T01:40:00Z,ARI,CIN,Eduardo Rodriguez,Nick Lodolo,0.5286393577993489,0.5354330708661418,0.5307557117750439,0.0046773590910978,0.5733276913854508,-0.0446883335861019,-140.0,132.0,False,,False,lineups_not_posted,ineligible,True,False,False,True,9.0,9.0,0.0039094782798006,0.0143854012777361,fanduel,FanDuel,betrivers,BetRivers,best_available_across_quoted_books,all_quoted_books,4a4bb5c831a75630b5ce38bfb873fdae,2026-08-21T18:10:00+00:00,model_production_20260820T230248766920Z,production,raw_lgbm,785b65a6b6d2c9334fd60405d611b704a941bb2cbecc860c7dd75980e3ad067f,features_20260821T130951414537Z,8e502cb8298d54aa48ba8cd50e84b7c1b5e6a3a766e5dca4db41d959b7340ecc,features_20260820T130951120586Z,paper
predict_20260821T181000649768Z_824800,predict_20260821T181000649768Z,2026-08-21T18:10:00+00:00,2026-08-21 00:00:00,824800,2026-08-21T23:15:00Z,BAL,TB,Trevor Rogers,Freddy Peralta,0.5203189867915861,0.5272232304900182,0.5307557117750439,0.0035324812850257,0.5367573011077543,-0.0164383143161682,-119.0,116.0,False,,False,lineups_not_posted,ineligible,True,False,False,True,9.0,9.0,0.0052511912547709,0.0157614329924019,draftkings,DraftKings,fanduel,FanDuel,best_available_across_quoted_books,all_quoted_books,3f6f94532e616704b578f080ead691b3,2026-08-21T18:10:00+00:00,model_production_20260820T230248766920Z,production,raw_lgbm,785b65a6b6d2c9334fd60405d611b704a941bb2cbecc860c7dd75980e3ad067f,features_20260821T130951414537Z,8e502cb8298d54aa48ba8cd50e84b7c1b5e6a3a766e5dca4db41d959b7340ecc,features_20260820T130951120586Z,paper
predict_20260821T181000649768Z_824721,predict_20260821T181000649768Z,2026-08-21T18:10:00+00:00,2026-08-21 00:00:00,824721,2026-08-21T23:10:00Z,BOS,SF,Sonny Gray,Logan Webb,0.6266778914474324,0.5870206489675517,0.6186440677966102,0.0316234188290585,0.6187290969899665,0.0079487944574658,-168.0,160.0,False,,False,lineups_not_posted,ineligible,True,False,False,True,9.0,9.0,0.0035651723626954,0.0111470563243922,fanduel,FanDuel,betonlineag,BetOnline.ag,best_available_across_quoted_books,all_quoted_books,c12f319c29358a2c3e02be8f3377ded9,2026-08-21T18:10:00+00:00,model_production_20260820T230248766920Z,production,raw_lgbm,785b65a6b6d2c9334fd60405d611b704a941bb2cbecc860c7dd75980e3ad067f,features_20260821T130951414537Z,8e502cb8298d54aa48ba8cd50e84b7c1b5e6a3a766e5dca4db41d959b7340ecc,features_20260820T130951120586Z,paper
predict_20260821T181000649768Z_824317,predict_20260821T181000649768Z,2026-08-21T18:10:00+00:00,2026-08-21 00:00:00,824317,2026-08-22T00:40:00Z,COL,CLE,Tanner Gordon,Joey Cantillo,0.4573358039081202,0.4685314685314685,0.4942528735632184,0.0257214050317498,0.4105839416058394,0.0467518623022807,143.0,-150.0,False,,False,lineups_not_posted,ineligible,True,False,False,True,9.0,9.0,0.0057842804594211,0.0201642680361952,betrivers,BetRivers,betus,BetUS,best_available_across_quoted_books,all_quoted_books,3102c4dbe9ea0f9ae9ca9caa2e1be844,2026-08-21T18:10:00+00:00,model_production_20260820T230248766920Z,production,raw_lgbm,785b65a6b6d2c9334fd60405d611b704a941bb2cbecc860c7dd75980e3ad067f,features_20260821T130951414537Z,8e502cb8298d54aa48ba8cd50e84b7c1b5e6a3a766e5dca4db41d959b7340ecc,features_20260820T130951120586Z,paper
predict_20260821T181000649768Z_824559,predict_20260821T181000649768Z,2026-08-21T18:10:00+00:00,2026-08-21 00:00:00,824559,2026-08-21T23:40:00Z,CWS,NYM,Sean Burke,Sean Manaea,0.4659980655882644,0.5193370165745859,0.4948905109489051,0.0244465056256807,0.5664275773471791,-0.1004295117589146,-138.0,131.0,False,,False,lineups_not_posted,ineligible,True,False,False,True,9.0,9.0,0.0032917049831547,0.0084120725987356,betonlineag,BetOnline.ag,draftkings,DraftKings,best_available_across_quoted_books,all_quoted_books,4d3658b1534e40fb6966575b9ceae5e0,2026-08-21T18:10:00+00:00,model_production_20260820T230248766920Z,production,raw_lgbm,785b65a6b6d2c9334fd60405d611b704a941bb2cbecc860c7dd75980e3ad067f,features_20260821T130951414537Z,8e502cb8298d54aa48ba8cd50e84b7c1b5e6a3a766e5dca4db41d959b7340ecc,features_20260820T130951120586Z,paper
predict_20260821T181000649768Z_824152,predict_20260821T181000649768Z,2026-08-21T18:10:00+00:00,2026-08-21 00:00:00,824152,2026-08-22T00:10:00Z,HOU,OAK,Hayden Wesneski,J.T. Ginn,0.6071373772596266,0.5837918798712738,0.6186440677966102,0.0348521879253364,0.6242539338035812,-0.0171165565439546,-172.0,165.0,False,,False,lineups_not_posted,ineligible,True,False,False,True,9.0,9.0,0.0052849046143875,0.0185698645706106,fanduel,FanDuel,draftkings,DraftKings,best_available_across_quoted_books,all_quoted_books,b6b7ee6fe4dc220d97629d15165310a1,2026-08-21T18:10:00+00:00,model_production_20260820T230248766920Z,production,raw_lgbm,785b65a6b6d2c9334fd60405d611b704a941bb2cbecc860c7dd75980e3ad067f,features_20260821T130951414537Z,8e502cb8298d54aa48ba8cd50e84b7c1b5e6a3a766e5dca4db41d959b7340ecc,features_20260820T130951120586Z,paper
predict_20260821T181000649768Z_824072,predict_20260821T181000649768Z,2026-08-21T18:10:00+00:00,2026-08-21 00:00:00,824072,2026-08-22T00:10:00Z,KC,DET,Noah Cameron,Troy Melton,0.4842032713641455,0.5193370165745859,0.4948905109489051,0.0244465056256807,0.4790284493421793,0.0051748220219662,105.0,-108.0,False,,False,lineups_not_posted,ineligible,True,False,False,True,9.0,9.0,0.0057001017961035,0.0155574435835063,draftkings,DraftKings,fanduel,FanDuel,best_available_across_quoted_books,all_quoted_books,d693a7de4eeded95f745646a155a9f2b,2026-08-21T18:10:00+00:00,model_production_20260820T230248766920Z,production,raw_lgbm,785b65a6b6d2c9334fd60405d611b704a941bb2cbecc860c7dd75980e3ad067f,features_20260821T130951414537Z,8e502cb8298d54aa48ba8cd50e84b7c1b5e6a3a766e5dca4db41d959b7340ecc,features_20260820T130951120586Z,paper
predict_20260821T181000649768Z_823911,predict_20260821T181000649768Z,2026-08-21T18:10:00+00:00,2026-08-21 00:00:00,823911,2026-08-22T02:10:00Z,LAD,PIT,Yoshinobu Yamamoto,Bubba Chandler,0.6826076543663676,0.6852589641434262,0.7215909090909091,0.0363319449474828,0.6786155747836836,0.0039920795826839,-225.0,212.0,False,,False,lineups_not_posted,ineligible,True,False,False,True,9.0,9.0,0.0059606976085285,0.0210607346271067,fanduel,FanDuel,draftkings,DraftKings,best_available_across_quoted_books,all_quoted_books,8cfedfb07af33f8feff3825d2e30c1ff,2026-08-21T18:10:00+00:00,model_production_20260820T230248766920Z,production,raw_lgbm,785b65a6b6d2c9334fd60405d611b704a941bb2cbecc860c7dd75980e3ad067f,features_20260821T130951414537Z,8e502cb8298d54aa48ba8cd50e84b7c1b5e6a3a766e5dca4db41d959b7340ecc,features_20260820T130951120586Z,paper
predict_20260821T181000649768Z_823830,predict_20260821T181000649768Z,2026-08-21T18:10:00+00:00,2026-08-21 00:00:00,823830,2026-08-21T23:10:00Z,MIA,WSH,Ryan Gusto,Brad Lord,0.532367955927683,0.5272232304900182,0.5307557117750439,0.0035324812850257,0.5775497887748944,-0.0451818328472113,-140.0,136.0,False,,False,lineups_not_posted,ineligible,True,False,False,True,9.0,9.0,0.0046752208062191,0.0164703387505795,draftkings,DraftKings,fanduel,FanDuel,best_available_across_quoted_books,all_quoted_books,9a3a05b0699b94aa59ea0048eb3a31ea,2026-08-21T18:10:00+00:00,model_production_20260820T230248766920Z,production,raw_lgbm,785b65a6b6d2c9334fd60405d611b704a941bb2cbecc860c7dd75980e3ad067f,features_20260821T130951414537Z,8e502cb8298d54aa48ba8cd50e84b7c1b5e6a3a766e5dca4db41d959b7340ecc,features_20260820T130951120586Z,paper
predict_20260821T181000649768Z_823746,predict_20260821T181000649768Z,2026-08-21T18:10:00+00:00,2026-08-21 00:00:00,823746,2026-08-21T20:10:00Z,MIL,ATL,Jacob Misiorowski,Chris Sale,0.4692409957333875,0.5193370165745859,0.4948905109489051,0.0244465056256807,0.5633576902512921,-0.0941166945179046,-132.0,130.0,True,AWAY,True,,bet_candidate,True,True,True,True,9.0,9.0,0.0051693865004562,0.0170578714174383,betus,BetUS,draftkings,DraftKings,best_available_across_quoted_books,all_quoted_books,c7e232240c764a7cc09ae780b3289626,2026-08-21T18:10:00+00:00,model_production_20260820T230248766920Z,production,raw_lgbm,785b65a6b6d2c9334fd60405d611b704a941bb2cbecc860c7dd75980e3ad067f,features_20260821T130951414537Z,8e502cb8298d54aa48ba8cd50e84b7c1b5e6a3a766e5dca4db41d959b7340ecc,features_20260820T130951120586Z,paper
predict_20260821T181000649768Z_823510,predict_20260821T181000649768Z,2026-08-21T18:10:00+00:00,2026-08-21 00:00:00,823510,2026-08-21T23:05:00Z,NYY,TOR,Cam Schlittler,Mason Fluharty,0.5681381972254916,0.5870206489675517,0.5753424657534246,0.011678183214127,0.6465222348916762,-0.0783840376661845,-193.0,182.0,False,,False,lineups_not_posted,ineligible,True,False,False,True,9.0,9.0,0.003280860254894,0.0108671821379955,draftkings,DraftKings,fanduel,FanDuel,best_available_across_quoted_books,all_quoted_books,c3be44cb6d56f79e2cd298812a7f7624,2026-08-21T18:10:00+00:00,model_production_20260820T230248766920Z,production,raw_lgbm,785b65a6b6d2c9334fd60405d611b704a941bb2cbecc860c7dd75980e3ad067f,features_20260821T130951414537Z,8e502cb8298d54aa48ba8cd50e84b7c1b5e6a3a766e5dca4db41d959b7340ecc,features_20260820T130951120586Z,paper
predict_20260821T181000649768Z_823420,predict_20260821T181000649768Z,2026-08-21T18:10:00+00:00,2026-08-21 00:00:00,823420,2026-08-21T22:40:00Z,PHI,STL,Jesus Luzardo,,0.6101944143634805,0.6285714285714286,0.6186440677966102,0.0099273607748183,0.7054263565891473,-0.0952319422256667,-240.0,240.0,False,,False,probable_starter_missing;lineups_not_posted,ineligible,False,False,False,True,9.0,9.0,0.0057108019985859,0.0176890679998195,fanduel,FanDuel,draftkings,DraftKings,best_available_across_quoted_books,all_quoted_books,a889ec328e20424c875cd7f4c5f12ac1,2026-08-21T18:10:00+00:00,model_production_20260820T230248766920Z,production,raw_lgbm,785b65a6b6d2c9334fd60405d611b704a941bb2cbecc860c7dd75980e3ad067f,features_20260821T130951414537Z,8e502cb8298d54aa48ba8cd50e84b7c1b5e6a3a766e5dca4db41d959b7340ecc,features_20260820T130951120586Z,paper
predict_20260821T181000649768Z_823262,predict_20260821T181000649768Z,2026-08-21T18:10:00+00:00,2026-08-21 00:00:00,823262,2026-08-22T01:40:00Z,SD,MIN,,Connor Prielipp,0.5354041383489327,0.5354330708661418,0.5307557117750439,0.0046773590910978,0.5242214532871973,0.0111826850617354,-115.0,107.0,False,,False,probable_starter_missing;lineups_not_posted,ineligible,False,False,False,True,9.0,9.0,0.0049262909886034,0.01314459049545,draftkings,DraftKings,draftkings,DraftKings,best_available_across_quoted_books,all_quoted_books,88b867463b5fd396b643c8da0c9716f9,2026-08-21T18:10:00+00:00,model_production_20260820T230248766920Z,production,raw_lgbm,785b65a6b6d2c9334fd60405d611b704a941bb2cbecc860c7dd75980e3ad067f,features_20260821T130951414537Z,8e502cb8298d54aa48ba8cd50e84b7c1b5e6a3a766e5dca4db41d959b7340ecc,features_20260820T130951120586Z,paper
predict_20260821T181000649768Z_823101,predict_20260821T181000649768Z,2026-08-21T18:10:00+00:00,2026-08-21 00:00:00,823101,2026-08-22T02:10:00Z,SEA,CHC,Emerson Hancock,Matthew Boyd,0.469449681564244,0.453781512605042,0.4948905109489051,0.0411089983438631,0.5023229882921391,-0.032873306727895,-105.0,100.0,False,,False,lineups_not_posted,ineligible,True,False,False,True,9.0,9.0,0.0032858602946194,0.0105390811749458,draftkings,DraftKings,fanduel,FanDuel,best_available_across_quoted_books,all_quoted_books,49bc0a0fca6a722244ffbaa241ec3095,2026-08-21T18:10:00+00:00,model_production_20260820T230248766920Z,production,raw_lgbm,785b65a6b6d2c9334fd60405d611b704a941bb2cbecc860c7dd75980e3ad067f,features_20260821T130951414537Z,8e502cb8298d54aa48ba8cd50e84b7c1b5e6a3a766e5dca4db41d959b7340ecc,features_20260820T130951120586Z,paper
predict_20260821T181000649768Z_822857,predict_20260821T181000649768Z,2026-08-21T18:10:00+00:00,2026-08-21 00:00:00,822857,2026-08-22T00:15:00Z,TEX,LAA,MacKenzie Gore,Reid Detmers,0.5655247963117737,0.5679012345679011,0.5753424657534246,0.0074412311855235,0.5660893345487694,-0.0005645382369957,-136.0,130.0,False,,False,lineups_not_posted,ineligible,True,False,False,True,9.0,9.0,0.0032955813868026,0.0107702729029155,betus,BetUS,fanduel,FanDuel,best_available_across_quoted_books,all_quoted_books,140b40a2fbda2cc9de856a1b2a5605f2,2026-08-21T18:10:00+00:00,model_production_20260820T230248766920Z,production,raw_lgbm,785b65a6b6d2c9334fd60405d611b704a941bb2cbecc860c7dd75980e3ad067f,features_20260821T130951414537Z,8e502cb8298d54aa48ba8cd50e84b7c1b5e6a3a766e5dca4db41d959b7340ecc,features_20260820T130951120586Z,paper
predict_20260821T204000602503Z_825045,predict_20260821T204000602503Z,2026-08-21T20:40:00+00:00,2026-08-21 00:00:00,825045,2026-08-22T01:40:00Z,ARI,CIN,Eduardo Rodriguez,Nick Lodolo,0.5275564879757692,0.5354330708661418,0.5307557117750439,0.0046773590910978,0.5733276913854508,-0.0457712034096816,-141.0,132.0,False,,False,lineups_not_posted,ineligible,True,False,True,True,9.0,9.0,0.002923952786669,0.0101087401448684,draftkings,DraftKings,fanduel,FanDuel,best_available_across_quoted_books,all_quoted_books,4a4bb5c831a75630b5ce38bfb873fdae,2026-08-21T20:40:00+00:00,model_production_20260820T230248766920Z,production,raw_lgbm,785b65a6b6d2c9334fd60405d611b704a941bb2cbecc860c7dd75980e3ad067f,features_20260821T130951414537Z,8e502cb8298d54aa48ba8cd50e84b7c1b5e6a3a766e5dca4db41d959b7340ecc,features_20260820T130951120586Z,paper
predict_20260821T204000602503Z_824800,predict_20260821T204000602503Z,2026-08-21T20:40:00+00:00,2026-08-21 00:00:00,824800,2026-08-21T23:15:00Z,BAL,TB,Trevor Rogers,Freddy Peralta,0.5203189867915861,0.5272232304900182,0.5307557117750439,0.0035324812850257,0.5230171935662784,-0.0026982067746923,-111.0,110.0,False,,True,,eligible_no_edge,True,True,True,True,9.0,9.0,0.0063135454558498,0.0180398999966558,lowvig,LowVig.ag,draftkings,DraftKings,best_available_across_quoted_books,all_quoted_books,3f6f94532e616704b578f080ead691b3,2026-08-21T20:40:00+00:00,model_production_20260820T230248766920Z,production,raw_lgbm,785b65a6b6d2c9334fd60405d611b704a941bb2cbecc860c7dd75980e3ad067f,features_20260821T130951414537Z,8e502cb8298d54aa48ba8cd50e84b7c1b5e6a3a766e5dca4db41d959b7340ecc,features_20260820T130951120586Z,paper
predict_20260821T204000602503Z_824721,predict_20260821T204000602503Z,2026-08-21T20:40:00+00:00,2026-08-21 00:00:00,824721,2026-08-21T23:10:00Z,BOS,SF,Sonny Gray,Logan Webb,0.6210722115729298,0.5870206489675517,0.6186440677966102,0.0316234188290585,0.6201583565161567,0.0009138550567731,-168.0,163.0,False,,True,,eligible_no_edge,True,True,True,True,9.0,9.0,0.0035658811587055,0.0103718252834205,fanduel,FanDuel,draftkings,DraftKings,best_available_across_quoted_books,all_quoted_books,c12f319c29358a2c3e02be8f3377ded9,2026-08-21T20:40:00+00:00,model_production_20260820T230248766920Z,production,raw_lgbm,785b65a6b6d2c9334fd60405d611b704a941bb2cbecc860c7dd75980e3ad067f,features_20260821T130951414537Z,8e502cb8298d54aa48ba8cd50e84b7c1b5e6a3a766e5dca4db41d959b7340ecc,features_20260820T130951120586Z,paper
predict_20260821T204000602503Z_824317,predict_20260821T204000602503Z,2026-08-21T20:40:00+00:00,2026-08-21 00:00:00,824317,2026-08-22T00:40:00Z,COL,CLE,Tanner Gordon,Joey Cantillo,0.4573358039081202,0.4685314685314685,0.4942528735632184,0.0257214050317498,0.4105839416058394,0.0467518623022807,143.0,-150.0,False,,False,lineups_not_posted,ineligible,True,False,True,True,9.0,9.0,0.0059772393393644,0.0218428287082923,betrivers,BetRivers,betus,BetUS,best_available_across_quoted_books,all_quoted_books,3102c4dbe9ea0f9ae9ca9caa2e1be844,2026-08-21T20:40:00+00:00,model_production_20260820T230248766920Z,production,raw_lgbm,785b65a6b6d2c9334fd60405d611b704a941bb2cbecc860c7dd75980e3ad067f,features_20260821T130951414537Z,8e502cb8298d54aa48ba8cd50e84b7c1b5e6a3a766e5dca4db41d959b7340ecc,features_20260820T130951120586Z,paper
predict_20260821T204000602503Z_824559,predict_20260821T204000602503Z,2026-08-21T20:40:00+00:00,2026-08-21 00:00:00,824559,2026-08-21T23:40:00Z,CWS,NYM,Sean Burke,Sean Manaea,0.4659980655882644,0.5193370165745859,0.4948905109489051,0.0244465056256807,0.5664275773471791,-0.1004295117589146,-138.0,131.0,False,,False,lineups_not_posted,ineligible,True,False,True,True,9.0,9.0,0.0035871561953418,0.0088652482269504,betonlineag,BetOnline.ag,draftkings,DraftKings,best_available_across_quoted_books,all_quoted_books,4d3658b1534e40fb6966575b9ceae5e0,2026-08-21T20:40:00+00:00,model_production_20260820T230248766920Z,production,raw_lgbm,785b65a6b6d2c9334fd60405d611b704a941bb2cbecc860c7dd75980e3ad067f,features_20260821T130951414537Z,8e502cb8298d54aa48ba8cd50e84b7c1b5e6a3a766e5dca4db41d959b7340ecc,features_20260820T130951120586Z,paper
predict_20260821T204000602503Z_824152,predict_20260821T204000602503Z,2026-08-21T20:40:00+00:00,2026-08-21 00:00:00,824152,2026-08-22T00:10:00Z,HOU,OAK,Hayden Wesneski,J.T. Ginn,0.6071373772596266,0.5837918798712738,0.6186440677966102,0.0348521879253364,0.6229421136484334,-0.0158047363888068,-172.0,165.0,False,,False,lineups_not_posted,ineligible,True,False,False,True,9.0,9.0,0.0031837635686895,0.011343505465283,fanduel,FanDuel,draftkings,DraftKings,best_available_across_quoted_books,all_quoted_books,b6b7ee6fe4dc220d97629d15165310a1,2026-08-21T20:40:00+00:00,model_production_20260820T230248766920Z,production,raw_lgbm,785b65a6b6d2c9334fd60405d611b704a941bb2cbecc860c7dd75980e3ad067f,features_20260821T130951414537Z,8e502cb8298d54aa48ba8cd50e84b7c1b5e6a3a766e5dca4db41d959b7340ecc,features_20260820T130951120586Z,paper
predict_20260821T204000602503Z_824072,predict_20260821T204000602503Z,2026-08-21T20:40:00+00:00,2026-08-21 00:00:00,824072,2026-08-22T00:10:00Z,KC,DET,Noah Cameron,Troy Melton,0.4842032713641455,0.5193370165745859,0.4948905109489051,0.0244465056256807,0.50118697179755,-0.0169837004334044,-102.0,100.0,False,,False,lineups_not_posted,ineligible,True,False,True,True,9.0,9.0,0.0081889059208779,0.020413323185837,betus,BetUS,lowvig,LowVig.ag,best_available_across_quoted_books,all_quoted_books,d693a7de4eeded95f745646a155a9f2b,2026-08-21T20:40:00+00:00,model_production_20260820T230248766920Z,production,raw_lgbm,785b65a6b6d2c9334fd60405d611b704a941bb2cbecc860c7dd75980e3ad067f,features_20260821T130951414537Z,8e502cb8298d54aa48ba8cd50e84b7c1b5e6a3a766e5dca4db41d959b7340ecc,features_20260820T130951120586Z,paper
predict_20260821T204000602503Z_823911,predict_20260821T204000602503Z,2026-08-21T20:40:00+00:00,2026-08-21 00:00:00,823911,2026-08-22T02:10:00Z,LAD,PIT,Yoshinobu Yamamoto,Bubba Chandler,0.6826076543663676,0.6852589641434262,0.7215909090909091,0.0363319449474828,0.6786155747836836,0.0039920795826839,-225.0,212.0,False,,False,lineups_not_posted,ineligible,True,False,False,True,9.0,9.0,0.0046333250854686,0.015701837755379,fanduel,FanDuel,draftkings,DraftKings,best_available_across_quoted_books,all_quoted_books,8cfedfb07af33f8feff3825d2e30c1ff,2026-08-21T20:40:00+00:00,model_production_20260820T230248766920Z,production,raw_lgbm,785b65a6b6d2c9334fd60405d611b704a941bb2cbecc860c7dd75980e3ad067f,features_20260821T130951414537Z,8e502cb8298d54aa48ba8cd50e84b7c1b5e6a3a766e5dca4db41d959b7340ecc,features_20260820T130951120586Z,paper
predict_20260821T204000602503Z_823830,predict_20260821T204000602503Z,2026-08-21T20:40:00+00:00,2026-08-21 00:00:00,823830,2026-08-21T23:10:00Z,MIA,WSH,Ryan Gusto,Brad Lord,0.5714163983899275,0.5354330708661418,0.5753424657534246,0.0399093948872828,0.5764909248055315,-0.005074526415604,-142.0,136.0,False,,True,,eligible_no_edge,True,True,True,True,9.0,9.0,0.0031557434859074,0.0113865849759762,draftkings,DraftKings,fanduel,FanDuel,best_available_across_quoted_books,all_quoted_books,9a3a05b0699b94aa59ea0048eb3a31ea,2026-08-21T20:40:00+00:00,model_production_20260820T230248766920Z,production,raw_lgbm,785b65a6b6d2c9334fd60405d611b704a941bb2cbecc860c7dd75980e3ad067f,features_20260821T130951414537Z,8e502cb8298d54aa48ba8cd50e84b7c1b5e6a3a766e5dca4db41d959b7340ecc,features_20260820T130951120586Z,paper
predict_20260821T204000602503Z_823746,predict_20260821T204000602503Z,2026-08-21T20:40:00+00:00,2026-08-21 00:00:00,823746,2026-08-21T20:10:00Z,MIL,ATL,Jacob Misiorowski,Chris Sale,0.4692409957333875,0.5193370165745859,0.4948905109489051,0.0244465056256807,0.5664665858973001,-0.0972255901639126,-130.0,130.0,True,AWAY,True,,bet_candidate,True,True,True,True,6.0,6.0,0.0173988523162798,0.0452663978399151,draftkings,DraftKings,mybookieag,MyBookie.ag,best_available_across_quoted_books,all_quoted_books,c7e232240c764a7cc09ae780b3289626,2026-08-21T20:40:00+00:00,model_production_20260820T230248766920Z,production,raw_lgbm,785b65a6b6d2c9334fd60405d611b704a941bb2cbecc860c7dd75980e3ad067f,features_20260821T130951414537Z,8e502cb8298d54aa48ba8cd50e84b7c1b5e6a3a766e5dca4db41d959b7340ecc,features_20260820T130951120586Z,paper
predict_20260821T204000602503Z_823510,predict_20260821T204000602503Z,2026-08-21T20:40:00+00:00,2026-08-21 00:00:00,823510,2026-08-21T23:05:00Z,NYY,TOR,Cam Schlittler,Mason Fluharty,0.5681381972254916,0.5870206489675517,0.5753424657534246,0.011678183214127,0.6422270143109194,-0.0740888170854278,-192.0,185.0,True,AWAY,True,,bet_candidate,True,True,True,True,9.0,9.0,0.007164743550005,0.0230841012694036,lowvig,LowVig.ag,betrivers,BetRivers,best_available_across_quoted_books,all_quoted_books,c3be44cb6d56f79e2cd298812a7f7624,2026-08-21T20:40:00+00:00,model_production_20260820T230248766920Z,production,raw_lgbm,785b65a6b6d2c9334fd60405d611b704a941bb2cbecc860c7dd75980e3ad067f,features_20260821T130951414537Z,8e502cb8298d54aa48ba8cd50e84b7c1b5e6a3a766e5dca4db41d959b7340ecc,features_20260820T130951120586Z,paper
predict_20260821T204000602503Z_823420,predict_20260821T204000602503Z,2026-08-21T20:40:00+00:00,2026-08-21 00:00:00,823420,2026-08-21T22:40:00Z,PHI,STL,Jesus Luzardo,Hunter Dobbins,0.5989262888198156,0.5870206489675517,0.6186440677966102,0.0316234188290585,0.7054263565891473,-0.1065000677693317,-245.0,244.0,True,AWAY,True,,bet_candidate,True,True,True,True,9.0,9.0,0.00626759288371,0.0184242579014702,fanduel,FanDuel,betonlineag,BetOnline.ag,best_available_across_quoted_books,all_quoted_books,a889ec328e20424c875cd7f4c5f12ac1,2026-08-21T20:40:00+00:00,model_production_20260820T230248766920Z,production,raw_lgbm,785b65a6b6d2c9334fd60405d611b704a941bb2cbecc860c7dd75980e3ad067f,features_20260821T130951414537Z,8e502cb8298d54aa48ba8cd50e84b7c1b5e6a3a766e5dca4db41d959b7340ecc,features_20260820T130951120586Z,paper
predict_20260821T204000602503Z_823262,predict_20260821T204000602503Z,2026-08-21T20:40:00+00:00,2026-08-21 00:00:00,823262,2026-08-22T01:40:00Z,SD,MIN,,Connor Prielipp,0.5354041383489327,0.5354330708661418,0.5307557117750439,0.0046773590910978,0.525232987515386,0.0101711508335466,-115.0,108.0,False,,False,probable_starter_missing;lineups_not_posted,ineligible,False,False,False,True,9.0,9.0,0.0028491043055777,0.0080215134965878,draftkings,DraftKings,betus,BetUS,best_available_across_quoted_books,all_quoted_books,88b867463b5fd396b643c8da0c9716f9,2026-08-21T20:40:00+00:00,model_production_20260820T230248766920Z,production,raw_lgbm,785b65a6b6d2c9334fd60405d611b704a941bb2cbecc860c7dd75980e3ad067f,features_20260821T130951414537Z,8e502cb8298d54aa48ba8cd50e84b7c1b5e6a3a766e5dca4db41d959b7340ecc,features_20260820T130951120586Z,paper
predict_20260821T204000602503Z_823101,predict_20260821T204000602503Z,2026-08-21T20:40:00+00:00,2026-08-21 00:00:00,823101,2026-08-22T02:10:00Z,SEA,CHC,Emerson Hancock,Matthew Boyd,0.469449681564244,0.453781512605042,0.4948905109489051,0.0411089983438631,0.5035612535612536,-0.0341115719970095,-105.0,100.0,False,,False,lineups_not_posted,ineligible,True,False,False,True,9.0,9.0,0.0031981968874383,0.0105390811749458,draftkings,DraftKings,fanduel,FanDuel,best_available_across_quoted_books,all_quoted_books,49bc0a0fca6a722244ffbaa241ec3095,2026-08-21T20:40:00+00:00,model_production_20260820T230248766920Z,production,raw_lgbm,785b65a6b6d2c9334fd60405d611b704a941bb2cbecc860c7dd75980e3ad067f,features_20260821T130951414537Z,8e502cb8298d54aa48ba8cd50e84b7c1b5e6a3a766e5dca4db41d959b7340ecc,features_20260820T130951120586Z,paper
predict_20260821T204000602503Z_822857,predict_20260821T204000602503Z,2026-08-21T20:40:00+00:00,2026-08-21 00:00:00,822857,2026-08-22T00:15:00Z,TEX,LAA,MacKenzie Gore,Reid Detmers,0.5729503327035441,0.5870206489675517,0.5753424657534246,0.011678183214127,0.5660893345487694,0.0068609981547747,-136.0,130.0,False,,False,lineups_not_posted,ineligible,True,False,True,True,9.0,9.0,0.0046267667629944,0.0180631437989973,betus,BetUS,fanduel,FanDuel,best_available_across_quoted_books,all_quoted_books,140b40a2fbda2cc9de856a1b2a5605f2,2026-08-21T20:40:00+00:00,model_production_20260820T230248766920Z,production,raw_lgbm,785b65a6b6d2c9334fd60405d611b704a941bb2cbecc860c7dd75980e3ad067f,features_20260821T130951414537Z,8e502cb8298d54aa48ba8cd50e84b7c1b5e6a3a766e5dca4db41d959b7340ecc,features_20260820T130951120586Z,paper
predict_20260821T210500602035Z_825045,predict_20260821T210500602035Z,2026-08-21T21:05:00+00:00,2026-08-21 00:00:00,825045,2026-08-22T01:40:00Z,ARI,CIN,Eduardo Rodriguez,Nick Lodolo,0.5275564879757692,0.5354330708661418,0.5307557117750439,0.0046773590910978,0.5733276913854508,-0.0457712034096816,-141.0,132.0,False,,False,lineups_not_posted,ineligible,True,False,True,True,9.0,9.0,0.0025753618721148,0.0089774584226767,draftkings,DraftKings,fanduel,FanDuel,best_available_across_quoted_books,all_quoted_books,4a4bb5c831a75630b5ce38bfb873fdae,2026-08-21T21:05:00+00:00,model_production_20260820T230248766920Z,production,raw_lgbm,785b65a6b6d2c9334fd60405d611b704a941bb2cbecc860c7dd75980e3ad067f,features_20260821T130951414537Z,8e502cb8298d54aa48ba8cd50e84b7c1b5e6a3a766e5dca4db41d959b7340ecc,features_20260820T130951120586Z,paper
predict_20260821T210500602035Z_824800,predict_20260821T210500602035Z,2026-08-21T21:05:00+00:00,2026-08-21 00:00:00,824800,2026-08-21T23:15:00Z,BAL,TB,Trevor Rogers,Freddy Peralta,0.5203189867915861,0.5272232304900182,0.5307557117750439,0.0035324812850257,0.5217391304347826,-0.0014201436431965,-112.0,110.0,False,,True,,eligible_no_edge,True,True,True,True,9.0,9.0,0.005626821402292,0.0157411722693889,lowvig,LowVig.ag,draftkings,DraftKings,best_available_across_quoted_books,all_quoted_books,3f6f94532e616704b578f080ead691b3,2026-08-21T21:05:00+00:00,model_production_20260820T230248766920Z,production,raw_lgbm,785b65a6b6d2c9334fd60405d611b704a941bb2cbecc860c7dd75980e3ad067f,features_20260821T130951414537Z,8e502cb8298d54aa48ba8cd50e84b7c1b5e6a3a766e5dca4db41d959b7340ecc,features_20260820T130951120586Z,paper
predict_20260821T210500602035Z_824721,predict_20260821T210500602035Z,2026-08-21T21:05:00+00:00,2026-08-21 00:00:00,824721,2026-08-21T23:10:00Z,BOS,SF,Sonny Gray,Logan Webb,0.6210722115729298,0.5870206489675517,0.6186440677966102,0.0316234188290585,0.6215390744306487,-0.0004668628577189,-168.0,163.0,False,,True,,eligible_no_edge,True,True,True,True,9.0,9.0,0.0033932870015523,0.0103718252834205,fanduel,FanDuel,draftkings,DraftKings,best_available_across_quoted_books,all_quoted_books,c12f319c29358a2c3e02be8f3377ded9,2026-08-21T21:05:00+00:00,model_production_20260820T230248766920Z,production,raw_lgbm,785b65a6b6d2c9334fd60405d611b704a941bb2cbecc860c7dd75980e3ad067f,features_20260821T130951414537Z,8e502cb8298d54aa48ba8cd50e84b7c1b5e6a3a766e5dca4db41d959b7340ecc,features_20260820T130951120586Z,paper
predict_20260821T210500602035Z_824317,predict_20260821T210500602035Z,2026-08-21T21:05:00+00:00,2026-08-21 00:00:00,824317,2026-08-22T00:40:00Z,COL,CLE,Tanner Gordon,Joey Cantillo,0.4573358039081202,0.4685314685314685,0.4942528735632184,0.0257214050317498,0.4105839416058394,0.0467518623022807,142.0,-145.0,False,,False,lineups_not_posted,ineligible,True,False,True,True,9.0,9.0,0.0059610152206859,0.0189133620559175,fanduel,FanDuel,betus,BetUS,best_available_across_quoted_books,all_quoted_books,3102c4dbe9ea0f9ae9ca9caa2e1be844,2026-08-21T21:05:00+00:00,model_production_20260820T230248766920Z,production,raw_lgbm,785b65a6b6d2c9334fd60405d611b704a941bb2cbecc860c7dd75980e3ad067f,features_20260821T130951414537Z,8e502cb8298d54aa48ba8cd50e84b7c1b5e6a3a766e5dca4db41d959b7340ecc,features_20260820T130951120586Z,paper
predict_20260821T210500602035Z_824559,predict_20260821T210500602035Z,2026-08-21T21:05:00+00:00,2026-08-21 00:00:00,824559,2026-08-21T23:40:00Z,CWS,NYM,Sean Burke,Sean Manaea,0.4659980655882644,0.5193370165745859,0.4948905109489051,0.0244465056256807,0.5660893345487694,-0.1000912689605049,-138.0,131.0,False,,False,lineups_not_posted,ineligible,True,False,True,True,9.0,9.0,0.0036663583701948,0.012057956671448,betonlineag,BetOnline.ag,draftkings,DraftKings,best_available_across_quoted_books,all_quoted_books,4d3658b1534e40fb6966575b9ceae5e0,2026-08-21T21:05:00+00:00,model_production_20260820T230248766920Z,production,raw_lgbm,785b65a6b6d2c9334fd60405d611b704a941bb2cbecc860c7dd75980e3ad067f,features_20260821T130951414537Z,8e502cb8298d54aa48ba8cd50e84b7c1b5e6a3a766e5dca4db41d959b7340ecc,features_20260820T130951120586Z,paper
predict_20260821T210500602035Z_824152,predict_20260821T210500602035Z,2026-08-21T21:05:00+00:00,2026-08-21 00:00:00,824152,2026-08-22T00:10:00Z,HOU,OAK,Hayden Wesneski,J.T. Ginn,0.6139942758059808,0.5870206489675517,0.6186440677966102,0.0316234188290585,0.6238326976193608,-0.00983842181338,-172.0,165.0,False,,True,,eligible_no_edge,True,True,True,True,9.0,9.0,0.0023813259436026,0.0087268600883695,fanduel,FanDuel,draftkings,DraftKings,best_available_across_quoted_books,all_quoted_books,b6b7ee6fe4dc220d97629d15165310a1,2026-08-21T21:05:00+00:00,model_production_20260820T230248766920Z,production,raw_lgbm,785b65a6b6d2c9334fd60405d611b704a941bb2cbecc860c7dd75980e3ad067f,features_20260821T130951414537Z,8e502cb8298d54aa48ba8cd50e84b7c1b5e6a3a766e5dca4db41d959b7340ecc,features_20260820T130951120586Z,paper
predict_20260821T210500602035Z_824072,predict_20260821T210500602035Z,2026-08-21T21:05:00+00:00,2026-08-21 00:00:00,824072,2026-08-22T00:10:00Z,KC,DET,Noah Cameron,Troy Melton,0.4842032713641455,0.5193370165745859,0.4948905109489051,0.0244465056256807,0.5108342361863488,-0.0266309648222032,-104.0,100.0,False,,True,,eligible_no_edge,True,True,True,True,9.0,9.0,0.0038805856992891,0.0116279069767442,fanduel,FanDuel,lowvig,LowVig.ag,best_available_across_quoted_books,all_quoted_books,d693a7de4eeded95f745646a155a9f2b,2026-08-21T21:05:00+00:00,model_production_20260820T230248766920Z,production,raw_lgbm,785b65a6b6d2c9334fd60405d611b704a941bb2cbecc860c7dd75980e3ad067f,features_20260821T130951414537Z,8e502cb8298d54aa48ba8cd50e84b7c1b5e6a3a766e5dca4db41d959b7340ecc,features_20260820T130951120586Z,paper
predict_20260821T210500602035Z_823911,predict_20260821T210500602035Z,2026-08-21T21:05:00+00:00,2026-08-21 00:00:00,823911,2026-08-22T02:10:00Z,LAD,PIT,Yoshinobu Yamamoto,Bubba Chandler,0.6826076543663676,0.6852589641434262,0.7215909090909091,0.0363319449474828,0.6786155747836836,0.0039920795826839,-225.0,212.0,False,,False,lineups_not_posted,ineligible,True,False,False,True,9.0,9.0,0.0046333250854686,0.015701837755379,fanduel,FanDuel,draftkings,DraftKings,best_available_across_quoted_books,all_quoted_books,8cfedfb07af33f8feff3825d2e30c1ff,2026-08-21T21:05:00+00:00,model_production_20260820T230248766920Z,production,raw_lgbm,785b65a6b6d2c9334fd60405d611b704a941bb2cbecc860c7dd75980e3ad067f,features_20260821T130951414537Z,8e502cb8298d54aa48ba8cd50e84b7c1b5e6a3a766e5dca4db41d959b7340ecc,features_20260820T130951120586Z,paper
predict_20260821T210500602035Z_823830,predict_20260821T210500602035Z,2026-08-21T21:05:00+00:00,2026-08-21 00:00:00,823830,2026-08-21T23:10:00Z,MIA,WSH,Ryan Gusto,Brad Lord,0.5714163983899275,0.5354330708661418,0.5753424657534246,0.0399093948872828,0.5765084698306034,-0.0050920714406759,-142.0,136.0,False,,True,,eligible_no_edge,True,True,True,True,9.0,9.0,0.00303506830167,0.0113865849759762,draftkings,DraftKings,fanduel,FanDuel,best_available_across_quoted_books,all_quoted_books,9a3a05b0699b94aa59ea0048eb3a31ea,2026-08-21T21:05:00+00:00,model_production_20260820T230248766920Z,production,raw_lgbm,785b65a6b6d2c9334fd60405d611b704a941bb2cbecc860c7dd75980e3ad067f,features_20260821T130951414537Z,8e502cb8298d54aa48ba8cd50e84b7c1b5e6a3a766e5dca4db41d959b7340ecc,features_20260820T130951120586Z,paper
predict_20260821T210500602035Z_823746,predict_20260821T210500602035Z,2026-08-21T21:05:00+00:00,2026-08-21 00:00:00,823746,2026-08-21T20:10:00Z,MIL,ATL,Jacob Misiorowski,Chris Sale,0.4692409957333875,0.5193370165745859,0.4948905109489051,0.0244465056256807,0.8390628679067577,-0.3698218721733701,-625.0,509.0,False,,True,,eligible_no_edge,True,True,True,True,6.0,6.0,0.0112995736738309,0.0336027004909983,mybookieag,MyBookie.ag,draftkings,DraftKings,best_available_across_quoted_books,all_quoted_books,c7e232240c764a7cc09ae780b3289626,2026-08-21T21:05:00+00:00,model_production_20260820T230248766920Z,production,raw_lgbm,785b65a6b6d2c9334fd60405d611b704a941bb2cbecc860c7dd75980e3ad067f,features_20260821T130951414537Z,8e502cb8298d54aa48ba8cd50e84b7c1b5e6a3a766e5dca4db41d959b7340ecc,features_20260820T130951120586Z,paper
predict_20260821T210500602035Z_823510,predict_20260821T210500602035Z,2026-08-21T21:05:00+00:00,2026-08-21 00:00:00,823510,2026-08-21T23:05:00Z,NYY,TOR,Cam Schlittler,Mason Fluharty,0.5681381972254916,0.5870206489675517,0.5753424657534246,0.011678183214127,0.6422270143109194,-0.0740888170854278,-192.0,185.0,True,AWAY,True,,bet_candidate,True,True,True,True,9.0,9.0,0.0074097812446113,0.0230841012694036,lowvig,LowVig.ag,betrivers,BetRivers,best_available_across_quoted_books,all_quoted_books,c3be44cb6d56f79e2cd298812a7f7624,2026-08-21T21:05:00+00:00,model_production_20260820T230248766920Z,production,raw_lgbm,785b65a6b6d2c9334fd60405d611b704a941bb2cbecc860c7dd75980e3ad067f,features_20260821T130951414537Z,8e502cb8298d54aa48ba8cd50e84b7c1b5e6a3a766e5dca4db41d959b7340ecc,features_20260820T130951120586Z,paper
predict_20260821T210500602035Z_823420,predict_20260821T210500602035Z,2026-08-21T21:05:00+00:00,2026-08-21 00:00:00,823420,2026-08-21T22:40:00Z,PHI,STL,Jesus Luzardo,Hunter Dobbins,0.5989262888198156,0.5870206489675517,0.6186440677966102,0.0316234188290585,0.7054263565891473,-0.1065000677693317,-245.0,244.0,True,AWAY,True,,bet_candidate,True,True,True,True,9.0,9.0,0.0065085671038007,0.0184242579014702,fanduel,FanDuel,betonlineag,BetOnline.ag,best_available_across_quoted_books,all_quoted_books,a889ec328e20424c875cd7f4c5f12ac1,2026-08-21T21:05:00+00:00,model_production_20260820T230248766920Z,production,raw_lgbm,785b65a6b6d2c9334fd60405d611b704a941bb2cbecc860c7dd75980e3ad067f,features_20260821T130951414537Z,8e502cb8298d54aa48ba8cd50e84b7c1b5e6a3a766e5dca4db41d959b7340ecc,features_20260820T130951120586Z,paper
predict_20260821T210500602035Z_823262,predict_20260821T210500602035Z,2026-08-21T21:05:00+00:00,2026-08-21 00:00:00,823262,2026-08-22T01:40:00Z,SD,MIN,,Connor Prielipp,0.5354041383489327,0.5354330708661418,0.5307557117750439,0.0046773590910978,0.525232987515386,0.0101711508335466,-115.0,107.0,False,,False,probable_starter_missing;lineups_not_posted,ineligible,False,False,False,True,9.0,9.0,0.0022429925257185,0.0080215134965878,draftkings,DraftKings,draftkings,DraftKings,best_available_across_quoted_books,all_quoted_books,88b867463b5fd396b643c8da0c9716f9,2026-08-21T21:05:00+00:00,model_production_20260820T230248766920Z,production,raw_lgbm,785b65a6b6d2c9334fd60405d611b704a941bb2cbecc860c7dd75980e3ad067f,features_20260821T130951414537Z,8e502cb8298d54aa48ba8cd50e84b7c1b5e6a3a766e5dca4db41d959b7340ecc,features_20260820T130951120586Z,paper
predict_20260821T210500602035Z_823101,predict_20260821T210500602035Z,2026-08-21T21:05:00+00:00,2026-08-21 00:00:00,823101,2026-08-22T02:10:00Z,SEA,CHC,Emerson Hancock,Matthew Boyd,0.469449681564244,0.453781512605042,0.4948905109489051,0.0411089983438631,0.5035612535612536,-0.0341115719970095,-105.0,100.0,False,,False,lineups_not_posted,ineligible,True,False,False,True,9.0,9.0,0.0031981968874383,0.0105390811749458,draftkings,DraftKings,fanduel,FanDuel,best_available_across_quoted_books,all_quoted_books,49bc0a0fca6a722244ffbaa241ec3095,2026-08-21T21:05:00+00:00,model_production_20260820T230248766920Z,production,raw_lgbm,785b65a6b6d2c9334fd60405d611b704a941bb2cbecc860c7dd75980e3ad067f,features_20260821T130951414537Z,8e502cb8298d54aa48ba8cd50e84b7c1b5e6a3a766e5dca4db41d959b7340ecc,features_20260820T130951120586Z,paper
predict_20260821T210500602035Z_822857,predict_20260821T210500602035Z,2026-08-21T21:05:00+00:00,2026-08-21 00:00:00,822857,2026-08-22T00:15:00Z,TEX,LAA,MacKenzie Gore,Reid Detmers,0.567460939412946,0.5354330708661418,0.5753424657534246,0.0399093948872828,0.5627721335268505,0.0046888058860954,-136.0,130.0,False,,True,,eligible_no_edge,True,True,True,True,9.0,9.0,0.0040998298344541,0.0161701152617326,lowvig,LowVig.ag,fanduel,FanDuel,best_available_across_quoted_books,all_quoted_books,140b40a2fbda2cc9de856a1b2a5605f2,2026-08-21T21:05:00+00:00,model_production_20260820T230248766920Z,production,raw_lgbm,785b65a6b6d2c9334fd60405d611b704a941bb2cbecc860c7dd75980e3ad067f,features_20260821T130951414537Z,8e502cb8298d54aa48ba8cd50e84b7c1b5e6a3a766e5dca4db41d959b7340ecc,features_20260820T130951120586Z,paper
predict_20260821T211000811096Z_825045,predict_20260821T211000811096Z,2026-08-21T21:10:00+00:00,2026-08-21 00:00:00,825045,2026-08-22T01:40:00Z,ARI,CIN,Eduardo Rodriguez,Nick Lodolo,0.5275564879757692,0.5354330708661418,0.5307557117750439,0.0046773590910978,0.5733276913854508,-0.0457712034096816,-141.0,132.0,False,,False,lineups_not_posted,ineligible,True,False,True,True,9.0,9.0,0.0025753618721148,0.0089774584226767,draftkings,DraftKings,fanduel,FanDuel,best_available_across_quoted_books,all_quoted_books,4a4bb5c831a75630b5ce38bfb873fdae,2026-08-21T21:10:00+00:00,model_production_20260820T230248766920Z,production,raw_lgbm,785b65a6b6d2c9334fd60405d611b704a941bb2cbecc860c7dd75980e3ad067f,features_20260821T130951414537Z,8e502cb8298d54aa48ba8cd50e84b7c1b5e6a3a766e5dca4db41d959b7340ecc,features_20260820T130951120586Z,paper
predict_20260821T211000811096Z_824800,predict_20260821T211000811096Z,2026-08-21T21:10:00+00:00,2026-08-21 00:00:00,824800,2026-08-21T23:15:00Z,BAL,TB,Trevor Rogers,Freddy Peralta,0.5203189867915861,0.5272232304900182,0.5307557117750439,0.0035324812850257,0.525232987515386,-0.0049140007237999,-112.0,110.0,False,,True,,eligible_no_edge,True,True,True,True,9.0,9.0,0.0058952054115719,0.0168042546239293,lowvig,LowVig.ag,draftkings,DraftKings,best_available_across_quoted_books,all_quoted_books,3f6f94532e616704b578f080ead691b3,2026-08-21T21:10:00+00:00,model_production_20260820T230248766920Z,production,raw_lgbm,785b65a6b6d2c9334fd60405d611b704a941bb2cbecc860c7dd75980e3ad067f,features_20260821T130951414537Z,8e502cb8298d54aa48ba8cd50e84b7c1b5e6a3a766e5dca4db41d959b7340ecc,features_20260820T130951120586Z,paper
predict_20260821T211000811096Z_824721,predict_20260821T211000811096Z,2026-08-21T21:10:00+00:00,2026-08-21 00:00:00,824721,2026-08-21T23:10:00Z,BOS,SF,Sonny Gray,Logan Webb,0.6210722115729298,0.5870206489675517,0.6186440677966102,0.0316234188290585,0.6215390744306487,-0.0004668628577189,-168.0,163.0,False,,True,,eligible_no_edge,True,True,True,True,9.0,9.0,0.0033932870015523,0.0103718252834205,fanduel,FanDuel,draftkings,DraftKings,best_available_across_quoted_books,all_quoted_books,c12f319c29358a2c3e02be8f3377ded9,2026-08-21T21:10:00+00:00,model_production_20260820T230248766920Z,production,raw_lgbm,785b65a6b6d2c9334fd60405d611b704a941bb2cbecc860c7dd75980e3ad067f,features_20260821T130951414537Z,8e502cb8298d54aa48ba8cd50e84b7c1b5e6a3a766e5dca4db41d959b7340ecc,features_20260820T130951120586Z,paper
predict_20260821T211000811096Z_824317,predict_20260821T211000811096Z,2026-08-21T21:10:00+00:00,2026-08-21 00:00:00,824317,2026-08-22T00:40:00Z,COL,CLE,Tanner Gordon,Joey Cantillo,0.4573358039081202,0.4685314685314685,0.4942528735632184,0.0257214050317498,0.4105839416058394,0.0467518623022807,142.0,-145.0,False,,False,lineups_not_posted,ineligible,True,False,True,True,9.0,9.0,0.0056420711922236,0.0189133620559175,draftkings,DraftKings,betus,BetUS,best_available_across_quoted_books,all_quoted_books,3102c4dbe9ea0f9ae9ca9caa2e1be844,2026-08-21T21:10:00+00:00,model_production_20260820T230248766920Z,production,raw_lgbm,785b65a6b6d2c9334fd60405d611b704a941bb2cbecc860c7dd75980e3ad067f,features_20260821T130951414537Z,8e502cb8298d54aa48ba8cd50e84b7c1b5e6a3a766e5dca4db41d959b7340ecc,features_20260820T130951120586Z,paper
predict_20260821T211000811096Z_824559,predict_20260821T211000811096Z,2026-08-21T21:10:00+00:00,2026-08-21 00:00:00,824559,2026-08-21T23:40:00Z,CWS,NYM,Sean Burke,Sean Manaea,0.4659980655882644,0.5193370165745859,0.4948905109489051,0.0244465056256807,0.5660893345487694,-0.1000912689605049,-138.0,131.0,True,AWAY,True,,bet_candidate,True,True,True,True,9.0,9.0,0.0036663583701948,0.012057956671448,betonlineag,BetOnline.ag,draftkings,DraftKings,best_available_across_quoted_books,all_quoted_books,4d3658b1534e40fb6966575b9ceae5e0,2026-08-21T21:10:00+00:00,model_production_20260820T230248766920Z,production,raw_lgbm,785b65a6b6d2c9334fd60405d611b704a941bb2cbecc860c7dd75980e3ad067f,features_20260821T130951414537Z,8e502cb8298d54aa48ba8cd50e84b7c1b5e6a3a766e5dca4db41d959b7340ecc,features_20260820T130951120586Z,paper
predict_20260821T211000811096Z_824152,predict_20260821T211000811096Z,2026-08-21T21:10:00+00:00,2026-08-21 00:00:00,824152,2026-08-22T00:10:00Z,HOU,OAK,Hayden Wesneski,J.T. Ginn,0.6139942758059808,0.5870206489675517,0.6186440677966102,0.0316234188290585,0.6229421136484334,-0.0089478378424526,-172.0,165.0,False,,True,,eligible_no_edge,True,True,True,True,9.0,9.0,0.0024923714374104,0.0087268600883695,fanduel,FanDuel,draftkings,DraftKings,best_available_across_quoted_books,all_quoted_books,b6b7ee6fe4dc220d97629d15165310a1,2026-08-21T21:10:00+00:00,model_production_20260820T230248766920Z,production,raw_lgbm,785b65a6b6d2c9334fd60405d611b704a941bb2cbecc860c7dd75980e3ad067f,features_20260821T130951414537Z,8e502cb8298d54aa48ba8cd50e84b7c1b5e6a3a766e5dca4db41d959b7340ecc,features_20260820T130951120586Z,paper
predict_20260821T211000811096Z_824072,predict_20260821T211000811096Z,2026-08-21T21:10:00+00:00,2026-08-21 00:00:00,824072,2026-08-22T00:10:00Z,KC,DET,Noah Cameron,Troy Melton,0.4842032713641455,0.5193370165745859,0.4948905109489051,0.0244465056256807,0.5108342361863488,-0.0266309648222032,-104.0,100.0,False,,True,,eligible_no_edge,True,True,True,True,9.0,9.0,0.0036704137462108,0.0116279069767442,fanduel,FanDuel,lowvig,LowVig.ag,best_available_across_quoted_books,all_quoted_books,d693a7de4eeded95f745646a155a9f2b,2026-08-21T21:10:00+00:00,model_production_20260820T230248766920Z,production,raw_lgbm,785b65a6b6d2c9334fd60405d611b704a941bb2cbecc860c7dd75980e3ad067f,features_20260821T130951414537Z,8e502cb8298d54aa48ba8cd50e84b7c1b5e6a3a766e5dca4db41d959b7340ecc,features_20260820T130951120586Z,paper
predict_20260821T211000811096Z_823911,predict_20260821T211000811096Z,2026-08-21T21:10:00+00:00,2026-08-21 00:00:00,823911,2026-08-22T02:10:00Z,LAD,PIT,Yoshinobu Yamamoto,Bubba Chandler,0.6826076543663676,0.6852589641434262,0.7215909090909091,0.0363319449474828,0.6786155747836836,0.0039920795826839,-225.0,212.0,False,,False,lineups_not_posted,ineligible,True,False,False,True,9.0,9.0,0.0046333250854686,0.015701837755379,fanduel,FanDuel,draftkings,DraftKings,best_available_across_quoted_books,all_quoted_books,8cfedfb07af33f8feff3825d2e30c1ff,2026-08-21T21:10:00+00:00,model_production_20260820T230248766920Z,production,raw_lgbm,785b65a6b6d2c9334fd60405d611b704a941bb2cbecc860c7dd75980e3ad067f,features_20260821T130951414537Z,8e502cb8298d54aa48ba8cd50e84b7c1b5e6a3a766e5dca4db41d959b7340ecc,features_20260820T130951120586Z,paper
predict_20260821T211000811096Z_823830,predict_20260821T211000811096Z,2026-08-21T21:10:00+00:00,2026-08-21 00:00:00,823830,2026-08-21T23:10:00Z,MIA,WSH,Ryan Gusto,Brad Lord,0.5714163983899275,0.5354330708661418,0.5753424657534246,0.0399093948872828,0.5764909248055315,-0.005074526415604,-141.0,136.0,False,,True,,eligible_no_edge,True,True,True,True,9.0,9.0,0.0039418347507246,0.015152445346113,betrivers,BetRivers,fanduel,FanDuel,best_available_across_quoted_books,all_quoted_books,9a3a05b0699b94aa59ea0048eb3a31ea,2026-08-21T21:10:00+00:00,model_production_20260820T230248766920Z,production,raw_lgbm,785b65a6b6d2c9334fd60405d611b704a941bb2cbecc860c7dd75980e3ad067f,features_20260821T130951414537Z,8e502cb8298d54aa48ba8cd50e84b7c1b5e6a3a766e5dca4db41d959b7340ecc,features_20260820T130951120586Z,paper
predict_20260821T211000811096Z_823746,predict_20260821T211000811096Z,2026-08-21T21:10:00+00:00,2026-08-21 00:00:00,823746,2026-08-21T20:10:00Z,MIL,ATL,Jacob Misiorowski,Chris Sale,0.4692409957333875,0.5193370165745859,0.4948905109489051,0.0244465056256807,0.8384577622178873,-0.3692167664844997,-538.0,525.0,False,,True,,eligible_no_edge,True,True,True,True,6.0,6.0,0.0101122418743537,0.0320011097471912,draftkings,DraftKings,mybookieag,MyBookie.ag,best_available_across_quoted_books,all_quoted_books,c7e232240c764a7cc09ae780b3289626,2026-08-21T21:10:00+00:00,model_production_20260820T230248766920Z,production,raw_lgbm,785b65a6b6d2c9334fd60405d611b704a941bb2cbecc860c7dd75980e3ad067f,features_20260821T130951414537Z,8e502cb8298d54aa48ba8cd50e84b7c1b5e6a3a766e5dca4db41d959b7340ecc,features_20260820T130951120586Z,paper
predict_20260821T211000811096Z_823510,predict_20260821T211000811096Z,2026-08-21T21:10:00+00:00,2026-08-21 00:00:00,823510,2026-08-21T23:05:00Z,NYY,TOR,Cam Schlittler,Mason Fluharty,0.5681381972254916,0.5870206489675517,0.5753424657534246,0.011678183214127,0.6422270143109194,-0.0740888170854278,-192.0,185.0,True,AWAY,True,,bet_candidate,True,True,True,True,9.0,9.0,0.0074097812446113,0.0230841012694036,lowvig,LowVig.ag,betrivers,BetRivers,best_available_across_quoted_books,all_quoted_books,c3be44cb6d56f79e2cd298812a7f7624,2026-08-21T21:10:00+00:00,model_production_20260820T230248766920Z,production,raw_lgbm,785b65a6b6d2c9334fd60405d611b704a941bb2cbecc860c7dd75980e3ad067f,features_20260821T130951414537Z,8e502cb8298d54aa48ba8cd50e84b7c1b5e6a3a766e5dca4db41d959b7340ecc,features_20260820T130951120586Z,paper
predict_20260821T211000811096Z_823420,predict_20260821T211000811096Z,2026-08-21T21:10:00+00:00,2026-08-21 00:00:00,823420,2026-08-21T22:40:00Z,PHI,STL,Jesus Luzardo,Hunter Dobbins,0.5989262888198156,0.5870206489675517,0.6186440677966102,0.0316234188290585,0.7054263565891473,-0.1065000677693317,-246.0,244.0,True,AWAY,True,,bet_candidate,True,True,True,True,9.0,9.0,0.0057083333007525,0.0168838709085623,draftkings,DraftKings,betonlineag,BetOnline.ag,best_available_across_quoted_books,all_quoted_books,a889ec328e20424c875cd7f4c5f12ac1,2026-08-21T21:10:00+00:00,model_production_20260820T230248766920Z,production,raw_lgbm,785b65a6b6d2c9334fd60405d611b704a941bb2cbecc860c7dd75980e3ad067f,features_20260821T130951414537Z,8e502cb8298d54aa48ba8cd50e84b7c1b5e6a3a766e5dca4db41d959b7340ecc,features_20260820T130951120586Z,paper
predict_20260821T211000811096Z_823262,predict_20260821T211000811096Z,2026-08-21T21:10:00+00:00,2026-08-21 00:00:00,823262,2026-08-22T01:40:00Z,SD,MIN,,Connor Prielipp,0.5354041383489327,0.5354330708661418,0.5307557117750439,0.0046773590910978,0.525232987515386,0.0101711508335466,-115.0,107.0,False,,False,probable_starter_missing;lineups_not_posted,ineligible,False,False,False,True,9.0,9.0,0.0022429925257185,0.0080215134965878,draftkings,DraftKings,draftkings,DraftKings,best_available_across_quoted_books,all_quoted_books,88b867463b5fd396b643c8da0c9716f9,2026-08-21T21:10:00+00:00,model_production_20260820T230248766920Z,production,raw_lgbm,785b65a6b6d2c9334fd60405d611b704a941bb2cbecc860c7dd75980e3ad067f,features_20260821T130951414537Z,8e502cb8298d54aa48ba8cd50e84b7c1b5e6a3a766e5dca4db41d959b7340ecc,features_20260820T130951120586Z,paper
predict_20260821T211000811096Z_823101,predict_20260821T211000811096Z,2026-08-21T21:10:00+00:00,2026-08-21 00:00:00,823101,2026-08-22T02:10:00Z,SEA,CHC,Emerson Hancock,Matthew Boyd,0.469449681564244,0.453781512605042,0.4948905109489051,0.0411089983438631,0.5035612535612536,-0.0341115719970095,-105.0,100.0,False,,False,lineups_not_posted,ineligible,True,False,False,True,9.0,9.0,0.0031981968874383,0.0105390811749458,draftkings,DraftKings,fanduel,FanDuel,best_available_across_quoted_books,all_quoted_books,49bc0a0fca6a722244ffbaa241ec3095,2026-08-21T21:10:00+00:00,model_production_20260820T230248766920Z,production,raw_lgbm,785b65a6b6d2c9334fd60405d611b704a941bb2cbecc860c7dd75980e3ad067f,features_20260821T130951414537Z,8e502cb8298d54aa48ba8cd50e84b7c1b5e6a3a766e5dca4db41d959b7340ecc,features_20260820T130951120586Z,paper
predict_20260821T211000811096Z_822857,predict_20260821T211000811096Z,2026-08-21T21:10:00+00:00,2026-08-21 00:00:00,822857,2026-08-22T00:15:00Z,TEX,LAA,MacKenzie Gore,Reid Detmers,0.567460939412946,0.5354330708661418,0.5753424657534246,0.0399093948872828,0.5627721335268505,0.0046888058860954,-136.0,130.0,False,,True,,eligible_no_edge,True,True,True,True,9.0,9.0,0.0040697914945286,0.0161701152617326,lowvig,LowVig.ag,fanduel,FanDuel,best_available_across_quoted_books,all_quoted_books,140b40a2fbda2cc9de856a1b2a5605f2,2026-08-21T21:10:00+00:00,model_production_20260820T230248766920Z,production,raw_lgbm,785b65a6b6d2c9334fd60405d611b704a941bb2cbecc860c7dd75980e3ad067f,features_20260821T130951414537Z,8e502cb8298d54aa48ba8cd50e84b7c1b5e6a3a766e5dca4db41d959b7340ecc,features_20260820T130951120586Z,paper
predict_20260821T211500630720Z_825045,predict_20260821T211500630720Z,2026-08-21T21:15:00+00:00,2026-08-21 00:00:00,825045,2026-08-22T01:40:00Z,ARI,CIN,Eduardo Rodriguez,Nick Lodolo,0.5275564879757692,0.5354330708661418,0.5307557117750439,0.0046773590910978,0.5733276913854508,-0.0457712034096816,-141.0,132.0,False,,False,lineups_not_posted,ineligible,True,False,True,True,9.0,9.0,0.0025753618721148,0.0089774584226767,draftkings,DraftKings,fanduel,FanDuel,best_available_across_quoted_books,all_quoted_books,4a4bb5c831a75630b5ce38bfb873fdae,2026-08-21T21:15:00+00:00,model_production_20260820T230248766920Z,production,raw_lgbm,785b65a6b6d2c9334fd60405d611b704a941bb2cbecc860c7dd75980e3ad067f,features_20260821T130951414537Z,8e502cb8298d54aa48ba8cd50e84b7c1b5e6a3a766e5dca4db41d959b7340ecc,features_20260820T130951120586Z,paper
predict_20260821T211500630720Z_824800,predict_20260821T211500630720Z,2026-08-21T21:15:00+00:00,2026-08-21 00:00:00,824800,2026-08-21T23:15:00Z,BAL,TB,Trevor Rogers,Freddy Peralta,0.5203189867915861,0.5272232304900182,0.5307557117750439,0.0035324812850257,0.5230171935662784,-0.0026982067746923,-113.0,110.0,False,,True,,eligible_no_edge,True,True,True,True,9.0,9.0,0.0052483120900245,0.0168042546239293,lowvig,LowVig.ag,draftkings,DraftKings,best_available_across_quoted_books,all_quoted_books,3f6f94532e616704b578f080ead691b3,2026-08-21T21:15:00+00:00,model_production_20260820T230248766920Z,production,raw_lgbm,785b65a6b6d2c9334fd60405d611b704a941bb2cbecc860c7dd75980e3ad067f,features_20260821T130951414537Z,8e502cb8298d54aa48ba8cd50e84b7c1b5e6a3a766e5dca4db41d959b7340ecc,features_20260820T130951120586Z,paper
predict_20260821T211500630720Z_824721,predict_20260821T211500630720Z,2026-08-21T21:15:00+00:00,2026-08-21 00:00:00,824721,2026-08-21T23:10:00Z,BOS,SF,Sonny Gray,Logan Webb,0.6210722115729298,0.5870206489675517,0.6186440677966102,0.0316234188290585,0.6215390744306487,-0.0004668628577189,-168.0,163.0,False,,True,,eligible_no_edge,True,True,True,True,9.0,9.0,0.0033932870015523,0.0103718252834205,fanduel,FanDuel,draftkings,DraftKings,best_available_across_quoted_books,all_quoted_books,c12f319c29358a2c3e02be8f3377ded9,2026-08-21T21:15:00+00:00,model_production_20260820T230248766920Z,production,raw_lgbm,785b65a6b6d2c9334fd60405d611b704a941bb2cbecc860c7dd75980e3ad067f,features_20260821T130951414537Z,8e502cb8298d54aa48ba8cd50e84b7c1b5e6a3a766e5dca4db41d959b7340ecc,features_20260820T130951120586Z,paper
predict_20260821T211500630720Z_824317,predict_20260821T211500630720Z,2026-08-21T21:15:00+00:00,2026-08-21 00:00:00,824317,2026-08-22T00:40:00Z,COL,CLE,Tanner Gordon,Joey Cantillo,0.4573358039081202,0.4685314685314685,0.4942528735632184,0.0257214050317498,0.4105839416058394,0.0467518623022807,142.0,-145.0,False,,False,lineups_not_posted,ineligible,True,False,True,True,9.0,9.0,0.0056420711922236,0.0189133620559175,draftkings,DraftKings,betus,BetUS,best_available_across_quoted_books,all_quoted_books,3102c4dbe9ea0f9ae9ca9caa2e1be844,2026-08-21T21:15:00+00:00,model_production_20260820T230248766920Z,production,raw_lgbm,785b65a6b6d2c9334fd60405d611b704a941bb2cbecc860c7dd75980e3ad067f,features_20260821T130951414537Z,8e502cb8298d54aa48ba8cd50e84b7c1b5e6a3a766e5dca4db41d959b7340ecc,features_20260820T130951120586Z,paper
predict_20260821T211500630720Z_824559,predict_20260821T211500630720Z,2026-08-21T21:15:00+00:00,2026-08-21 00:00:00,824559,2026-08-21T23:40:00Z,CWS,NYM,Sean Burke,Sean Manaea,0.4659980655882644,0.5193370165745859,0.4948905109489051,0.0244465056256807,0.5656028368794326,-0.0996047712911681,-134.0,125.0,True,AWAY,True,,bet_candidate,True,True,True,True,9.0,9.0,0.0035270219190101,0.011536984491372,fanduel,FanDuel,betonlineag,BetOnline.ag,best_available_across_quoted_books,all_quoted_books,4d3658b1534e40fb6966575b9ceae5e0,2026-08-21T21:15:00+00:00,model_production_20260820T230248766920Z,production,raw_lgbm,785b65a6b6d2c9334fd60405d611b704a941bb2cbecc860c7dd75980e3ad067f,features_20260821T130951414537Z,8e502cb8298d54aa48ba8cd50e84b7c1b5e6a3a766e5dca4db41d959b7340ecc,features_20260820T130951120586Z,paper
predict_20260821T211500630720Z_824152,predict_20260821T211500630720Z,2026-08-21T21:15:00+00:00,2026-08-21 00:00:00,824152,2026-08-22T00:10:00Z,HOU,OAK,Hayden Wesneski,J.T. Ginn,0.6139942758059808,0.5870206489675517,0.6186440677966102,0.0316234188290585,0.6229421136484334,-0.0089478378424526,-172.0,165.0,False,,True,,eligible_no_edge,True,True,True,True,9.0,9.0,0.0024923714374104,0.0087268600883695,fanduel,FanDuel,draftkings,DraftKings,best_available_across_quoted_books,all_quoted_books,b6b7ee6fe4dc220d97629d15165310a1,2026-08-21T21:15:00+00:00,model_production_20260820T230248766920Z,production,raw_lgbm,785b65a6b6d2c9334fd60405d611b704a941bb2cbecc860c7dd75980e3ad067f,features_20260821T130951414537Z,8e502cb8298d54aa48ba8cd50e84b7c1b5e6a3a766e5dca4db41d959b7340ecc,features_20260820T130951120586Z,paper
predict_20260821T211500630720Z_824072,predict_20260821T211500630720Z,2026-08-21T21:15:00+00:00,2026-08-21 00:00:00,824072,2026-08-22T00:10:00Z,KC,DET,Noah Cameron,Troy Melton,0.4842032713641455,0.5193370165745859,0.4948905109489051,0.0244465056256807,0.5108342361863488,-0.0266309648222032,-104.0,100.0,False,,True,,eligible_no_edge,True,True,True,True,9.0,9.0,0.0036704137462108,0.0116279069767442,fanduel,FanDuel,lowvig,LowVig.ag,best_available_across_quoted_books,all_quoted_books,d693a7de4eeded95f745646a155a9f2b,2026-08-21T21:15:00+00:00,model_production_20260820T230248766920Z,production,raw_lgbm,785b65a6b6d2c9334fd60405d611b704a941bb2cbecc860c7dd75980e3ad067f,features_20260821T130951414537Z,8e502cb8298d54aa48ba8cd50e84b7c1b5e6a3a766e5dca4db41d959b7340ecc,features_20260820T130951120586Z,paper
predict_20260821T211500630720Z_823911,predict_20260821T211500630720Z,2026-08-21T21:15:00+00:00,2026-08-21 00:00:00,823911,2026-08-22T02:10:00Z,LAD,PIT,Yoshinobu Yamamoto,Bubba Chandler,0.6826076543663676,0.6852589641434262,0.7215909090909091,0.0363319449474828,0.6786155747836836,0.0039920795826839,-225.0,212.0,False,,False,lineups_not_posted,ineligible,True,False,False,True,9.0,9.0,0.0046333250854686,0.015701837755379,fanduel,FanDuel,draftkings,DraftKings,best_available_across_quoted_books,all_quoted_books,8cfedfb07af33f8feff3825d2e30c1ff,2026-08-21T21:15:00+00:00,model_production_20260820T230248766920Z,production,raw_lgbm,785b65a6b6d2c9334fd60405d611b704a941bb2cbecc860c7dd75980e3ad067f,features_20260821T130951414537Z,8e502cb8298d54aa48ba8cd50e84b7c1b5e6a3a766e5dca4db41d959b7340ecc,features_20260820T130951120586Z,paper
predict_20260821T211500630720Z_823830,predict_20260821T211500630720Z,2026-08-21T21:15:00+00:00,2026-08-21 00:00:00,823830,2026-08-21T23:10:00Z,MIA,WSH,Ryan Gusto,Brad Lord,0.5714163983899275,0.5354330708661418,0.5753424657534246,0.0399093948872828,0.5764909248055315,-0.005074526415604,-141.0,136.0,False,,True,,eligible_no_edge,True,True,True,True,9.0,9.0,0.0039418347507246,0.015152445346113,betrivers,BetRivers,fanduel,FanDuel,best_available_across_quoted_books,all_quoted_books,9a3a05b0699b94aa59ea0048eb3a31ea,2026-08-21T21:15:00+00:00,model_production_20260820T230248766920Z,production,raw_lgbm,785b65a6b6d2c9334fd60405d611b704a941bb2cbecc860c7dd75980e3ad067f,features_20260821T130951414537Z,8e502cb8298d54aa48ba8cd50e84b7c1b5e6a3a766e5dca4db41d959b7340ecc,features_20260820T130951120586Z,paper
predict_20260821T211500630720Z_823746,predict_20260821T211500630720Z,2026-08-21T21:15:00+00:00,2026-08-21 00:00:00,823746,2026-08-21T20:10:00Z,MIL,ATL,Jacob Misiorowski,Chris Sale,0.4692409957333875,0.5193370165745859,0.4948905109489051,0.0244465056256807,0.8231114274007462,-0.3538704316673586,-480.0,525.0,False,,True,,eligible_no_edge,True,True,True,True,6.0,6.0,0.0173657850035485,0.0472607556085402,draftkings,DraftKings,mybookieag,MyBookie.ag,best_available_across_quoted_books,all_quoted_books,c7e232240c764a7cc09ae780b3289626,2026-08-21T21:15:00+00:00,model_production_20260820T230248766920Z,production,raw_lgbm,785b65a6b6d2c9334fd60405d611b704a941bb2cbecc860c7dd75980e3ad067f,features_20260821T130951414537Z,8e502cb8298d54aa48ba8cd50e84b7c1b5e6a3a766e5dca4db41d959b7340ecc,features_20260820T130951120586Z,paper
predict_20260821T211500630720Z_823510,predict_20260821T211500630720Z,2026-08-21T21:15:00+00:00,2026-08-21 00:00:00,823510,2026-08-21T23:05:00Z,NYY,TOR,Cam Schlittler,Mason Fluharty,0.5681381972254916,0.5870206489675517,0.5753424657534246,0.011678183214127,0.6422270143109194,-0.0740888170854278,-192.0,185.0,True,AWAY,True,,bet_candidate,True,True,True,True,9.0,9.0,0.0074097812446113,0.0230841012694036,lowvig,LowVig.ag,betrivers,BetRivers,best_available_across_quoted_books,all_quoted_books,c3be44cb6d56f79e2cd298812a7f7624,2026-08-21T21:15:00+00:00,model_production_20260820T230248766920Z,production,raw_lgbm,785b65a6b6d2c9334fd60405d611b704a941bb2cbecc860c7dd75980e3ad067f,features_20260821T130951414537Z,8e502cb8298d54aa48ba8cd50e84b7c1b5e6a3a766e5dca4db41d959b7340ecc,features_20260820T130951120586Z,paper
predict_20260821T211500630720Z_823420,predict_20260821T211500630720Z,2026-08-21T21:15:00+00:00,2026-08-21 00:00:00,823420,2026-08-21T22:40:00Z,PHI,STL,Jesus Luzardo,Hunter Dobbins,0.5989262888198156,0.5870206489675517,0.6186440677966102,0.0316234188290585,0.7054263565891473,-0.1065000677693317,-246.0,244.0,True,AWAY,True,,bet_candidate,True,True,True,True,9.0,9.0,0.0057083333007525,0.0168838709085623,draftkings,DraftKings,betonlineag,BetOnline.ag,best_available_across_quoted_books,all_quoted_books,a889ec328e20424c875cd7f4c5f12ac1,2026-08-21T21:15:00+00:00,model_production_20260820T230248766920Z,production,raw_lgbm,785b65a6b6d2c9334fd60405d611b704a941bb2cbecc860c7dd75980e3ad067f,features_20260821T130951414537Z,8e502cb8298d54aa48ba8cd50e84b7c1b5e6a3a766e5dca4db41d959b7340ecc,features_20260820T130951120586Z,paper
predict_20260821T211500630720Z_823262,predict_20260821T211500630720Z,2026-08-21T21:15:00+00:00,2026-08-21 00:00:00,823262,2026-08-22T01:40:00Z,SD,MIN,,Connor Prielipp,0.5354041383489327,0.5354330708661418,0.5307557117750439,0.0046773590910978,0.525232987515386,0.0101711508335466,-115.0,107.0,False,,False,probable_starter_missing;lineups_not_posted,ineligible,False,False,True,True,9.0,9.0,0.0036366050220159,0.01314459049545,draftkings,DraftKings,draftkings,DraftKings,best_available_across_quoted_books,all_quoted_books,88b867463b5fd396b643c8da0c9716f9,2026-08-21T21:15:00+00:00,model_production_20260820T230248766920Z,production,raw_lgbm,785b65a6b6d2c9334fd60405d611b704a941bb2cbecc860c7dd75980e3ad067f,features_20260821T130951414537Z,8e502cb8298d54aa48ba8cd50e84b7c1b5e6a3a766e5dca4db41d959b7340ecc,features_20260820T130951120586Z,paper
predict_20260821T211500630720Z_823101,predict_20260821T211500630720Z,2026-08-21T21:15:00+00:00,2026-08-21 00:00:00,823101,2026-08-22T02:10:00Z,SEA,CHC,Emerson Hancock,Matthew Boyd,0.469449681564244,0.453781512605042,0.4948905109489051,0.0411089983438631,0.5035612535612536,-0.0341115719970095,-105.0,100.0,False,,False,lineups_not_posted,ineligible,True,False,False,True,9.0,9.0,0.0031981968874383,0.0105390811749458,draftkings,DraftKings,fanduel,FanDuel,best_available_across_quoted_books,all_quoted_books,49bc0a0fca6a722244ffbaa241ec3095,2026-08-21T21:15:00+00:00,model_production_20260820T230248766920Z,production,raw_lgbm,785b65a6b6d2c9334fd60405d611b704a941bb2cbecc860c7dd75980e3ad067f,features_20260821T130951414537Z,8e502cb8298d54aa48ba8cd50e84b7c1b5e6a3a766e5dca4db41d959b7340ecc,features_20260820T130951120586Z,paper
predict_20260821T211500630720Z_822857,predict_20260821T211500630720Z,2026-08-21T21:15:00+00:00,2026-08-21 00:00:00,822857,2026-08-22T00:15:00Z,TEX,LAA,MacKenzie Gore,Reid Detmers,0.567460939412946,0.5354330708661418,0.5753424657534246,0.0399093948872828,0.5627721335268505,0.0046888058860954,-136.0,130.0,False,,True,,eligible_no_edge,True,True,True,True,9.0,9.0,0.0040697914945286,0.0161701152617326,lowvig,LowVig.ag,fanduel,FanDuel,best_available_across_quoted_books,all_quoted_books,140b40a2fbda2cc9de856a1b2a5605f2,2026-08-21T21:15:00+00:00,model_production_20260820T230248766920Z,production,raw_lgbm,785b65a6b6d2c9334fd60405d611b704a941bb2cbecc860c7dd75980e3ad067f,features_20260821T130951414537Z,8e502cb8298d54aa48ba8cd50e84b7c1b5e6a3a766e5dca4db41d959b7340ecc,features_20260820T130951120586Z,paper
predict_20260821T214001005079Z_825045,predict_20260821T214001005079Z,2026-08-21T21:40:01+00:00,2026-08-21 00:00:00,825045,2026-08-22T01:40:00Z,ARI,CIN,Eduardo Rodriguez,Nick Lodolo,0.5524272980472515,0.5870206489675517,0.5407098121085596,0.046310836858992,0.574468085106383,-0.0220407870591314,-141.0,132.0,False,,True,,eligible_no_edge,True,True,True,True,9.0,9.0,0.0021445509579679,0.0072071313365023,draftkings,DraftKings,fanduel,FanDuel,best_available_across_quoted_books,all_quoted_books,4a4bb5c831a75630b5ce38bfb873fdae,2026-08-21T21:40:01+00:00,model_production_20260820T230248766920Z,production,raw_lgbm,785b65a6b6d2c9334fd60405d611b704a941bb2cbecc860c7dd75980e3ad067f,features_20260821T130951414537Z,8e502cb8298d54aa48ba8cd50e84b7c1b5e6a3a766e5dca4db41d959b7340ecc,features_20260820T130951120586Z,paper
predict_20260821T214001005079Z_824800,predict_20260821T214001005079Z,2026-08-21T21:40:01+00:00,2026-08-21 00:00:00,824800,2026-08-21T23:15:00Z,BAL,TB,Trevor Rogers,Freddy Peralta,0.5203189867915861,0.5272232304900182,0.5307557117750439,0.0035324812850257,0.5217391304347826,-0.0014201436431965,-111.0,107.0,False,,True,,eligible_no_edge,True,True,True,True,9.0,9.0,0.005466749973336,0.0197306788005189,betus,BetUS,draftkings,DraftKings,best_available_across_quoted_books,all_quoted_books,3f6f94532e616704b578f080ead691b3,2026-08-21T21:40:01+00:00,model_production_20260820T230248766920Z,production,raw_lgbm,785b65a6b6d2c9334fd60405d611b704a941bb2cbecc860c7dd75980e3ad067f,features_20260821T130951414537Z,8e502cb8298d54aa48ba8cd50e84b7c1b5e6a3a766e5dca4db41d959b7340ecc,features_20260820T130951120586Z,paper
predict_20260821T214001005079Z_824721,predict_20260821T214001005079Z,2026-08-21T21:40:01+00:00,2026-08-21 00:00:00,824721,2026-08-21T23:10:00Z,BOS,SF,Sonny Gray,Logan Webb,0.6210722115729298,0.5870206489675517,0.6186440677966102,0.0316234188290585,0.622910184062022,-0.0018379724890922,-168.0,163.0,False,,True,,eligible_no_edge,True,True,True,True,9.0,9.0,0.0034108227332879,0.0103718252834205,fanduel,FanDuel,draftkings,DraftKings,best_available_across_quoted_books,all_quoted_books,c12f319c29358a2c3e02be8f3377ded9,2026-08-21T21:40:01+00:00,model_production_20260820T230248766920Z,production,raw_lgbm,785b65a6b6d2c9334fd60405d611b704a941bb2cbecc860c7dd75980e3ad067f,features_20260821T130951414537Z,8e502cb8298d54aa48ba8cd50e84b7c1b5e6a3a766e5dca4db41d959b7340ecc,features_20260820T130951120586Z,paper
predict_20260821T214001005079Z_824317,predict_20260821T214001005079Z,2026-08-21T21:40:01+00:00,2026-08-21 00:00:00,824317,2026-08-22T00:40:00Z,COL,CLE,Tanner Gordon,Joey Cantillo,0.4246288805984094,0.453781512605042,0.427797833935018,0.0259836786700239,0.4172836182527931,0.0073452623456163,140.0,-146.0,False,,True,,eligible_no_edge,True,True,True,True,9.0,9.0,0.0053015204866169,0.0169386241928243,draftkings,DraftKings,fanduel,FanDuel,best_available_across_quoted_books,all_quoted_books,3102c4dbe9ea0f9ae9ca9caa2e1be844,2026-08-21T21:40:01+00:00,model_production_20260820T230248766920Z,production,raw_lgbm,785b65a6b6d2c9334fd60405d611b704a941bb2cbecc860c7dd75980e3ad067f,features_20260821T130951414537Z,8e502cb8298d54aa48ba8cd50e84b7c1b5e6a3a766e5dca4db41d959b7340ecc,features_20260820T130951120586Z,paper
predict_20260821T214001005079Z_824559,predict_20260821T214001005079Z,2026-08-21T21:40:01+00:00,2026-08-21 00:00:00,824559,2026-08-21T23:40:00Z,CWS,NYM,Sean Burke,Sean Manaea,0.4659980655882644,0.5193370165745859,0.4948905109489051,0.0244465056256807,0.5374878286270691,-0.0714897630388046,-122.0,116.0,True,AWAY,True,,bet_candidate,True,True,True,True,9.0,9.0,0.0063420410056217,0.0216666035497753,betonlineag,BetOnline.ag,fanduel,FanDuel,best_available_across_quoted_books,all_quoted_books,4d3658b1534e40fb6966575b9ceae5e0,2026-08-21T21:40:01+00:00,model_production_20260820T230248766920Z,production,raw_lgbm,785b65a6b6d2c9334fd60405d611b704a941bb2cbecc860c7dd75980e3ad067f,features_20260821T130951414537Z,8e502cb8298d54aa48ba8cd50e84b7c1b5e6a3a766e5dca4db41d959b7340ecc,features_20260820T130951120586Z,paper
predict_20260821T214001005079Z_824152,predict_20260821T214001005079Z,2026-08-21T21:40:01+00:00,2026-08-21 00:00:00,824152,2026-08-22T00:10:00Z,HOU,OAK,Hayden Wesneski,J.T. Ginn,0.6139942758059808,0.5870206489675517,0.6186440677966102,0.0316234188290585,0.6229421136484334,-0.0089478378424526,-172.0,165.0,False,,True,,eligible_no_edge,True,True,True,True,9.0,9.0,0.0024923714374104,0.0087268600883695,fanduel,FanDuel,draftkings,DraftKings,best_available_across_quoted_books,all_quoted_books,b6b7ee6fe4dc220d97629d15165310a1,2026-08-21T21:40:01+00:00,model_production_20260820T230248766920Z,production,raw_lgbm,785b65a6b6d2c9334fd60405d611b704a941bb2cbecc860c7dd75980e3ad067f,features_20260821T130951414537Z,8e502cb8298d54aa48ba8cd50e84b7c1b5e6a3a766e5dca4db41d959b7340ecc,features_20260820T130951120586Z,paper
predict_20260821T214001005079Z_824072,predict_20260821T214001005079Z,2026-08-21T21:40:01+00:00,2026-08-21 00:00:00,824072,2026-08-22T00:10:00Z,KC,DET,Noah Cameron,Troy Melton,0.4842032713641455,0.5193370165745859,0.4948905109489051,0.0244465056256807,0.5108342361863488,-0.0266309648222032,-103.0,100.0,False,,True,,eligible_no_edge,True,True,True,True,9.0,9.0,0.005797614022438,0.0181939270749906,draftkings,DraftKings,lowvig,LowVig.ag,best_available_across_quoted_books,all_quoted_books,d693a7de4eeded95f745646a155a9f2b,2026-08-21T21:40:01+00:00,model_production_20260820T230248766920Z,production,raw_lgbm,785b65a6b6d2c9334fd60405d611b704a941bb2cbecc860c7dd75980e3ad067f,features_20260821T130951414537Z,8e502cb8298d54aa48ba8cd50e84b7c1b5e6a3a766e5dca4db41d959b7340ecc,features_20260820T130951120586Z,paper
predict_20260821T214001005079Z_823911,predict_20260821T214001005079Z,2026-08-21T21:40:01+00:00,2026-08-21 00:00:00,823911,2026-08-22T02:10:00Z,LAD,PIT,Yoshinobu Yamamoto,Bubba Chandler,0.6826076543663676,0.6852589641434262,0.7215909090909091,0.0363319449474828,0.6786155747836836,0.0039920795826839,-225.0,212.0,False,,False,lineups_not_posted,ineligible,True,False,False,True,9.0,9.0,0.0047390355209675,0.015701837755379,fanduel,FanDuel,draftkings,DraftKings,best_available_across_quoted_books,all_quoted_books,8cfedfb07af33f8feff3825d2e30c1ff,2026-08-21T21:40:01+00:00,model_production_20260820T230248766920Z,production,raw_lgbm,785b65a6b6d2c9334fd60405d611b704a941bb2cbecc860c7dd75980e3ad067f,features_20260821T130951414537Z,8e502cb8298d54aa48ba8cd50e84b7c1b5e6a3a766e5dca4db41d959b7340ecc,features_20260820T130951120586Z,paper
predict_20260821T214001005079Z_823830,predict_20260821T214001005079Z,2026-08-21T21:40:01+00:00,2026-08-21 00:00:00,823830,2026-08-21T23:10:00Z,MIA,WSH,Ryan Gusto,Brad Lord,0.5714163983899275,0.5354330708661418,0.5753424657534246,0.0399093948872828,0.5765084698306034,-0.0050920714406759,-141.0,136.0,False,,True,,eligible_no_edge,True,True,True,True,9.0,9.0,0.0037801461857368,0.015152445346113,betrivers,BetRivers,fanduel,FanDuel,best_available_across_quoted_books,all_quoted_books,9a3a05b0699b94aa59ea0048eb3a31ea,2026-08-21T21:40:01+00:00,model_production_20260820T230248766920Z,production,raw_lgbm,785b65a6b6d2c9334fd60405d611b704a941bb2cbecc860c7dd75980e3ad067f,features_20260821T130951414537Z,8e502cb8298d54aa48ba8cd50e84b7c1b5e6a3a766e5dca4db41d959b7340ecc,features_20260820T130951120586Z,paper
predict_20260821T214001005079Z_823746,predict_20260821T214001005079Z,2026-08-21T21:40:01+00:00,2026-08-21 00:00:00,823746,2026-08-21T20:10:00Z,MIL,ATL,Jacob Misiorowski,Chris Sale,0.4692409957333875,0.5193370165745859,0.4948905109489051,0.0244465056256807,0.8598726114649683,-0.3906316157315808,-700.0,625.0,False,,True,,eligible_no_edge,True,True,True,True,5.0,5.0,0.0111892851237034,0.0321422922392825,fanduel,FanDuel,mybookieag,MyBookie.ag,best_available_across_quoted_books,all_quoted_books,c7e232240c764a7cc09ae780b3289626,2026-08-21T21:40:01+00:00,model_production_20260820T230248766920Z,production,raw_lgbm,785b65a6b6d2c9334fd60405d611b704a941bb2cbecc860c7dd75980e3ad067f,features_20260821T130951414537Z,8e502cb8298d54aa48ba8cd50e84b7c1b5e6a3a766e5dca4db41d959b7340ecc,features_20260820T130951120586Z,paper
predict_20260821T214001005079Z_823510,predict_20260821T214001005079Z,2026-08-21T21:40:01+00:00,2026-08-21 00:00:00,823510,2026-08-21T23:05:00Z,NYY,TOR,Cam Schlittler,Mason Fluharty,0.5681381972254916,0.5870206489675517,0.5753424657534246,0.011678183214127,0.6422270143109194,-0.0740888170854278,-192.0,182.0,True,AWAY,True,,bet_candidate,True,True,True,True,9.0,9.0,0.0058167493475082,0.0160268081747185,lowvig,LowVig.ag,fanduel,FanDuel,best_available_across_quoted_books,all_quoted_books,c3be44cb6d56f79e2cd298812a7f7624,2026-08-21T21:40:01+00:00,model_production_20260820T230248766920Z,production,raw_lgbm,785b65a6b6d2c9334fd60405d611b704a941bb2cbecc860c7dd75980e3ad067f,features_20260821T130951414537Z,8e502cb8298d54aa48ba8cd50e84b7c1b5e6a3a766e5dca4db41d959b7340ecc,features_20260820T130951120586Z,paper
predict_20260821T214001005079Z_823420,predict_20260821T214001005079Z,2026-08-21T21:40:01+00:00,2026-08-21 00:00:00,823420,2026-08-21T22:40:00Z,PHI,STL,Jesus Luzardo,Hunter Dobbins,0.5989262888198156,0.5870206489675517,0.6186440677966102,0.0316234188290585,0.7054263565891473,-0.1065000677693317,-246.0,244.0,True,AWAY,True,,bet_candidate,True,True,True,True,9.0,9.0,0.0056591486448117,0.0168838709085623,draftkings,DraftKings,betonlineag,BetOnline.ag,best_available_across_quoted_books,all_quoted_books,a889ec328e20424c875cd7f4c5f12ac1,2026-08-21T21:40:01+00:00,model_production_20260820T230248766920Z,production,raw_lgbm,785b65a6b6d2c9334fd60405d611b704a941bb2cbecc860c7dd75980e3ad067f,features_20260821T130951414537Z,8e502cb8298d54aa48ba8cd50e84b7c1b5e6a3a766e5dca4db41d959b7340ecc,features_20260820T130951120586Z,paper
predict_20260821T214001005079Z_823262,predict_20260821T214001005079Z,2026-08-21T21:40:01+00:00,2026-08-21 00:00:00,823262,2026-08-22T01:40:00Z,SD,MIN,Randy Vasquez,Connor Prielipp,0.5593722108963518,0.5870206489675517,0.5407098121085596,0.046310836858992,0.525232987515386,0.0341392233809657,-115.0,110.0,False,,True,,eligible_no_edge,True,True,True,True,9.0,9.0,0.0044982460590738,0.0158331239004776,draftkings,DraftKings,betrivers,BetRivers,best_available_across_quoted_books,all_quoted_books,88b867463b5fd396b643c8da0c9716f9,2026-08-21T21:40:01+00:00,model_production_20260820T230248766920Z,production,raw_lgbm,785b65a6b6d2c9334fd60405d611b704a941bb2cbecc860c7dd75980e3ad067f,features_20260821T130951414537Z,8e502cb8298d54aa48ba8cd50e84b7c1b5e6a3a766e5dca4db41d959b7340ecc,features_20260820T130951120586Z,paper
predict_20260821T214001005079Z_823101,predict_20260821T214001005079Z,2026-08-21T21:40:01+00:00,2026-08-21 00:00:00,823101,2026-08-22T02:10:00Z,SEA,CHC,Emerson Hancock,Matthew Boyd,0.469449681564244,0.453781512605042,0.4948905109489051,0.0411089983438631,0.5023229882921391,-0.032873306727895,-105.0,100.0,False,,False,lineups_not_posted,ineligible,True,False,False,True,9.0,9.0,0.0031681663450911,0.0105390811749458,draftkings,DraftKings,fanduel,FanDuel,best_available_across_quoted_books,all_quoted_books,49bc0a0fca6a722244ffbaa241ec3095,2026-08-21T21:40:01+00:00,model_production_20260820T230248766920Z,production,raw_lgbm,785b65a6b6d2c9334fd60405d611b704a941bb2cbecc860c7dd75980e3ad067f,features_20260821T130951414537Z,8e502cb8298d54aa48ba8cd50e84b7c1b5e6a3a766e5dca4db41d959b7340ecc,features_20260820T130951120586Z,paper
predict_20260821T214001005079Z_822857,predict_20260821T214001005079Z,2026-08-21T21:40:01+00:00,2026-08-21 00:00:00,822857,2026-08-22T00:15:00Z,TEX,LAA,MacKenzie Gore,Reid Detmers,0.567460939412946,0.5354330708661418,0.5753424657534246,0.0399093948872828,0.562379468921525,0.0050814704914209,-136.0,130.0,False,,True,,eligible_no_edge,True,True,True,True,9.0,9.0,0.0040557410310073,0.0161701152617326,lowvig,LowVig.ag,fanduel,FanDuel,best_available_across_quoted_books,all_quoted_books,140b40a2fbda2cc9de856a1b2a5605f2,2026-08-21T21:40:01+00:00,model_production_20260820T230248766920Z,production,raw_lgbm,785b65a6b6d2c9334fd60405d611b704a941bb2cbecc860c7dd75980e3ad067f,features_20260821T130951414537Z,8e502cb8298d54aa48ba8cd50e84b7c1b5e6a3a766e5dca4db41d959b7340ecc,features_20260820T130951120586Z,paper
predict_20260821T221001273829Z_825045,predict_20260821T221001273829Z,2026-08-21T22:10:01+00:00,2026-08-21 00:00:00,825045,2026-08-22T01:40:00Z,ARI,CIN,Eduardo Rodriguez,Nick Lodolo,0.5524272980472515,0.5870206489675517,0.5407098121085596,0.046310836858992,0.574468085106383,-0.0220407870591314,-141.0,135.0,False,,True,,eligible_no_edge,True,True,True,True,9.0,9.0,0.0043328974508288,0.015632148464115,draftkings,DraftKings,betrivers,BetRivers,best_available_across_quoted_books,all_quoted_books,4a4bb5c831a75630b5ce38bfb873fdae,2026-08-21T22:10:01+00:00,model_production_20260820T230248766920Z,production,raw_lgbm,785b65a6b6d2c9334fd60405d611b704a941bb2cbecc860c7dd75980e3ad067f,features_20260821T130951414537Z,8e502cb8298d54aa48ba8cd50e84b7c1b5e6a3a766e5dca4db41d959b7340ecc,features_20260820T130951120586Z,paper
predict_20260821T221001273829Z_824800,predict_20260821T221001273829Z,2026-08-21T22:10:01+00:00,2026-08-21 00:00:00,824800,2026-08-21T23:15:00Z,BAL,TB,Trevor Rogers,Freddy Peralta,0.5203189867915861,0.5272232304900182,0.5307557117750439,0.0035324812850257,0.5217391304347826,-0.0014201436431965,-112.0,106.0,False,,True,,eligible_no_edge,True,True,True,True,9.0,9.0,0.0050415035976022,0.017431951073252,betus,BetUS,fanduel,FanDuel,best_available_across_quoted_books,all_quoted_books,3f6f94532e616704b578f080ead691b3,2026-08-21T22:10:01+00:00,model_production_20260820T230248766920Z,production,raw_lgbm,785b65a6b6d2c9334fd60405d611b704a941bb2cbecc860c7dd75980e3ad067f,features_20260821T130951414537Z,8e502cb8298d54aa48ba8cd50e84b7c1b5e6a3a766e5dca4db41d959b7340ecc,features_20260820T130951120586Z,paper
predict_20260821T221001273829Z_824721,predict_20260821T221001273829Z,2026-08-21T22:10:01+00:00,2026-08-21 00:00:00,824721,2026-08-21T23:10:00Z,BOS,SF,Sonny Gray,Logan Webb,0.6210722115729298,0.5870206489675517,0.6186440677966102,0.0316234188290585,0.6206103106338684,0.0004619009390613,-172.0,163.0,False,,True,,eligible_no_edge,True,True,True,True,9.0,9.0,0.0029265551706934,0.0081410610323361,fanduel,FanDuel,draftkings,DraftKings,best_available_across_quoted_books,all_quoted_books,c12f319c29358a2c3e02be8f3377ded9,2026-08-21T22:10:01+00:00,model_production_20260820T230248766920Z,production,raw_lgbm,785b65a6b6d2c9334fd60405d611b704a941bb2cbecc860c7dd75980e3ad067f,features_20260821T130951414537Z,8e502cb8298d54aa48ba8cd50e84b7c1b5e6a3a766e5dca4db41d959b7340ecc,features_20260820T130951120586Z,paper
predict_20260821T221001273829Z_824317,predict_20260821T221001273829Z,2026-08-21T22:10:01+00:00,2026-08-21 00:00:00,824317,2026-08-22T00:40:00Z,COL,CLE,Tanner Gordon,Joey Cantillo,0.4246288805984094,0.453781512605042,0.427797833935018,0.0259836786700239,0.4172836182527931,0.0073452623456163,140.0,-144.0,False,,True,,eligible_no_edge,True,True,True,True,9.0,9.0,0.0062780517235003,0.0218667790876164,draftkings,DraftKings,fanduel,FanDuel,best_available_across_quoted_books,all_quoted_books,3102c4dbe9ea0f9ae9ca9caa2e1be844,2026-08-21T22:10:01+00:00,model_production_20260820T230248766920Z,production,raw_lgbm,785b65a6b6d2c9334fd60405d611b704a941bb2cbecc860c7dd75980e3ad067f,features_20260821T130951414537Z,8e502cb8298d54aa48ba8cd50e84b7c1b5e6a3a766e5dca4db41d959b7340ecc,features_20260820T130951120586Z,paper
predict_20260821T221001273829Z_824559,predict_20260821T221001273829Z,2026-08-21T22:10:01+00:00,2026-08-21 00:00:00,824559,2026-08-21T23:40:00Z,CWS,NYM,Sean Burke,Sean Manaea,0.4659980655882644,0.5193370165745859,0.4948905109489051,0.0244465056256807,0.5374878286270691,-0.0714897630388046,-122.0,116.0,True,AWAY,True,,bet_candidate,True,True,True,True,9.0,9.0,0.0069675012580294,0.0243160889255391,betonlineag,BetOnline.ag,fanduel,FanDuel,best_available_across_quoted_books,all_quoted_books,4d3658b1534e40fb6966575b9ceae5e0,2026-08-21T22:10:01+00:00,model_production_20260820T230248766920Z,production,raw_lgbm,785b65a6b6d2c9334fd60405d611b704a941bb2cbecc860c7dd75980e3ad067f,features_20260821T130951414537Z,8e502cb8298d54aa48ba8cd50e84b7c1b5e6a3a766e5dca4db41d959b7340ecc,features_20260820T130951120586Z,paper
predict_20260821T221001273829Z_824152,predict_20260821T221001273829Z,2026-08-21T22:10:01+00:00,2026-08-21 00:00:00,824152,2026-08-22T00:10:00Z,HOU,OAK,Hayden Wesneski,J.T. Ginn,0.6139942758059808,0.5870206489675517,0.6186440677966102,0.0316234188290585,0.6229421136484334,-0.0089478378424526,-172.0,165.0,False,,True,,eligible_no_edge,True,True,True,True,9.0,9.0,0.002687279586498,0.0095059143719836,fanduel,FanDuel,draftkings,DraftKings,best_available_across_quoted_books,all_quoted_books,b6b7ee6fe4dc220d97629d15165310a1,2026-08-21T22:10:01+00:00,model_production_20260820T230248766920Z,production,raw_lgbm,785b65a6b6d2c9334fd60405d611b704a941bb2cbecc860c7dd75980e3ad067f,features_20260821T130951414537Z,8e502cb8298d54aa48ba8cd50e84b7c1b5e6a3a766e5dca4db41d959b7340ecc,features_20260820T130951120586Z,paper
predict_20260821T221001273829Z_824072,predict_20260821T221001273829Z,2026-08-21T22:10:01+00:00,2026-08-21 00:00:00,824072,2026-08-22T00:10:00Z,KC,DET,Noah Cameron,Troy Melton,0.4842032713641455,0.5193370165745859,0.4948905109489051,0.0244465056256807,0.5108342361863488,-0.0266309648222032,-103.0,100.0,False,,True,,eligible_no_edge,True,True,True,True,9.0,9.0,0.0058062576439796,0.0181939270749906,draftkings,DraftKings,lowvig,LowVig.ag,best_available_across_quoted_books,all_quoted_books,d693a7de4eeded95f745646a155a9f2b,2026-08-21T22:10:01+00:00,model_production_20260820T230248766920Z,production,raw_lgbm,785b65a6b6d2c9334fd60405d611b704a941bb2cbecc860c7dd75980e3ad067f,features_20260821T130951414537Z,8e502cb8298d54aa48ba8cd50e84b7c1b5e6a3a766e5dca4db41d959b7340ecc,features_20260820T130951120586Z,paper
predict_20260821T221001273829Z_823911,predict_20260821T221001273829Z,2026-08-21T22:10:01+00:00,2026-08-21 00:00:00,823911,2026-08-22T02:10:00Z,LAD,PIT,Yoshinobu Yamamoto,Bubba Chandler,0.6826076543663676,0.6852589641434262,0.7215909090909091,0.0363319449474828,0.6805555555555556,0.002052098810812,-225.0,212.0,False,,False,lineups_not_posted,ineligible,True,False,True,True,9.0,9.0,0.0034694533692876,0.0107852036394219,fanduel,FanDuel,draftkings,DraftKings,best_available_across_quoted_books,all_quoted_books,8cfedfb07af33f8feff3825d2e30c1ff,2026-08-21T22:10:01+00:00,model_production_20260820T230248766920Z,production,raw_lgbm,785b65a6b6d2c9334fd60405d611b704a941bb2cbecc860c7dd75980e3ad067f,features_20260821T130951414537Z,8e502cb8298d54aa48ba8cd50e84b7c1b5e6a3a766e5dca4db41d959b7340ecc,features_20260820T130951120586Z,paper
predict_20260821T221001273829Z_823830,predict_20260821T221001273829Z,2026-08-21T22:10:01+00:00,2026-08-21 00:00:00,823830,2026-08-21T23:10:00Z,MIA,WSH,Ryan Gusto,Brad Lord,0.5714163983899275,0.5354330708661418,0.5753424657534246,0.0399093948872828,0.5765084698306034,-0.0050920714406759,-142.0,136.0,False,,True,,eligible_no_edge,True,True,True,True,9.0,9.0,0.0028568393518666,0.0104812268628845,draftkings,DraftKings,fanduel,FanDuel,best_available_across_quoted_books,all_quoted_books,9a3a05b0699b94aa59ea0048eb3a31ea,2026-08-21T22:10:01+00:00,model_production_20260820T230248766920Z,production,raw_lgbm,785b65a6b6d2c9334fd60405d611b704a941bb2cbecc860c7dd75980e3ad067f,features_20260821T130951414537Z,8e502cb8298d54aa48ba8cd50e84b7c1b5e6a3a766e5dca4db41d959b7340ecc,features_20260820T130951120586Z,paper
predict_20260821T221001273829Z_823746,predict_20260821T221001273829Z,2026-08-21T22:10:01+00:00,2026-08-21 00:00:00,823746,2026-08-21T20:10:00Z,MIL,ATL,Jacob Misiorowski,Chris Sale,0.4690358808638998,0.5193370165745859,0.4948905109489051,0.0244465056256807,0.8917661963152286,-0.4227303154513288,-1115.0,1100.0,False,,True,,eligible_no_edge,True,True,True,True,6.0,6.0,0.0222370507916897,0.063697362646598,betrivers,BetRivers,fanduel,FanDuel,best_available_across_quoted_books,all_quoted_books,c7e232240c764a7cc09ae780b3289626,2026-08-21T22:10:01+00:00,model_production_20260820T230248766920Z,production,raw_lgbm,785b65a6b6d2c9334fd60405d611b704a941bb2cbecc860c7dd75980e3ad067f,features_20260821T130951414537Z,8e502cb8298d54aa48ba8cd50e84b7c1b5e6a3a766e5dca4db41d959b7340ecc,features_20260820T130951120586Z,paper
predict_20260821T221001273829Z_823510,predict_20260821T221001273829Z,2026-08-21T22:10:01+00:00,2026-08-21 00:00:00,823510,2026-08-21T23:05:00Z,NYY,TOR,Cam Schlittler,Mason Fluharty,0.5681381972254916,0.5870206489675517,0.5753424657534246,0.011678183214127,0.6397067958752639,-0.0715685986497722,-190.0,180.0,True,AWAY,True,,bet_candidate,True,True,True,True,9.0,9.0,0.005344414417764,0.0176112190030101,fanduel,FanDuel,betrivers,BetRivers,best_available_across_quoted_books,all_quoted_books,c3be44cb6d56f79e2cd298812a7f7624,2026-08-21T22:10:01+00:00,model_production_20260820T230248766920Z,production,raw_lgbm,785b65a6b6d2c9334fd60405d611b704a941bb2cbecc860c7dd75980e3ad067f,features_20260821T130951414537Z,8e502cb8298d54aa48ba8cd50e84b7c1b5e6a3a766e5dca4db41d959b7340ecc,features_20260820T130951120586Z,paper
predict_20260821T221001273829Z_823420,predict_20260821T221001273829Z,2026-08-21T22:10:01+00:00,2026-08-21 00:00:00,823420,2026-08-21T22:40:00Z,PHI,STL,Jesus Luzardo,Hunter Dobbins,0.5989262888198156,0.5870206489675517,0.6186440677966102,0.0316234188290585,0.7054263565891473,-0.1065000677693317,-246.0,244.0,True,AWAY,True,,bet_candidate,True,True,True,True,9.0,9.0,0.0055084418422566,0.0168838709085623,draftkings,DraftKings,betonlineag,BetOnline.ag,best_available_across_quoted_books,all_quoted_books,a889ec328e20424c875cd7f4c5f12ac1,2026-08-21T22:10:01+00:00,model_production_20260820T230248766920Z,production,raw_lgbm,785b65a6b6d2c9334fd60405d611b704a941bb2cbecc860c7dd75980e3ad067f,features_20260821T130951414537Z,8e502cb8298d54aa48ba8cd50e84b7c1b5e6a3a766e5dca4db41d959b7340ecc,features_20260820T130951120586Z,paper
predict_20260821T221001273829Z_823262,predict_20260821T221001273829Z,2026-08-21T22:10:01+00:00,2026-08-21 00:00:00,823262,2026-08-22T01:40:00Z,SD,MIN,Randy Vasquez,Connor Prielipp,0.5593722108963518,0.5870206489675517,0.5407098121085596,0.046310836858992,0.525232987515386,0.0341392233809657,-115.0,107.0,False,,True,,eligible_no_edge,True,True,True,True,9.0,9.0,0.0023135387829,0.0083080774927468,draftkings,DraftKings,draftkings,DraftKings,best_available_across_quoted_books,all_quoted_books,88b867463b5fd396b643c8da0c9716f9,2026-08-21T22:10:01+00:00,model_production_20260820T230248766920Z,production,raw_lgbm,785b65a6b6d2c9334fd60405d611b704a941bb2cbecc860c7dd75980e3ad067f,features_20260821T130951414537Z,8e502cb8298d54aa48ba8cd50e84b7c1b5e6a3a766e5dca4db41d959b7340ecc,features_20260820T130951120586Z,paper
predict_20260821T221001273829Z_823101,predict_20260821T221001273829Z,2026-08-21T22:10:01+00:00,2026-08-21 00:00:00,823101,2026-08-22T02:10:00Z,SEA,CHC,Emerson Hancock,Matthew Boyd,0.4686643996832795,0.453781512605042,0.4948905109489051,0.0411089983438631,0.5043297540699688,-0.0356653543866893,-105.0,100.0,False,,False,lineups_not_posted,ineligible,True,False,True,True,9.0,9.0,0.0041791057546956,0.0142948309354155,draftkings,DraftKings,fanduel,FanDuel,best_available_across_quoted_books,all_quoted_books,49bc0a0fca6a722244ffbaa241ec3095,2026-08-21T22:10:01+00:00,model_production_20260820T230248766920Z,production,raw_lgbm,785b65a6b6d2c9334fd60405d611b704a941bb2cbecc860c7dd75980e3ad067f,features_20260821T130951414537Z,8e502cb8298d54aa48ba8cd50e84b7c1b5e6a3a766e5dca4db41d959b7340ecc,features_20260820T130951120586Z,paper
predict_20260821T221001273829Z_822857,predict_20260821T221001273829Z,2026-08-21T22:10:01+00:00,2026-08-21 00:00:00,822857,2026-08-22T00:15:00Z,TEX,LAA,MacKenzie Gore,Reid Detmers,0.567460939412946,0.5354330708661418,0.5753424657534246,0.0399093948872828,0.562379468921525,0.0050814704914209,-136.0,128.0,False,,True,,eligible_no_edge,True,True,True,True,9.0,9.0,0.0031640194472,0.0125562743799452,lowvig,LowVig.ag,fanduel,FanDuel,best_available_across_quoted_books,all_quoted_books,140b40a2fbda2cc9de856a1b2a5605f2,2026-08-21T22:10:01+00:00,model_production_20260820T230248766920Z,production,raw_lgbm,785b65a6b6d2c9334fd60405d611b704a941bb2cbecc860c7dd75980e3ad067f,features_20260821T130951414537Z,8e502cb8298d54aa48ba8cd50e84b7c1b5e6a3a766e5dca4db41d959b7340ecc,features_20260820T130951120586Z,paper
predict_20260821T221501015454Z_825045,predict_20260821T221501015454Z,2026-08-21T22:15:01+00:00,2026-08-21 00:00:00,825045,2026-08-22T01:40:00Z,ARI,CIN,Eduardo Rodriguez,Nick Lodolo,0.5524272980472515,0.5870206489675517,0.5407098121085596,0.046310836858992,0.574468085106383,-0.0220407870591314,-141.0,135.0,False,,True,,eligible_no_edge,True,True,True,True,9.0,9.0,0.0043328974508288,0.015632148464115,draftkings,DraftKings,betrivers,BetRivers,best_available_across_quoted_books,all_quoted_books,4a4bb5c831a75630b5ce38bfb873fdae,2026-08-21T22:15:01+00:00,model_production_20260820T230248766920Z,production,raw_lgbm,785b65a6b6d2c9334fd60405d611b704a941bb2cbecc860c7dd75980e3ad067f,features_20260821T130951414537Z,8e502cb8298d54aa48ba8cd50e84b7c1b5e6a3a766e5dca4db41d959b7340ecc,features_20260820T130951120586Z,paper
predict_20260821T221501015454Z_824800,predict_20260821T221501015454Z,2026-08-21T22:15:01+00:00,2026-08-21 00:00:00,824800,2026-08-21T23:15:00Z,BAL,TB,Trevor Rogers,Freddy Peralta,0.5203189867915861,0.5272232304900182,0.5307557117750439,0.0035324812850257,0.5217391304347826,-0.0014201436431965,-112.0,106.0,False,,True,,eligible_no_edge,True,True,True,True,9.0,9.0,0.0050415035976022,0.017431951073252,betus,BetUS,fanduel,FanDuel,best_available_across_quoted_books,all_quoted_books,3f6f94532e616704b578f080ead691b3,2026-08-21T22:15:01+00:00,model_production_20260820T230248766920Z,production,raw_lgbm,785b65a6b6d2c9334fd60405d611b704a941bb2cbecc860c7dd75980e3ad067f,features_20260821T130951414537Z,8e502cb8298d54aa48ba8cd50e84b7c1b5e6a3a766e5dca4db41d959b7340ecc,features_20260820T130951120586Z,paper
predict_20260821T221501015454Z_824721,predict_20260821T221501015454Z,2026-08-21T22:15:01+00:00,2026-08-21 00:00:00,824721,2026-08-21T23:10:00Z,BOS,SF,Sonny Gray,Logan Webb,0.6210722115729298,0.5870206489675517,0.6186440677966102,0.0316234188290585,0.6206103106338684,0.0004619009390613,-172.0,163.0,False,,True,,eligible_no_edge,True,True,True,True,9.0,9.0,0.0038372912901622,0.0124265840000608,fanduel,FanDuel,draftkings,DraftKings,best_available_across_quoted_books,all_quoted_books,c12f319c29358a2c3e02be8f3377ded9,2026-08-21T22:15:01+00:00,model_production_20260820T230248766920Z,production,raw_lgbm,785b65a6b6d2c9334fd60405d611b704a941bb2cbecc860c7dd75980e3ad067f,features_20260821T130951414537Z,8e502cb8298d54aa48ba8cd50e84b7c1b5e6a3a766e5dca4db41d959b7340ecc,features_20260820T130951120586Z,paper
predict_20260821T221501015454Z_824317,predict_20260821T221501015454Z,2026-08-21T22:15:01+00:00,2026-08-21 00:00:00,824317,2026-08-22T00:40:00Z,COL,CLE,Tanner Gordon,Joey Cantillo,0.4246288805984094,0.453781512605042,0.427797833935018,0.0259836786700239,0.4172836182527931,0.0073452623456163,140.0,-144.0,False,,True,,eligible_no_edge,True,True,True,True,9.0,9.0,0.0062780517235003,0.0218667790876164,draftkings,DraftKings,fanduel,FanDuel,best_available_across_quoted_books,all_quoted_books,3102c4dbe9ea0f9ae9ca9caa2e1be844,2026-08-21T22:15:01+00:00,model_production_20260820T230248766920Z,production,raw_lgbm,785b65a6b6d2c9334fd60405d611b704a941bb2cbecc860c7dd75980e3ad067f,features_20260821T130951414537Z,8e502cb8298d54aa48ba8cd50e84b7c1b5e6a3a766e5dca4db41d959b7340ecc,features_20260820T130951120586Z,paper
predict_20260821T221501015454Z_824559,predict_20260821T221501015454Z,2026-08-21T22:15:01+00:00,2026-08-21 00:00:00,824559,2026-08-21T23:40:00Z,CWS,NYM,Sean Burke,Sean Manaea,0.4659980655882644,0.5193370165745859,0.4948905109489051,0.0244465056256807,0.5374878286270691,-0.0714897630388046,-122.0,116.0,True,AWAY,True,,bet_candidate,True,True,True,True,9.0,9.0,0.0069675012580294,0.0243160889255391,betonlineag,BetOnline.ag,fanduel,FanDuel,best_available_across_quoted_books,all_quoted_books,4d3658b1534e40fb6966575b9ceae5e0,2026-08-21T22:15:01+00:00,model_production_20260820T230248766920Z,production,raw_lgbm,785b65a6b6d2c9334fd60405d611b704a941bb2cbecc860c7dd75980e3ad067f,features_20260821T130951414537Z,8e502cb8298d54aa48ba8cd50e84b7c1b5e6a3a766e5dca4db41d959b7340ecc,features_20260820T130951120586Z,paper
predict_20260821T221501015454Z_824152,predict_20260821T221501015454Z,2026-08-21T22:15:01+00:00,2026-08-21 00:00:00,824152,2026-08-22T00:10:00Z,HOU,OAK,Hayden Wesneski,J.T. Ginn,0.6139942758059808,0.5870206489675517,0.6186440677966102,0.0316234188290585,0.6229421136484334,-0.0089478378424526,-172.0,165.0,False,,True,,eligible_no_edge,True,True,True,True,9.0,9.0,0.002687279586498,0.0095059143719836,fanduel,FanDuel,draftkings,DraftKings,best_available_across_quoted_books,all_quoted_books,b6b7ee6fe4dc220d97629d15165310a1,2026-08-21T22:15:01+00:00,model_production_20260820T230248766920Z,production,raw_lgbm,785b65a6b6d2c9334fd60405d611b704a941bb2cbecc860c7dd75980e3ad067f,features_20260821T130951414537Z,8e502cb8298d54aa48ba8cd50e84b7c1b5e6a3a766e5dca4db41d959b7340ecc,features_20260820T130951120586Z,paper
predict_20260821T221501015454Z_824072,predict_20260821T221501015454Z,2026-08-21T22:15:01+00:00,2026-08-21 00:00:00,824072,2026-08-22T00:10:00Z,KC,DET,Noah Cameron,Troy Melton,0.4842032713641455,0.5193370165745859,0.4948905109489051,0.0244465056256807,0.5108342361863488,-0.0266309648222032,-103.0,100.0,False,,True,,eligible_no_edge,True,True,True,True,9.0,9.0,0.0058062576439796,0.0181939270749906,draftkings,DraftKings,lowvig,LowVig.ag,best_available_across_quoted_books,all_quoted_books,d693a7de4eeded95f745646a155a9f2b,2026-08-21T22:15:01+00:00,model_production_20260820T230248766920Z,production,raw_lgbm,785b65a6b6d2c9334fd60405d611b704a941bb2cbecc860c7dd75980e3ad067f,features_20260821T130951414537Z,8e502cb8298d54aa48ba8cd50e84b7c1b5e6a3a766e5dca4db41d959b7340ecc,features_20260820T130951120586Z,paper
predict_20260821T221501015454Z_823911,predict_20260821T221501015454Z,2026-08-21T22:15:01+00:00,2026-08-21 00:00:00,823911,2026-08-22T02:10:00Z,LAD,PIT,Yoshinobu Yamamoto,Bubba Chandler,0.6826076543663676,0.6852589641434262,0.7215909090909091,0.0363319449474828,0.6805555555555556,0.002052098810812,-225.0,212.0,False,,False,lineups_not_posted,ineligible,True,False,True,True,9.0,9.0,0.0032000572535078,0.0105051145929424,fanduel,FanDuel,draftkings,DraftKings,best_available_across_quoted_books,all_quoted_books,8cfedfb07af33f8feff3825d2e30c1ff,2026-08-21T22:15:01+00:00,model_production_20260820T230248766920Z,production,raw_lgbm,785b65a6b6d2c9334fd60405d611b704a941bb2cbecc860c7dd75980e3ad067f,features_20260821T130951414537Z,8e502cb8298d54aa48ba8cd50e84b7c1b5e6a3a766e5dca4db41d959b7340ecc,features_20260820T130951120586Z,paper
predict_20260821T221501015454Z_823830,predict_20260821T221501015454Z,2026-08-21T22:15:01+00:00,2026-08-21 00:00:00,823830,2026-08-21T23:10:00Z,MIA,WSH,Ryan Gusto,Brad Lord,0.5714163983899275,0.5354330708661418,0.5753424657534246,0.0399093948872828,0.5765084698306034,-0.0050920714406759,-142.0,136.0,False,,True,,eligible_no_edge,True,True,True,True,9.0,9.0,0.0028568393518666,0.0104812268628845,draftkings,DraftKings,fanduel,FanDuel,best_available_across_quoted_books,all_quoted_books,9a3a05b0699b94aa59ea0048eb3a31ea,2026-08-21T22:15:01+00:00,model_production_20260820T230248766920Z,production,raw_lgbm,785b65a6b6d2c9334fd60405d611b704a941bb2cbecc860c7dd75980e3ad067f,features_20260821T130951414537Z,8e502cb8298d54aa48ba8cd50e84b7c1b5e6a3a766e5dca4db41d959b7340ecc,features_20260820T130951120586Z,paper
predict_20260821T221501015454Z_823746,predict_20260821T221501015454Z,2026-08-21T22:15:01+00:00,2026-08-21 00:00:00,823746,2026-08-21T20:10:00Z,MIL,ATL,Jacob Misiorowski,Chris Sale,0.4690358808638998,0.5193370165745859,0.4948905109489051,0.0244465056256807,0.8644780695907213,-0.3954421887268214,-285.0,900.0,False,,True,,eligible_no_edge,True,True,True,True,6.0,6.0,0.0776824836441897,0.2026359603544411,betmgm,BetMGM,mybookieag,MyBookie.ag,best_available_across_quoted_books,all_quoted_books,c7e232240c764a7cc09ae780b3289626,2026-08-21T22:15:01+00:00,model_production_20260820T230248766920Z,production,raw_lgbm,785b65a6b6d2c9334fd60405d611b704a941bb2cbecc860c7dd75980e3ad067f,features_20260821T130951414537Z,8e502cb8298d54aa48ba8cd50e84b7c1b5e6a3a766e5dca4db41d959b7340ecc,features_20260820T130951120586Z,paper
predict_20260821T221501015454Z_823510,predict_20260821T221501015454Z,2026-08-21T22:15:01+00:00,2026-08-21 00:00:00,823510,2026-08-21T23:05:00Z,NYY,TOR,Cam Schlittler,Mason Fluharty,0.5681381972254916,0.5870206489675517,0.5753424657534246,0.011678183214127,0.6397067958752639,-0.0715685986497722,-190.0,180.0,True,AWAY,True,,bet_candidate,True,True,True,True,9.0,9.0,0.005344414417764,0.0176112190030101,fanduel,FanDuel,betrivers,BetRivers,best_available_across_quoted_books,all_quoted_books,c3be44cb6d56f79e2cd298812a7f7624,2026-08-21T22:15:01+00:00,model_production_20260820T230248766920Z,production,raw_lgbm,785b65a6b6d2c9334fd60405d611b704a941bb2cbecc860c7dd75980e3ad067f,features_20260821T130951414537Z,8e502cb8298d54aa48ba8cd50e84b7c1b5e6a3a766e5dca4db41d959b7340ecc,features_20260820T130951120586Z,paper
predict_20260821T221501015454Z_823420,predict_20260821T221501015454Z,2026-08-21T22:15:01+00:00,2026-08-21 00:00:00,823420,2026-08-21T22:40:00Z,PHI,STL,Jesus Luzardo,Hunter Dobbins,0.5989262888198156,0.5870206489675517,0.6186440677966102,0.0316234188290585,0.7054263565891473,-0.1065000677693317,-246.0,244.0,True,AWAY,True,,bet_candidate,True,True,True,True,9.0,9.0,0.0055084418422566,0.0168838709085623,draftkings,DraftKings,betonlineag,BetOnline.ag,best_available_across_quoted_books,all_quoted_books,a889ec328e20424c875cd7f4c5f12ac1,2026-08-21T22:15:01+00:00,model_production_20260820T230248766920Z,production,raw_lgbm,785b65a6b6d2c9334fd60405d611b704a941bb2cbecc860c7dd75980e3ad067f,features_20260821T130951414537Z,8e502cb8298d54aa48ba8cd50e84b7c1b5e6a3a766e5dca4db41d959b7340ecc,features_20260820T130951120586Z,paper
predict_20260821T221501015454Z_823262,predict_20260821T221501015454Z,2026-08-21T22:15:01+00:00,2026-08-21 00:00:00,823262,2026-08-22T01:40:00Z,SD,MIN,Randy Vasquez,Connor Prielipp,0.5593722108963518,0.5870206489675517,0.5407098121085596,0.046310836858992,0.525232987515386,0.0341392233809657,-115.0,107.0,False,,True,,eligible_no_edge,True,True,True,True,9.0,9.0,0.0023135387829,0.0083080774927468,draftkings,DraftKings,draftkings,DraftKings,best_available_across_quoted_books,all_quoted_books,88b867463b5fd396b643c8da0c9716f9,2026-08-21T22:15:01+00:00,model_production_20260820T230248766920Z,production,raw_lgbm,785b65a6b6d2c9334fd60405d611b704a941bb2cbecc860c7dd75980e3ad067f,features_20260821T130951414537Z,8e502cb8298d54aa48ba8cd50e84b7c1b5e6a3a766e5dca4db41d959b7340ecc,features_20260820T130951120586Z,paper
predict_20260821T221501015454Z_823101,predict_20260821T221501015454Z,2026-08-21T22:15:01+00:00,2026-08-21 00:00:00,823101,2026-08-22T02:10:00Z,SEA,CHC,Emerson Hancock,Matthew Boyd,0.4686643996832795,0.453781512605042,0.4948905109489051,0.0411089983438631,0.5043297540699688,-0.0356653543866893,-105.0,100.0,False,,False,lineups_not_posted,ineligible,True,False,True,True,9.0,9.0,0.0033065141923754,0.0105390811749458,draftkings,DraftKings,fanduel,FanDuel,best_available_across_quoted_books,all_quoted_books,49bc0a0fca6a722244ffbaa241ec3095,2026-08-21T22:15:01+00:00,model_production_20260820T230248766920Z,production,raw_lgbm,785b65a6b6d2c9334fd60405d611b704a941bb2cbecc860c7dd75980e3ad067f,features_20260821T130951414537Z,8e502cb8298d54aa48ba8cd50e84b7c1b5e6a3a766e5dca4db41d959b7340ecc,features_20260820T130951120586Z,paper
predict_20260821T221501015454Z_822857,predict_20260821T221501015454Z,2026-08-21T22:15:01+00:00,2026-08-21 00:00:00,822857,2026-08-22T00:15:00Z,TEX,LAA,MacKenzie Gore,Reid Detmers,0.567460939412946,0.5354330708661418,0.5753424657534246,0.0399093948872828,0.562379468921525,0.0050814704914209,-136.0,128.0,False,,True,,eligible_no_edge,True,True,True,True,9.0,9.0,0.0031640194472,0.0125562743799452,lowvig,LowVig.ag,fanduel,FanDuel,best_available_across_quoted_books,all_quoted_books,140b40a2fbda2cc9de856a1b2a5605f2,2026-08-21T22:15:01+00:00,model_production_20260820T230248766920Z,production,raw_lgbm,785b65a6b6d2c9334fd60405d611b704a941bb2cbecc860c7dd75980e3ad067f,features_20260821T130951414537Z,8e502cb8298d54aa48ba8cd50e84b7c1b5e6a3a766e5dca4db41d959b7340ecc,features_20260820T130951120586Z,paper
predict_20260821T224001070525Z_825045,predict_20260821T224001070525Z,2026-08-21T22:40:01+00:00,2026-08-21 00:00:00,825045,2026-08-22T01:40:00Z,ARI,CIN,Eduardo Rodriguez,Nick Lodolo,0.5524272980472515,0.5870206489675517,0.5407098121085596,0.046310836858992,0.574468085106383,-0.0220407870591314,-141.0,135.0,False,,True,,eligible_no_edge,True,True,True,True,9.0,9.0,0.0043328974508288,0.015632148464115,draftkings,DraftKings,betrivers,BetRivers,best_available_across_quoted_books,all_quoted_books,4a4bb5c831a75630b5ce38bfb873fdae,2026-08-21T22:40:01+00:00,model_production_20260820T230248766920Z,production,raw_lgbm,785b65a6b6d2c9334fd60405d611b704a941bb2cbecc860c7dd75980e3ad067f,features_20260821T130951414537Z,8e502cb8298d54aa48ba8cd50e84b7c1b5e6a3a766e5dca4db41d959b7340ecc,features_20260820T130951120586Z,paper
predict_20260821T224001070525Z_824800,predict_20260821T224001070525Z,2026-08-21T22:40:01+00:00,2026-08-21 00:00:00,824800,2026-08-21T23:15:00Z,BAL,TB,Trevor Rogers,Freddy Peralta,0.5203189867915861,0.5272232304900182,0.5307557117750439,0.0035324812850257,0.5198237885462554,0.0004951982453306,-111.0,106.0,False,,True,,eligible_no_edge,True,True,True,True,9.0,9.0,0.0033183559574173,0.011284909839221,betus,BetUS,fanduel,FanDuel,best_available_across_quoted_books,all_quoted_books,3f6f94532e616704b578f080ead691b3,2026-08-21T22:40:01+00:00,model_production_20260820T230248766920Z,production,raw_lgbm,785b65a6b6d2c9334fd60405d611b704a941bb2cbecc860c7dd75980e3ad067f,features_20260821T130951414537Z,8e502cb8298d54aa48ba8cd50e84b7c1b5e6a3a766e5dca4db41d959b7340ecc,features_20260820T130951120586Z,paper
predict_20260821T224001070525Z_824721,predict_20260821T224001070525Z,2026-08-21T22:40:01+00:00,2026-08-21 00:00:00,824721,2026-08-21T23:10:00Z,BOS,SF,Sonny Gray,Logan Webb,0.6210722115729298,0.5870206489675517,0.6186440677966102,0.0316234188290585,0.6206103106338684,0.0004619009390613,-172.0,163.0,False,,True,,eligible_no_edge,True,True,True,True,9.0,9.0,0.0038372912901622,0.0124265840000608,fanduel,FanDuel,draftkings,DraftKings,best_available_across_quoted_books,all_quoted_books,c12f319c29358a2c3e02be8f3377ded9,2026-08-21T22:40:01+00:00,model_production_20260820T230248766920Z,production,raw_lgbm,785b65a6b6d2c9334fd60405d611b704a941bb2cbecc860c7dd75980e3ad067f,features_20260821T130951414537Z,8e502cb8298d54aa48ba8cd50e84b7c1b5e6a3a766e5dca4db41d959b7340ecc,features_20260820T130951120586Z,paper
predict_20260821T224001070525Z_824317,predict_20260821T224001070525Z,2026-08-21T22:40:01+00:00,2026-08-21 00:00:00,824317,2026-08-22T00:40:00Z,COL,CLE,Tanner Gordon,Joey Cantillo,0.4246288805984094,0.453781512605042,0.427797833935018,0.0259836786700239,0.4172836182527931,0.0073452623456163,140.0,-144.0,False,,True,,eligible_no_edge,True,True,True,True,9.0,9.0,0.0050450525446783,0.0160347487766581,draftkings,DraftKings,fanduel,FanDuel,best_available_across_quoted_books,all_quoted_books,3102c4dbe9ea0f9ae9ca9caa2e1be844,2026-08-21T22:40:01+00:00,model_production_20260820T230248766920Z,production,raw_lgbm,785b65a6b6d2c9334fd60405d611b704a941bb2cbecc860c7dd75980e3ad067f,features_20260821T130951414537Z,8e502cb8298d54aa48ba8cd50e84b7c1b5e6a3a766e5dca4db41d959b7340ecc,features_20260820T130951120586Z,paper
predict_20260821T224001070525Z_824559,predict_20260821T224001070525Z,2026-08-21T22:40:01+00:00,2026-08-21 00:00:00,824559,2026-08-21T23:40:00Z,CWS,NYM,Sean Burke,Sean Manaea,0.4659980655882644,0.5193370165745859,0.4948905109489051,0.0244465056256807,0.5419083816763353,-0.0759103160880708,-122.0,117.0,True,AWAY,True,,bet_candidate,True,True,True,True,9.0,9.0,0.0064762745131887,0.0211658626086506,betonlineag,BetOnline.ag,betrivers,BetRivers,best_available_across_quoted_books,all_quoted_books,4d3658b1534e40fb6966575b9ceae5e0,2026-08-21T22:40:01+00:00,model_production_20260820T230248766920Z,production,raw_lgbm,785b65a6b6d2c9334fd60405d611b704a941bb2cbecc860c7dd75980e3ad067f,features_20260821T130951414537Z,8e502cb8298d54aa48ba8cd50e84b7c1b5e6a3a766e5dca4db41d959b7340ecc,features_20260820T130951120586Z,paper
predict_20260821T224001070525Z_824152,predict_20260821T224001070525Z,2026-08-21T22:40:01+00:00,2026-08-21 00:00:00,824152,2026-08-22T00:10:00Z,HOU,OAK,Hayden Wesneski,J.T. Ginn,0.6139942758059808,0.5870206489675517,0.6186440677966102,0.0316234188290585,0.6242539338035812,-0.0102596579976004,-174.0,165.0,False,,True,,eligible_no_edge,True,True,True,True,9.0,9.0,0.0053701919146077,0.0193489188542247,fanduel,FanDuel,draftkings,DraftKings,best_available_across_quoted_books,all_quoted_books,b6b7ee6fe4dc220d97629d15165310a1,2026-08-21T22:40:01+00:00,model_production_20260820T230248766920Z,production,raw_lgbm,785b65a6b6d2c9334fd60405d611b704a941bb2cbecc860c7dd75980e3ad067f,features_20260821T130951414537Z,8e502cb8298d54aa48ba8cd50e84b7c1b5e6a3a766e5dca4db41d959b7340ecc,features_20260820T130951120586Z,paper
predict_20260821T224001070525Z_824072,predict_20260821T224001070525Z,2026-08-21T22:40:01+00:00,2026-08-21 00:00:00,824072,2026-08-22T00:10:00Z,KC,DET,Noah Cameron,Troy Melton,0.4842032713641455,0.5193370165745859,0.4948905109489051,0.0244465056256807,0.5108342361863488,-0.0266309648222032,-103.0,100.0,False,,True,,eligible_no_edge,True,True,True,True,9.0,9.0,0.0058062576439796,0.0181939270749906,draftkings,DraftKings,lowvig,LowVig.ag,best_available_across_quoted_books,all_quoted_books,d693a7de4eeded95f745646a155a9f2b,2026-08-21T22:40:01+00:00,model_production_20260820T230248766920Z,production,raw_lgbm,785b65a6b6d2c9334fd60405d611b704a941bb2cbecc860c7dd75980e3ad067f,features_20260821T130951414537Z,8e502cb8298d54aa48ba8cd50e84b7c1b5e6a3a766e5dca4db41d959b7340ecc,features_20260820T130951120586Z,paper
predict_20260821T224001070525Z_823911,predict_20260821T224001070525Z,2026-08-21T22:40:01+00:00,2026-08-21 00:00:00,823911,2026-08-22T02:10:00Z,LAD,PIT,Yoshinobu Yamamoto,Bubba Chandler,0.6826076543663676,0.6852589641434262,0.7215909090909091,0.0363319449474828,0.6786155747836836,0.0039920795826839,-225.0,212.0,False,,False,lineups_not_posted,ineligible,True,False,True,True,9.0,9.0,0.0049814217227845,0.0163862373637767,fanduel,FanDuel,draftkings,DraftKings,best_available_across_quoted_books,all_quoted_books,8cfedfb07af33f8feff3825d2e30c1ff,2026-08-21T22:40:01+00:00,model_production_20260820T230248766920Z,production,raw_lgbm,785b65a6b6d2c9334fd60405d611b704a941bb2cbecc860c7dd75980e3ad067f,features_20260821T130951414537Z,8e502cb8298d54aa48ba8cd50e84b7c1b5e6a3a766e5dca4db41d959b7340ecc,features_20260820T130951120586Z,paper
predict_20260821T224001070525Z_823830,predict_20260821T224001070525Z,2026-08-21T22:40:01+00:00,2026-08-21 00:00:00,823830,2026-08-21T23:10:00Z,MIA,WSH,Ryan Gusto,Brad Lord,0.5714163983899275,0.5354330708661418,0.5753424657534246,0.0399093948872828,0.5764909248055315,-0.005074526415604,-142.0,136.0,False,,True,,eligible_no_edge,True,True,True,True,9.0,9.0,0.0034251080009646,0.0137251049985913,draftkings,DraftKings,fanduel,FanDuel,best_available_across_quoted_books,all_quoted_books,9a3a05b0699b94aa59ea0048eb3a31ea,2026-08-21T22:40:01+00:00,model_production_20260820T230248766920Z,production,raw_lgbm,785b65a6b6d2c9334fd60405d611b704a941bb2cbecc860c7dd75980e3ad067f,features_20260821T130951414537Z,8e502cb8298d54aa48ba8cd50e84b7c1b5e6a3a766e5dca4db41d959b7340ecc,features_20260820T130951120586Z,paper
predict_20260821T224001070525Z_823746,predict_20260821T224001070525Z,2026-08-21T22:40:01+00:00,2026-08-21 00:00:00,823746,2026-08-21T20:10:00Z,MIL,ATL,Jacob Misiorowski,Chris Sale,0.472062298084973,0.5223880597014925,0.4948905109489051,0.0274975487525873,0.9136212624584718,-0.4415589643734987,-1840.0,1400.0,False,,True,,eligible_no_edge,True,True,True,True,5.0,5.0,0.0164755276933761,0.0496236870399471,draftkings,DraftKings,fanduel,FanDuel,best_available_across_quoted_books,all_quoted_books,c7e232240c764a7cc09ae780b3289626,2026-08-21T22:40:01+00:00,model_production_20260820T230248766920Z,production,raw_lgbm,785b65a6b6d2c9334fd60405d611b704a941bb2cbecc860c7dd75980e3ad067f,features_20260821T130951414537Z,8e502cb8298d54aa48ba8cd50e84b7c1b5e6a3a766e5dca4db41d959b7340ecc,features_20260820T130951120586Z,paper
predict_20260821T224001070525Z_823510,predict_20260821T224001070525Z,2026-08-21T22:40:01+00:00,2026-08-21 00:00:00,823510,2026-08-21T23:05:00Z,NYY,TOR,Cam Schlittler,Mason Fluharty,0.5681381972254916,0.5870206489675517,0.5753424657534246,0.011678183214127,0.6397067958752639,-0.0715685986497722,-190.0,179.0,True,AWAY,True,,bet_candidate,True,True,True,True,9.0,9.0,0.004101048932604,0.0122084900368779,fanduel,FanDuel,draftkings,DraftKings,best_available_across_quoted_books,all_quoted_books,c3be44cb6d56f79e2cd298812a7f7624,2026-08-21T22:40:01+00:00,model_production_20260820T230248766920Z,production,raw_lgbm,785b65a6b6d2c9334fd60405d611b704a941bb2cbecc860c7dd75980e3ad067f,features_20260821T130951414537Z,8e502cb8298d54aa48ba8cd50e84b7c1b5e6a3a766e5dca4db41d959b7340ecc,features_20260820T130951120586Z,paper
predict_20260821T224001070525Z_823420,predict_20260821T224001070525Z,2026-08-21T22:40:01+00:00,2026-08-21 00:00:00,823420,2026-08-21T22:40:00Z,PHI,STL,Jesus Luzardo,Hunter Dobbins,0.5989262888198156,0.5870206489675517,0.6186440677966102,0.0316234188290585,0.7075548334687245,-0.1086285446489089,-246.0,245.0,True,AWAY,True,,bet_candidate,True,True,True,True,9.0,9.0,0.0052983909366368,0.0176698264361323,draftkings,DraftKings,betonlineag,BetOnline.ag,best_available_across_quoted_books,all_quoted_books,a889ec328e20424c875cd7f4c5f12ac1,2026-08-21T22:40:01+00:00,model_production_20260820T230248766920Z,production,raw_lgbm,785b65a6b6d2c9334fd60405d611b704a941bb2cbecc860c7dd75980e3ad067f,features_20260821T130951414537Z,8e502cb8298d54aa48ba8cd50e84b7c1b5e6a3a766e5dca4db41d959b7340ecc,features_20260820T130951120586Z,paper
predict_20260821T224001070525Z_823262,predict_20260821T224001070525Z,2026-08-21T22:40:01+00:00,2026-08-21 00:00:00,823262,2026-08-22T01:40:00Z,SD,MIN,Randy Vasquez,Connor Prielipp,0.5593722108963518,0.5870206489675517,0.5407098121085596,0.046310836858992,0.5240193918025562,0.0353528190937956,-113.0,108.0,False,,True,,eligible_no_edge,True,True,True,True,9.0,9.0,0.0048157159343295,0.0184633788639876,betrivers,BetRivers,betus,BetUS,best_available_across_quoted_books,all_quoted_books,88b867463b5fd396b643c8da0c9716f9,2026-08-21T22:40:01+00:00,model_production_20260820T230248766920Z,production,raw_lgbm,785b65a6b6d2c9334fd60405d611b704a941bb2cbecc860c7dd75980e3ad067f,features_20260821T130951414537Z,8e502cb8298d54aa48ba8cd50e84b7c1b5e6a3a766e5dca4db41d959b7340ecc,features_20260820T130951120586Z,paper
predict_20260821T224001070525Z_823101,predict_20260821T224001070525Z,2026-08-21T22:40:01+00:00,2026-08-21 00:00:00,823101,2026-08-22T02:10:00Z,SEA,CHC,Emerson Hancock,Matthew Boyd,0.4686643996832795,0.453781512605042,0.4948905109489051,0.0411089983438631,0.5043297540699688,-0.0356653543866893,-105.0,100.0,False,,False,lineups_not_posted,ineligible,True,False,True,True,9.0,9.0,0.0037037644179851,0.0120912324632644,draftkings,DraftKings,fanduel,FanDuel,best_available_across_quoted_books,all_quoted_books,49bc0a0fca6a722244ffbaa241ec3095,2026-08-21T22:40:01+00:00,model_production_20260820T230248766920Z,production,raw_lgbm,785b65a6b6d2c9334fd60405d611b704a941bb2cbecc860c7dd75980e3ad067f,features_20260821T130951414537Z,8e502cb8298d54aa48ba8cd50e84b7c1b5e6a3a766e5dca4db41d959b7340ecc,features_20260820T130951120586Z,paper
predict_20260821T224001070525Z_822857,predict_20260821T224001070525Z,2026-08-21T22:40:01+00:00,2026-08-21 00:00:00,822857,2026-08-22T00:15:00Z,TEX,LAA,MacKenzie Gore,Reid Detmers,0.567460939412946,0.5354330708661418,0.5753424657534246,0.0399093948872828,0.562379468921525,0.0050814704914209,-136.0,128.0,False,,True,,eligible_no_edge,True,True,True,True,9.0,9.0,0.0031640194472,0.0125562743799452,lowvig,LowVig.ag,fanduel,FanDuel,best_available_across_quoted_books,all_quoted_books,140b40a2fbda2cc9de856a1b2a5605f2,2026-08-21T22:40:01+00:00,model_production_20260820T230248766920Z,production,raw_lgbm,785b65a6b6d2c9334fd60405d611b704a941bb2cbecc860c7dd75980e3ad067f,features_20260821T130951414537Z,8e502cb8298d54aa48ba8cd50e84b7c1b5e6a3a766e5dca4db41d959b7340ecc,features_20260820T130951120586Z,paper
predict_20260821T234002573733Z_825045,predict_20260821T234002573733Z,2026-08-21T23:40:02+00:00,2026-08-21 00:00:00,825045,2026-08-22T01:40:00Z,ARI,CIN,Eduardo Rodriguez,Nick Lodolo,0.5524272980472515,0.5870206489675517,0.5407098121085596,0.046310836858992,0.5747384023574668,-0.0223111043102152,-141.0,135.0,False,,True,,eligible_no_edge,True,True,True,True,9.0,9.0,0.0043015564234991,0.015632148464115,draftkings,DraftKings,betrivers,BetRivers,best_available_across_quoted_books,all_quoted_books,4a4bb5c831a75630b5ce38bfb873fdae,2026-08-21T23:40:02+00:00,model_production_20260820T230248766920Z,production,raw_lgbm,785b65a6b6d2c9334fd60405d611b704a941bb2cbecc860c7dd75980e3ad067f,features_20260821T130951414537Z,8e502cb8298d54aa48ba8cd50e84b7c1b5e6a3a766e5dca4db41d959b7340ecc,features_20260820T130951120586Z,paper
predict_20260821T234002573733Z_824800,predict_20260821T234002573733Z,2026-08-21T23:40:02+00:00,2026-08-21 00:00:00,824800,2026-08-21T23:15:00Z,BAL,TB,Trevor Rogers,Freddy Peralta,0.5203189867915861,0.5272232304900182,0.5307557117750439,0.0035324812850257,0.3360918734110634,0.1842271133805226,202.0,-105.0,True,HOME,True,,bet_candidate,True,True,True,True,6.0,6.0,0.0830971693315186,0.1934157158075874,draftkings,DraftKings,mybookieag,MyBookie.ag,best_available_across_quoted_books,all_quoted_books,3f6f94532e616704b578f080ead691b3,2026-08-21T23:40:02+00:00,model_production_20260820T230248766920Z,production,raw_lgbm,785b65a6b6d2c9334fd60405d611b704a941bb2cbecc860c7dd75980e3ad067f,features_20260821T130951414537Z,8e502cb8298d54aa48ba8cd50e84b7c1b5e6a3a766e5dca4db41d959b7340ecc,features_20260820T130951120586Z,paper
predict_20260821T234002573733Z_824721,predict_20260821T234002573733Z,2026-08-21T23:40:02+00:00,2026-08-21 00:00:00,824721,2026-08-21T23:10:00Z,BOS,SF,Sonny Gray,Logan Webb,0.6210722115729298,0.5870206489675517,0.6186440677966102,0.0316234188290585,0.6466261358342813,-0.0255539242613515,-202.0,185.0,False,,True,,eligible_no_edge,True,True,True,True,6.0,6.0,0.0122605033640438,0.0350524678571109,draftkings,DraftKings,fanduel,FanDuel,best_available_across_quoted_books,all_quoted_books,c12f319c29358a2c3e02be8f3377ded9,2026-08-21T23:40:02+00:00,model_production_20260820T230248766920Z,production,raw_lgbm,785b65a6b6d2c9334fd60405d611b704a941bb2cbecc860c7dd75980e3ad067f,features_20260821T130951414537Z,8e502cb8298d54aa48ba8cd50e84b7c1b5e6a3a766e5dca4db41d959b7340ecc,features_20260820T130951120586Z,paper
predict_20260821T234002573733Z_824317,predict_20260821T234002573733Z,2026-08-21T23:40:02+00:00,2026-08-21 00:00:00,824317,2026-08-22T00:40:00Z,COL,CLE,Tanner Gordon,Joey Cantillo,0.4246288805984094,0.453781512605042,0.427797833935018,0.0259836786700239,0.4172836182527931,0.0073452623456163,140.0,-139.0,False,,True,,eligible_no_edge,True,True,True,True,9.0,9.0,0.0070927836369486,0.0257531784217985,draftkings,DraftKings,lowvig,LowVig.ag,best_available_across_quoted_books,all_quoted_books,3102c4dbe9ea0f9ae9ca9caa2e1be844,2026-08-21T23:40:02+00:00,model_production_20260820T230248766920Z,production,raw_lgbm,785b65a6b6d2c9334fd60405d611b704a941bb2cbecc860c7dd75980e3ad067f,features_20260821T130951414537Z,8e502cb8298d54aa48ba8cd50e84b7c1b5e6a3a766e5dca4db41d959b7340ecc,features_20260820T130951120586Z,paper
predict_20260821T234002573733Z_824559,predict_20260821T234002573733Z,2026-08-21T23:40:02+00:00,2026-08-21 00:00:00,824559,2026-08-21T23:40:00Z,CWS,NYM,Sean Burke,Sean Manaea,0.4659980655882644,0.5193370165745859,0.4948905109489051,0.0244465056256807,0.5374878286270691,-0.0714897630388046,-122.0,116.0,True,AWAY,True,,bet_candidate,True,True,True,True,9.0,9.0,0.0032259730884186,0.0091410363237485,betonlineag,BetOnline.ag,draftkings,DraftKings,best_available_across_quoted_books,all_quoted_books,4d3658b1534e40fb6966575b9ceae5e0,2026-08-21T23:40:02+00:00,model_production_20260820T230248766920Z,production,raw_lgbm,785b65a6b6d2c9334fd60405d611b704a941bb2cbecc860c7dd75980e3ad067f,features_20260821T130951414537Z,8e502cb8298d54aa48ba8cd50e84b7c1b5e6a3a766e5dca4db41d959b7340ecc,features_20260820T130951120586Z,paper
predict_20260821T234002573733Z_824152,predict_20260821T234002573733Z,2026-08-21T23:40:02+00:00,2026-08-21 00:00:00,824152,2026-08-22T00:10:00Z,HOU,OAK,Hayden Wesneski,J.T. Ginn,0.6139942758059808,0.5870206489675517,0.6186440677966102,0.0316234188290585,0.6242539338035812,-0.0102596579976004,-174.0,163.0,False,,True,,eligible_no_edge,True,True,True,True,9.0,9.0,0.0047760672402272,0.0162119983971789,fanduel,FanDuel,draftkings,DraftKings,best_available_across_quoted_books,all_quoted_books,b6b7ee6fe4dc220d97629d15165310a1,2026-08-21T23:40:02+00:00,model_production_20260820T230248766920Z,production,raw_lgbm,785b65a6b6d2c9334fd60405d611b704a941bb2cbecc860c7dd75980e3ad067f,features_20260821T130951414537Z,8e502cb8298d54aa48ba8cd50e84b7c1b5e6a3a766e5dca4db41d959b7340ecc,features_20260820T130951120586Z,paper
predict_20260821T234002573733Z_824072,predict_20260821T234002573733Z,2026-08-21T23:40:02+00:00,2026-08-21 00:00:00,824072,2026-08-22T00:10:00Z,KC,DET,Noah Cameron,Troy Melton,0.4842032713641455,0.5193370165745859,0.4948905109489051,0.0244465056256807,0.5116279069767442,-0.0274246356125986,-103.0,100.0,False,,True,,eligible_no_edge,True,True,True,True,9.0,9.0,0.0044097955969237,0.0153641070816767,draftkings,DraftKings,fanduel,FanDuel,best_available_across_quoted_books,all_quoted_books,d693a7de4eeded95f745646a155a9f2b,2026-08-21T23:40:02+00:00,model_production_20260820T230248766920Z,production,raw_lgbm,785b65a6b6d2c9334fd60405d611b704a941bb2cbecc860c7dd75980e3ad067f,features_20260821T130951414537Z,8e502cb8298d54aa48ba8cd50e84b7c1b5e6a3a766e5dca4db41d959b7340ecc,features_20260820T130951120586Z,paper
predict_20260821T234002573733Z_823911,predict_20260821T234002573733Z,2026-08-21T23:40:02+00:00,2026-08-21 00:00:00,823911,2026-08-22T02:10:00Z,LAD,PIT,Yoshinobu Yamamoto,Bubba Chandler,0.6576358874626657,0.625589434476342,0.6610169491525424,0.0354275146762004,0.6757296083811425,-0.0180937209184768,-225.0,212.0,False,,True,,eligible_no_edge,True,True,True,True,9.0,9.0,0.0045567535976981,0.0148408002414619,fanduel,FanDuel,draftkings,DraftKings,best_available_across_quoted_books,all_quoted_books,8cfedfb07af33f8feff3825d2e30c1ff,2026-08-21T23:40:02+00:00,model_production_20260820T230248766920Z,production,raw_lgbm,785b65a6b6d2c9334fd60405d611b704a941bb2cbecc860c7dd75980e3ad067f,features_20260821T130951414537Z,8e502cb8298d54aa48ba8cd50e84b7c1b5e6a3a766e5dca4db41d959b7340ecc,features_20260820T130951120586Z,paper
predict_20260821T234002573733Z_823830,predict_20260821T234002573733Z,2026-08-21T23:40:02+00:00,2026-08-21 00:00:00,823830,2026-08-21T23:10:00Z,MIA,WSH,Ryan Gusto,Brad Lord,0.5714163983899275,0.5354330708661418,0.5753424657534246,0.0399093948872828,0.5603348150314034,0.0110815833585241,-130.0,125.0,False,,True,,eligible_no_edge,True,True,True,True,6.0,6.0,0.0119105061969665,0.0360203965953763,fanduel,FanDuel,mybookieag,MyBookie.ag,best_available_across_quoted_books,all_quoted_books,9a3a05b0699b94aa59ea0048eb3a31ea,2026-08-21T23:40:02+00:00,model_production_20260820T230248766920Z,production,raw_lgbm,785b65a6b6d2c9334fd60405d611b704a941bb2cbecc860c7dd75980e3ad067f,features_20260821T130951414537Z,8e502cb8298d54aa48ba8cd50e84b7c1b5e6a3a766e5dca4db41d959b7340ecc,features_20260820T130951120586Z,paper
predict_20260821T234002573733Z_823746,predict_20260821T234002573733Z,2026-08-21T23:40:02+00:00,2026-08-21 00:00:00,823746,2026-08-21T20:10:00Z,MIL,ATL,Jacob Misiorowski,Chris Sale,0.472062298084973,0.5223880597014925,0.4948905109489051,0.0274975487525873,,,,,False,,False,market_missing_or_thin,ineligible,True,True,True,False,,,,,,,,,,,,2026-08-21T23:40:02+00:00,model_production_20260820T230248766920Z,production,raw_lgbm,785b65a6b6d2c9334fd60405d611b704a941bb2cbecc860c7dd75980e3ad067f,features_20260821T130951414537Z,8e502cb8298d54aa48ba8cd50e84b7c1b5e6a3a766e5dca4db41d959b7340ecc,features_20260820T130951120586Z,paper
predict_20260821T234002573733Z_823510,predict_20260821T234002573733Z,2026-08-21T23:40:02+00:00,2026-08-21 00:00:00,823510,2026-08-21T23:05:00Z,NYY,TOR,Cam Schlittler,Mason Fluharty,0.5681381972254916,0.5870206489675517,0.5753424657534246,0.011678183214127,0.6865413595577188,-0.1184031623322271,-182.0,640.0,True,AWAY,True,,bet_candidate,True,True,True,True,6.0,6.0,0.0985225503414035,0.2568675509540122,mybookieag,MyBookie.ag,draftkings,DraftKings,best_available_across_quoted_books,all_quoted_books,c3be44cb6d56f79e2cd298812a7f7624,2026-08-21T23:40:02+00:00,model_production_20260820T230248766920Z,production,raw_lgbm,785b65a6b6d2c9334fd60405d611b704a941bb2cbecc860c7dd75980e3ad067f,features_20260821T130951414537Z,8e502cb8298d54aa48ba8cd50e84b7c1b5e6a3a766e5dca4db41d959b7340ecc,features_20260820T130951120586Z,paper
predict_20260821T234002573733Z_823420,predict_20260821T234002573733Z,2026-08-21T23:40:02+00:00,2026-08-21 00:00:00,823420,2026-08-21T22:40:00Z,PHI,STL,Jesus Luzardo,Hunter Dobbins,0.5989262888198156,0.5870206489675517,0.6186440677966102,0.0316234188290585,0.7699829731719388,-0.1710566843521231,-333.0,400.0,True,AWAY,True,,bet_candidate,True,True,True,True,6.0,6.0,0.0302477850155115,0.0934663366284228,mybookieag,MyBookie.ag,betmgm,BetMGM,best_available_across_quoted_books,all_quoted_books,a889ec328e20424c875cd7f4c5f12ac1,2026-08-21T23:40:02+00:00,model_production_20260820T230248766920Z,production,raw_lgbm,785b65a6b6d2c9334fd60405d611b704a941bb2cbecc860c7dd75980e3ad067f,features_20260821T130951414537Z,8e502cb8298d54aa48ba8cd50e84b7c1b5e6a3a766e5dca4db41d959b7340ecc,features_20260820T130951120586Z,paper
predict_20260821T234002573733Z_823262,predict_20260821T234002573733Z,2026-08-21T23:40:02+00:00,2026-08-21 00:00:00,823262,2026-08-22T01:40:00Z,SD,MIN,Randy Vasquez,Connor Prielipp,0.5593722108963518,0.5870206489675517,0.5407098121085596,0.046310836858992,0.5240193918025562,0.0353528190937956,-115.0,108.0,False,,True,,eligible_no_edge,True,True,True,True,9.0,9.0,0.0035029973069508,0.011020688220418,draftkings,DraftKings,fanduel,FanDuel,best_available_across_quoted_books,all_quoted_books,88b867463b5fd396b643c8da0c9716f9,2026-08-21T23:40:02+00:00,model_production_20260820T230248766920Z,production,raw_lgbm,785b65a6b6d2c9334fd60405d611b704a941bb2cbecc860c7dd75980e3ad067f,features_20260821T130951414537Z,8e502cb8298d54aa48ba8cd50e84b7c1b5e6a3a766e5dca4db41d959b7340ecc,features_20260820T130951120586Z,paper
predict_20260821T234002573733Z_823101,predict_20260821T234002573733Z,2026-08-21T23:40:02+00:00,2026-08-21 00:00:00,823101,2026-08-22T02:10:00Z,SEA,CHC,Emerson Hancock,Matthew Boyd,0.4686643996832795,0.453781512605042,0.4948905109489051,0.0411089983438631,0.5045156920298035,-0.035851292346524,-105.0,100.0,False,,True,,eligible_no_edge,True,True,True,True,9.0,9.0,0.0028522268307432,0.0105390811749458,draftkings,DraftKings,fanduel,FanDuel,best_available_across_quoted_books,all_quoted_books,49bc0a0fca6a722244ffbaa241ec3095,2026-08-21T23:40:02+00:00,model_production_20260820T230248766920Z,production,raw_lgbm,785b65a6b6d2c9334fd60405d611b704a941bb2cbecc860c7dd75980e3ad067f,features_20260821T130951414537Z,8e502cb8298d54aa48ba8cd50e84b7c1b5e6a3a766e5dca4db41d959b7340ecc,features_20260820T130951120586Z,paper
predict_20260821T234002573733Z_822857,predict_20260821T234002573733Z,2026-08-21T23:40:02+00:00,2026-08-21 00:00:00,822857,2026-08-22T00:15:00Z,TEX,LAA,MacKenzie Gore,Reid Detmers,0.567460939412946,0.5354330708661418,0.5753424657534246,0.0399093948872828,0.562379468921525,0.0050814704914209,-134.0,126.0,False,,True,,eligible_no_edge,True,True,True,True,9.0,9.0,0.0027332982736393,0.0107748959545581,fanduel,FanDuel,draftkings,DraftKings,best_available_across_quoted_books,all_quoted_books,140b40a2fbda2cc9de856a1b2a5605f2,2026-08-21T23:40:02+00:00,model_production_20260820T230248766920Z,production,raw_lgbm,785b65a6b6d2c9334fd60405d611b704a941bb2cbecc860c7dd75980e3ad067f,features_20260821T130951414537Z,8e502cb8298d54aa48ba8cd50e84b7c1b5e6a3a766e5dca4db41d959b7340ecc,features_20260820T130951120586Z,paper
predict_20260822T001001105293Z_825045,predict_20260822T001001105293Z,2026-08-22T00:10:01+00:00,2026-08-21 00:00:00,825045,2026-08-22T01:40:00Z,ARI,CIN,Eduardo Rodriguez,Nick Lodolo,0.5524272980472515,0.5870206489675517,0.5407098121085596,0.046310836858992,0.5765084698306034,-0.0240811717833518,-141.0,135.0,False,,True,,eligible_no_edge,True,True,True,True,9.0,9.0,0.0034681402118948,0.0118746594766766,draftkings,DraftKings,betrivers,BetRivers,best_available_across_quoted_books,all_quoted_books,4a4bb5c831a75630b5ce38bfb873fdae,2026-08-22T00:10:01+00:00,model_production_20260820T230248766920Z,production,raw_lgbm,785b65a6b6d2c9334fd60405d611b704a941bb2cbecc860c7dd75980e3ad067f,features_20260821T130951414537Z,8e502cb8298d54aa48ba8cd50e84b7c1b5e6a3a766e5dca4db41d959b7340ecc,features_20260820T130951120586Z,paper
predict_20260822T001001105293Z_824800,predict_20260822T001001105293Z,2026-08-22T00:10:01+00:00,2026-08-21 00:00:00,824800,2026-08-21T23:15:00Z,BAL,TB,Trevor Rogers,Freddy Peralta,0.5203189867915861,0.5272232304900182,0.5307557117750439,0.0035324812850257,0.3929845468797573,0.1273344399118287,155.0,-149.0,True,HOME,True,,bet_candidate,True,True,True,True,6.0,6.0,0.0190456863187715,0.0487673816730271,fanduel,FanDuel,draftkings,DraftKings,best_available_across_quoted_books,all_quoted_books,3f6f94532e616704b578f080ead691b3,2026-08-22T00:10:01+00:00,model_production_20260820T230248766920Z,production,raw_lgbm,785b65a6b6d2c9334fd60405d611b704a941bb2cbecc860c7dd75980e3ad067f,features_20260821T130951414537Z,8e502cb8298d54aa48ba8cd50e84b7c1b5e6a3a766e5dca4db41d959b7340ecc,features_20260820T130951120586Z,paper
predict_20260822T001001105293Z_824721,predict_20260822T001001105293Z,2026-08-22T00:10:01+00:00,2026-08-21 00:00:00,824721,2026-08-21T23:10:00Z,BOS,SF,Sonny Gray,Logan Webb,0.6210722115729298,0.5870206489675517,0.6186440677966102,0.0316234188290585,0.8227179328952465,-0.2016457213223167,-125.0,494.0,False,,True,,eligible_no_edge,True,True,True,True,6.0,6.0,0.1364338869580894,0.3113049267044201,betmgm,BetMGM,draftkings,DraftKings,best_available_across_quoted_books,all_quoted_books,c12f319c29358a2c3e02be8f3377ded9,2026-08-22T00:10:01+00:00,model_production_20260820T230248766920Z,production,raw_lgbm,785b65a6b6d2c9334fd60405d611b704a941bb2cbecc860c7dd75980e3ad067f,features_20260821T130951414537Z,8e502cb8298d54aa48ba8cd50e84b7c1b5e6a3a766e5dca4db41d959b7340ecc,features_20260820T130951120586Z,paper
predict_20260822T001001105293Z_824317,predict_20260822T001001105293Z,2026-08-22T00:10:01+00:00,2026-08-21 00:00:00,824317,2026-08-22T00:40:00Z,COL,CLE,Tanner Gordon,Joey Cantillo,0.4246288805984094,0.453781512605042,0.427797833935018,0.0259836786700239,0.4203775089724844,0.0042513716259249,140.0,-142.0,False,,True,,eligible_no_edge,True,True,True,True,9.0,9.0,0.0065329036490205,0.0203468089440022,draftkings,DraftKings,lowvig,LowVig.ag,best_available_across_quoted_books,all_quoted_books,3102c4dbe9ea0f9ae9ca9caa2e1be844,2026-08-22T00:10:01+00:00,model_production_20260820T230248766920Z,production,raw_lgbm,785b65a6b6d2c9334fd60405d611b704a941bb2cbecc860c7dd75980e3ad067f,features_20260821T130951414537Z,8e502cb8298d54aa48ba8cd50e84b7c1b5e6a3a766e5dca4db41d959b7340ecc,features_20260820T130951120586Z,paper
predict_20260822T001001105293Z_824559,predict_20260822T001001105293Z,2026-08-22T00:10:01+00:00,2026-08-21 00:00:00,824559,2026-08-21T23:40:00Z,CWS,NYM,Sean Burke,Sean Manaea,0.4659980655882644,0.5193370165745859,0.4948905109489051,0.0244465056256807,0.5704225352112676,-0.1044244696230031,-122.0,130.0,True,AWAY,True,,bet_candidate,True,True,True,True,9.0,9.0,0.0171941261306386,0.0490467914122346,betonlineag,BetOnline.ag,fanduel,FanDuel,best_available_across_quoted_books,all_quoted_books,4d3658b1534e40fb6966575b9ceae5e0,2026-08-22T00:10:01+00:00,model_production_20260820T230248766920Z,production,raw_lgbm,785b65a6b6d2c9334fd60405d611b704a941bb2cbecc860c7dd75980e3ad067f,features_20260821T130951414537Z,8e502cb8298d54aa48ba8cd50e84b7c1b5e6a3a766e5dca4db41d959b7340ecc,features_20260820T130951120586Z,paper
predict_20260822T001001105293Z_824152,predict_20260822T001001105293Z,2026-08-22T00:10:01+00:00,2026-08-21 00:00:00,824152,2026-08-22T00:10:00Z,HOU,OAK,Hayden Wesneski,J.T. Ginn,0.6139942758059808,0.5870206489675517,0.6186440677966102,0.0316234188290585,0.6187290969899665,-0.0047348211839857,-170.0,163.0,False,,True,,eligible_no_edge,True,True,True,True,9.0,9.0,0.0055919056476425,0.0168945689353134,lowvig,LowVig.ag,draftkings,DraftKings,best_available_across_quoted_books,all_quoted_books,b6b7ee6fe4dc220d97629d15165310a1,2026-08-22T00:10:01+00:00,model_production_20260820T230248766920Z,production,raw_lgbm,785b65a6b6d2c9334fd60405d611b704a941bb2cbecc860c7dd75980e3ad067f,features_20260821T130951414537Z,8e502cb8298d54aa48ba8cd50e84b7c1b5e6a3a766e5dca4db41d959b7340ecc,features_20260820T130951120586Z,paper
predict_20260822T001001105293Z_824072,predict_20260822T001001105293Z,2026-08-22T00:10:01+00:00,2026-08-21 00:00:00,824072,2026-08-22T00:10:00Z,KC,DET,Noah Cameron,Troy Melton,0.4842032713641455,0.5193370165745859,0.4948905109489051,0.0244465056256807,0.5108342361863488,-0.0266309648222032,-103.0,100.0,False,,True,,eligible_no_edge,True,True,True,True,9.0,9.0,0.0042845018167701,0.0145292734275217,draftkings,DraftKings,fanduel,FanDuel,best_available_across_quoted_books,all_quoted_books,d693a7de4eeded95f745646a155a9f2b,2026-08-22T00:10:01+00:00,model_production_20260820T230248766920Z,production,raw_lgbm,785b65a6b6d2c9334fd60405d611b704a941bb2cbecc860c7dd75980e3ad067f,features_20260821T130951414537Z,8e502cb8298d54aa48ba8cd50e84b7c1b5e6a3a766e5dca4db41d959b7340ecc,features_20260820T130951120586Z,paper
predict_20260822T001001105293Z_823911,predict_20260822T001001105293Z,2026-08-22T00:10:01+00:00,2026-08-21 00:00:00,823911,2026-08-22T02:10:00Z,LAD,PIT,Yoshinobu Yamamoto,Bubba Chandler,0.6576358874626657,0.625589434476342,0.6610169491525424,0.0354275146762004,0.6757296083811425,-0.0180937209184768,-225.0,215.0,False,,True,,eligible_no_edge,True,True,True,True,9.0,9.0,0.0061473768451747,0.021755234122188,fanduel,FanDuel,betrivers,BetRivers,best_available_across_quoted_books,all_quoted_books,8cfedfb07af33f8feff3825d2e30c1ff,2026-08-22T00:10:01+00:00,model_production_20260820T230248766920Z,production,raw_lgbm,785b65a6b6d2c9334fd60405d611b704a941bb2cbecc860c7dd75980e3ad067f,features_20260821T130951414537Z,8e502cb8298d54aa48ba8cd50e84b7c1b5e6a3a766e5dca4db41d959b7340ecc,features_20260820T130951120586Z,paper
predict_20260822T001001105293Z_823830,predict_20260822T001001105293Z,2026-08-22T00:10:01+00:00,2026-08-21 00:00:00,823830,2026-08-21T23:10:00Z,MIA,WSH,Ryan Gusto,Brad Lord,0.5714163983899275,0.5354330708661418,0.5753424657534246,0.0399093948872828,0.5429898841217339,0.0284265142681936,-125.0,151.0,False,,True,,eligible_no_edge,True,True,True,True,6.0,6.0,0.0303562846424529,0.0941817415151349,bovada,Bovada,draftkings,DraftKings,best_available_across_quoted_books,all_quoted_books,9a3a05b0699b94aa59ea0048eb3a31ea,2026-08-22T00:10:01+00:00,model_production_20260820T230248766920Z,production,raw_lgbm,785b65a6b6d2c9334fd60405d611b704a941bb2cbecc860c7dd75980e3ad067f,features_20260821T130951414537Z,8e502cb8298d54aa48ba8cd50e84b7c1b5e6a3a766e5dca4db41d959b7340ecc,features_20260820T130951120586Z,paper
predict_20260822T001001105293Z_823746,predict_20260822T001001105293Z,2026-08-22T00:10:01+00:00,2026-08-21 00:00:00,823746,2026-08-21T20:10:00Z,MIL,ATL,Jacob Misiorowski,Chris Sale,0.472062298084973,0.5223880597014925,0.4948905109489051,0.0274975487525873,,,,,False,,False,market_missing_or_thin,ineligible,True,True,True,False,,,,,,,,,,,,2026-08-22T00:10:01+00:00,model_production_20260820T230248766920Z,production,raw_lgbm,785b65a6b6d2c9334fd60405d611b704a941bb2cbecc860c7dd75980e3ad067f,features_20260821T130951414537Z,8e502cb8298d54aa48ba8cd50e84b7c1b5e6a3a766e5dca4db41d959b7340ecc,features_20260820T130951120586Z,paper
predict_20260822T001001105293Z_823510,predict_20260822T001001105293Z,2026-08-22T00:10:01+00:00,2026-08-21 00:00:00,823510,2026-08-21T23:05:00Z,NYY,TOR,Cam Schlittler,Mason Fluharty,0.5681381972254916,0.5870206489675517,0.5753424657534246,0.011678183214127,0.8245649243445465,-0.2564267271190549,-542.0,500.0,False,,True,,eligible_no_edge,True,True,True,True,6.0,6.0,0.0135695903775413,0.0369261164074259,draftkings,DraftKings,mybookieag,MyBookie.ag,best_available_across_quoted_books,all_quoted_books,c3be44cb6d56f79e2cd298812a7f7624,2026-08-22T00:10:01+00:00,model_production_20260820T230248766920Z,production,raw_lgbm,785b65a6b6d2c9334fd60405d611b704a941bb2cbecc860c7dd75980e3ad067f,features_20260821T130951414537Z,8e502cb8298d54aa48ba8cd50e84b7c1b5e6a3a766e5dca4db41d959b7340ecc,features_20260820T130951120586Z,paper
predict_20260822T001001105293Z_823420,predict_20260822T001001105293Z,2026-08-22T00:10:01+00:00,2026-08-21 00:00:00,823420,2026-08-21T22:40:00Z,PHI,STL,Jesus Luzardo,Hunter Dobbins,0.5989262888198156,0.5870206489675517,0.6186440677966102,0.0316234188290585,0.7686268011802869,-0.1697005123604713,-377.0,450.0,True,AWAY,True,,bet_candidate,True,True,True,True,6.0,6.0,0.0256246677337187,0.0834083053174865,draftkings,DraftKings,mybookieag,MyBookie.ag,best_available_across_quoted_books,all_quoted_books,a889ec328e20424c875cd7f4c5f12ac1,2026-08-22T00:10:01+00:00,model_production_20260820T230248766920Z,production,raw_lgbm,785b65a6b6d2c9334fd60405d611b704a941bb2cbecc860c7dd75980e3ad067f,features_20260821T130951414537Z,8e502cb8298d54aa48ba8cd50e84b7c1b5e6a3a766e5dca4db41d959b7340ecc,features_20260820T130951120586Z,paper
predict_20260822T001001105293Z_823262,predict_20260822T001001105293Z,2026-08-22T00:10:01+00:00,2026-08-21 00:00:00,823262,2026-08-22T01:40:00Z,SD,MIN,Randy Vasquez,Connor Prielipp,0.5593722108963518,0.5870206489675517,0.5407098121085596,0.046310836858992,0.5254386933009602,0.0339335175953916,-115.0,108.0,False,,True,,eligible_no_edge,True,True,True,True,9.0,9.0,0.0032151889834154,0.0086198095182532,draftkings,DraftKings,fanduel,FanDuel,best_available_across_quoted_books,all_quoted_books,88b867463b5fd396b643c8da0c9716f9,2026-08-22T00:10:01+00:00,model_production_20260820T230248766920Z,production,raw_lgbm,785b65a6b6d2c9334fd60405d611b704a941bb2cbecc860c7dd75980e3ad067f,features_20260821T130951414537Z,8e502cb8298d54aa48ba8cd50e84b7c1b5e6a3a766e5dca4db41d959b7340ecc,features_20260820T130951120586Z,paper
predict_20260822T001001105293Z_823101,predict_20260822T001001105293Z,2026-08-22T00:10:01+00:00,2026-08-21 00:00:00,823101,2026-08-22T02:10:00Z,SEA,CHC,Emerson Hancock,Matthew Boyd,0.4686643996832795,0.453781512605042,0.4948905109489051,0.0411089983438631,0.5045156920298035,-0.035851292346524,-105.0,100.0,False,,True,,eligible_no_edge,True,True,True,True,9.0,9.0,0.0028522268307432,0.0105390811749458,draftkings,DraftKings,fanduel,FanDuel,best_available_across_quoted_books,all_quoted_books,49bc0a0fca6a722244ffbaa241ec3095,2026-08-22T00:10:01+00:00,model_production_20260820T230248766920Z,production,raw_lgbm,785b65a6b6d2c9334fd60405d611b704a941bb2cbecc860c7dd75980e3ad067f,features_20260821T130951414537Z,8e502cb8298d54aa48ba8cd50e84b7c1b5e6a3a766e5dca4db41d959b7340ecc,features_20260820T130951120586Z,paper
predict_20260822T001001105293Z_822857,predict_20260822T001001105293Z,2026-08-22T00:10:01+00:00,2026-08-21 00:00:00,822857,2026-08-22T00:15:00Z,TEX,LAA,MacKenzie Gore,Reid Detmers,0.567460939412946,0.5354330708661418,0.5753424657534246,0.0399093948872828,0.564639233473596,0.0028217059393499,-134.0,127.0,False,,True,,eligible_no_edge,True,True,True,True,9.0,9.0,0.0031489562315406,0.0088644605372252,fanduel,FanDuel,draftkings,DraftKings,best_available_across_quoted_books,all_quoted_books,140b40a2fbda2cc9de856a1b2a5605f2,2026-08-22T00:10:01+00:00,model_production_20260820T230248766920Z,production,raw_lgbm,785b65a6b6d2c9334fd60405d611b704a941bb2cbecc860c7dd75980e3ad067f,features_20260821T130951414537Z,8e502cb8298d54aa48ba8cd50e84b7c1b5e6a3a766e5dca4db41d959b7340ecc,features_20260820T130951120586Z,paper
predict_20260822T053924611577Z_825044,predict_20260822T053924611577Z,2026-08-22T05:39:24+00:00,2026-08-22 00:00:00,825044,2026-08-23T00:10:00Z,ARI,CIN,Michael Soroka,Rhett Lowder,0.559555993136953,0.6049046321525886,0.5407098121085596,0.0641948200440289,0.597688651402653,-0.0381326582657,-159.0,146.0,False,,False,lineups_not_posted,ineligible,True,False,False,True,9.0,9.0,0.0043937973003588,0.0156835708272707,lowvig,LowVig.ag,fanduel,FanDuel,best_available_across_quoted_books,all_quoted_books,d159265b7c107d36584b234b2b334e03,2026-08-22T05:39:24+00:00,model_production_20260820T230248766920Z,production,raw_lgbm,785b65a6b6d2c9334fd60405d611b704a941bb2cbecc860c7dd75980e3ad067f,features_20260821T130951414537Z,8e502cb8298d54aa48ba8cd50e84b7c1b5e6a3a766e5dca4db41d959b7340ecc,features_20260820T130951120586Z,paper
predict_20260822T053924611577Z_824798,predict_20260822T053924611577Z,2026-08-22T05:39:24+00:00,2026-08-22 00:00:00,824798,2026-08-22T23:05:00Z,BAL,TB,Brandon Young,Shane McClanahan,0.4595234397860562,0.4685314685314685,0.4942528735632184,0.0257214050317498,0.4516676961087091,0.007855743677347,118.0,-125.0,False,,False,lineups_not_posted,ineligible,True,False,False,True,9.0,9.0,0.0059995157434372,0.0195387004892263,betonlineag,BetOnline.ag,betrivers,BetRivers,best_available_across_quoted_books,all_quoted_books,a724c4baba286e2f8b35bb652ee597a1,2026-08-22T05:39:24+00:00,model_production_20260820T230248766920Z,production,raw_lgbm,785b65a6b6d2c9334fd60405d611b704a941bb2cbecc860c7dd75980e3ad067f,features_20260821T130951414537Z,8e502cb8298d54aa48ba8cd50e84b7c1b5e6a3a766e5dca4db41d959b7340ecc,features_20260820T130951120586Z,paper
predict_20260822T053924611577Z_824718,predict_20260822T053924611577Z,2026-08-22T05:39:24+00:00,2026-08-22 00:00:00,824718,2026-08-22T23:15:00Z,BOS,SF,Patrick Sandoval,Blade Tidwell,0.5988272152803278,0.5870206489675517,0.6186440677966102,0.0316234188290585,0.6511627906976745,-0.0523355754173466,-200.0,184.0,False,,False,lineups_not_posted,ineligible,True,False,False,True,9.0,9.0,0.0062453500768657,0.022749762810769,betonlineag,BetOnline.ag,fanduel,FanDuel,best_available_across_quoted_books,all_quoted_books,9c20ecc53352a8369b35a68e8479750d,2026-08-22T05:39:24+00:00,model_production_20260820T230248766920Z,production,raw_lgbm,785b65a6b6d2c9334fd60405d611b704a941bb2cbecc860c7dd75980e3ad067f,features_20260821T130951414537Z,8e502cb8298d54aa48ba8cd50e84b7c1b5e6a3a766e5dca4db41d959b7340ecc,features_20260820T130951120586Z,paper
predict_20260822T053924611577Z_824316,predict_20260822T053924611577Z,2026-08-22T05:39:24+00:00,2026-08-22 00:00:00,824316,2026-08-23T00:10:00Z,COL,CLE,Gabriel Hughes,Tanner Bibee,0.4425902740302742,0.453781512605042,0.427797833935018,0.0259836786700239,0.4372278664731495,0.0053624075571247,128.0,-135.0,False,,False,lineups_not_posted,ineligible,True,False,False,True,9.0,9.0,0.0051628488243749,0.0172014870677671,betrivers,BetRivers,lowvig,LowVig.ag,best_available_across_quoted_books,all_quoted_books,bc93cc6a5c4779c620007a3657cc78ad,2026-08-22T05:39:24+00:00,model_production_20260820T230248766920Z,production,raw_lgbm,785b65a6b6d2c9334fd60405d611b704a941bb2cbecc860c7dd75980e3ad067f,features_20260821T130951414537Z,8e502cb8298d54aa48ba8cd50e84b7c1b5e6a3a766e5dca4db41d959b7340ecc,features_20260820T130951120586Z,paper
predict_20260822T053924611577Z_824560,predict_20260822T053924611577Z,2026-08-22T05:39:24+00:00,2026-08-22 00:00:00,824560,2026-08-22T23:10:00Z,CWS,NYM,Luis Castillo,Christian Scott,0.4689815255087101,0.453781512605042,0.4948905109489051,0.0411089983438631,0.5173641257162701,-0.0483826002075599,-110.0,102.0,False,,False,lineups_not_posted,ineligible,True,False,False,True,9.0,9.0,0.0046502901085452,0.012593546310453,lowvig,LowVig.ag,mybookieag,MyBookie.ag,best_available_across_quoted_books,all_quoted_books,cbde6bd02f030c8e94c35c62ed4a4044,2026-08-22T05:39:24+00:00,model_production_20260820T230248766920Z,production,raw_lgbm,785b65a6b6d2c9334fd60405d611b704a941bb2cbecc860c7dd75980e3ad067f,features_20260821T130951414537Z,8e502cb8298d54aa48ba8cd50e84b7c1b5e6a3a766e5dca4db41d959b7340ecc,features_20260820T130951120586Z,paper
predict_20260822T053924611577Z_824151,predict_20260822T053924611577Z,2026-08-22T05:39:24+00:00,2026-08-22 00:00:00,824151,2026-08-22T23:10:00Z,HOU,OAK,Hunter Brown,Jacob Lopez,0.6662261213412842,0.6049046321525886,0.7215909090909091,0.1166862769383204,0.6771235031315698,-0.0108973817902855,-225.0,205.0,False,,False,lineups_not_posted,ineligible,True,False,False,True,8.0,8.0,0.0047781983445309,0.0149554817422639,betonlineag,BetOnline.ag,fanduel,FanDuel,best_available_across_quoted_books,all_quoted_books,a397d1e33cd40684b963ed76d3e727ef,2026-08-22T05:39:24+00:00,model_production_20260820T230248766920Z,production,raw_lgbm,785b65a6b6d2c9334fd60405d611b704a941bb2cbecc860c7dd75980e3ad067f,features_20260821T130951414537Z,8e502cb8298d54aa48ba8cd50e84b7c1b5e6a3a766e5dca4db41d959b7340ecc,features_20260820T130951120586Z,paper
predict_20260822T053924611577Z_824073,predict_20260822T053924611577Z,2026-08-22T05:39:24+00:00,2026-08-22 00:00:00,824073,2026-08-22T23:15:00Z,KC,DET,Michael Wacha,Drew Anderson,0.4806227925306781,0.453781512605042,0.4948905109489051,0.0411089983438631,0.5,-0.0193772074693219,-105.0,-102.0,False,,False,lineups_not_posted,ineligible,True,False,False,True,9.0,9.0,0.0047645974541488,0.0153967974661269,betonlineag,BetOnline.ag,fanduel,FanDuel,best_available_across_quoted_books,all_quoted_books,49cc06c81f0e3b50d6dfa054a1883b24,2026-08-22T05:39:24+00:00,model_production_20260820T230248766920Z,production,raw_lgbm,785b65a6b6d2c9334fd60405d611b704a941bb2cbecc860c7dd75980e3ad067f,features_20260821T130951414537Z,8e502cb8298d54aa48ba8cd50e84b7c1b5e6a3a766e5dca4db41d959b7340ecc,features_20260820T130951120586Z,paper
predict_20260822T053924611577Z_823910,predict_20260822T053924611577Z,2026-08-22T05:39:24+00:00,2026-08-22 00:00:00,823910,2026-08-22T23:15:00Z,LAD,PIT,Tarik Skubal,Jared Jones,0.6989931307631314,0.6852589641434262,0.7368421052631579,0.0515831411197316,0.6955316995470309,0.0034614312161005,-244.0,221.0,False,,False,lineups_not_posted,ineligible,True,False,False,True,9.0,9.0,0.005184424757553,0.019454415334001,mybookieag,MyBookie.ag,lowvig,LowVig.ag,best_available_across_quoted_books,all_quoted_books,5099914e07241203eb3dca62ddc5318c,2026-08-22T05:39:24+00:00,model_production_20260820T230248766920Z,production,raw_lgbm,785b65a6b6d2c9334fd60405d611b704a941bb2cbecc860c7dd75980e3ad067f,features_20260821T130951414537Z,8e502cb8298d54aa48ba8cd50e84b7c1b5e6a3a766e5dca4db41d959b7340ecc,features_20260820T130951120586Z,paper
predict_20260822T053924611577Z_823831,predict_20260822T053924611577Z,2026-08-22T05:39:24+00:00,2026-08-22 00:00:00,823831,2026-08-22T20:10:00Z,MIA,WSH,Eury Perez,Jake Irvin,0.575738871495237,0.5870206489675517,0.5798969072164947,0.007123741751057,0.6197204065337718,-0.0439815350385348,-175.0,158.0,False,,False,lineups_not_posted,ineligible,True,False,False,True,9.0,9.0,0.0038543856046357,0.0153151326647366,betonlineag,BetOnline.ag,fanduel,FanDuel,best_available_across_quoted_books,all_quoted_books,da4b9485dac20060b228d56c1eba64b2,2026-08-22T05:39:24+00:00,model_production_20260820T230248766920Z,production,raw_lgbm,785b65a6b6d2c9334fd60405d611b704a941bb2cbecc860c7dd75980e3ad067f,features_20260821T130951414537Z,8e502cb8298d54aa48ba8cd50e84b7c1b5e6a3a766e5dca4db41d959b7340ecc,features_20260820T130951120586Z,paper
predict_20260822T053924611577Z_823743,predict_20260822T053924611577Z,2026-08-22T05:39:24+00:00,2026-08-22 00:00:00,823743,2026-08-22T18:10:00Z,MIL,ATL,Logan Henderson,Martin Perez,0.5223125210784345,0.5272232304900182,0.5307557117750439,0.0035324812850257,0.6012269938650306,-0.0789144727865961,-155.0,146.0,False,,False,lineups_not_posted,ineligible,True,False,False,True,9.0,9.0,0.007040917174535,0.0286741187455372,betrivers,BetRivers,bovada,Bovada,best_available_across_quoted_books,all_quoted_books,44a6d81175e6cca1f6d5804b150427a1,2026-08-22T05:39:24+00:00,model_production_20260820T230248766920Z,production,raw_lgbm,785b65a6b6d2c9334fd60405d611b704a941bb2cbecc860c7dd75980e3ad067f,features_20260821T130951414537Z,8e502cb8298d54aa48ba8cd50e84b7c1b5e6a3a766e5dca4db41d959b7340ecc,features_20260820T130951120586Z,paper
predict_20260822T053924611577Z_823509,predict_20260822T053924611577Z,2026-08-22T05:39:24+00:00,2026-08-22 00:00:00,823509,2026-08-22T17:35:00Z,NYY,TOR,Ryan Weathers,Dylan Cease,0.5406693495193907,0.5272232304900182,0.5407098121085596,0.0134865816185414,0.509433962264151,0.0312353872552396,-107.0,100.0,False,,False,lineups_not_posted,ineligible,True,False,False,True,9.0,9.0,0.0047966173865278,0.0154940344762866,lowvig,LowVig.ag,fanduel,FanDuel,best_available_across_quoted_books,all_quoted_books,37d5ada29cdca43791f56ead0c6f958a,2026-08-22T05:39:24+00:00,model_production_20260820T230248766920Z,production,raw_lgbm,785b65a6b6d2c9334fd60405d611b704a941bb2cbecc860c7dd75980e3ad067f,features_20260821T130951414537Z,8e502cb8298d54aa48ba8cd50e84b7c1b5e6a3a766e5dca4db41d959b7340ecc,features_20260820T130951120586Z,paper
predict_20260822T053924611577Z_823422,predict_20260822T053924611577Z,2026-08-22T05:39:24+00:00,2026-08-22 00:00:00,823422,2026-08-22T22:05:00Z,PHI,STL,Andrew Painter,,0.5463263074429591,0.5272232304900182,0.5407098121085596,0.0134865816185414,0.5487032481744757,-0.0023769407315166,-130.0,118.0,False,,False,probable_starter_missing;lineups_not_posted,ineligible,False,False,False,True,9.0,9.0,0.0027827662390419,0.0076228865309929,lowvig,LowVig.ag,lowvig,LowVig.ag,best_available_across_quoted_books,all_quoted_books,981879bf214542d1037319de2491b463,2026-08-22T05:39:24+00:00,model_production_20260820T230248766920Z,production,raw_lgbm,785b65a6b6d2c9334fd60405d611b704a941bb2cbecc860c7dd75980e3ad067f,features_20260821T130951414537Z,8e502cb8298d54aa48ba8cd50e84b7c1b5e6a3a766e5dca4db41d959b7340ecc,features_20260820T130951120586Z,paper
predict_20260822T053924611577Z_823261,predict_20260822T053924611577Z,2026-08-22T05:39:24+00:00,2026-08-22 00:00:00,823261,2026-08-23T00:40:00Z,SD,MIN,Casey Mize,Dean Kremer,0.5449917890365812,0.5870206489675517,0.5407098121085596,0.046310836858992,0.5965276928719893,-0.051535903835408,-159.0,145.0,False,,False,lineups_not_posted,ineligible,True,False,False,True,9.0,9.0,0.003760501779907,0.0111589891935104,betrivers,BetRivers,lowvig,LowVig.ag,best_available_across_quoted_books,all_quoted_books,458febdbf016dd7687ef2e5fe5edce26,2026-08-22T05:39:24+00:00,model_production_20260820T230248766920Z,production,raw_lgbm,785b65a6b6d2c9334fd60405d611b704a941bb2cbecc860c7dd75980e3ad067f,features_20260821T130951414537Z,8e502cb8298d54aa48ba8cd50e84b7c1b5e6a3a766e5dca4db41d959b7340ecc,features_20260820T130951120586Z,paper
predict_20260822T053924611577Z_823100,predict_20260822T053924611577Z,2026-08-22T05:39:24+00:00,2026-08-22 00:00:00,823100,2026-08-22T23:15:00Z,SEA,CHC,Kade Anderson,David Peterson,0.4548598168278285,0.4685314685314685,0.427797833935018,0.0407336345964505,0.5173641257162701,-0.0625043088884416,-112.0,102.0,False,,False,lineups_not_posted,ineligible,True,False,False,True,9.0,9.0,0.0032397742253109,0.011214169208113,betonlineag,BetOnline.ag,fanduel,FanDuel,best_available_across_quoted_books,all_quoted_books,41ad7c33eb3de5730091e2b719e433d2,2026-08-22T05:39:24+00:00,model_production_20260820T230248766920Z,production,raw_lgbm,785b65a6b6d2c9334fd60405d611b704a941bb2cbecc860c7dd75980e3ad067f,features_20260821T130951414537Z,8e502cb8298d54aa48ba8cd50e84b7c1b5e6a3a766e5dca4db41d959b7340ecc,features_20260820T130951120586Z,paper
predict_20260822T053924611577Z_822858,predict_20260822T053924611577Z,2026-08-22T05:39:24+00:00,2026-08-22 00:00:00,822858,2026-08-22T23:05:00Z,TEX,LAA,Cody Bradford,Ryan Johnson,0.5356603182857856,0.5272232304900182,0.5307557117750439,0.0035324812850257,0.6092362344582594,-0.0735759161724737,-167.0,151.0,False,,False,lineups_not_posted,ineligible,True,False,False,True,7.0,7.0,0.0018863595112288,0.0053751916390403,lowvig,LowVig.ag,lowvig,LowVig.ag,best_available_across_quoted_books,all_quoted_books,ba9273aecfb41580e1f1da93be63376c,2026-08-22T05:39:24+00:00,model_production_20260820T230248766920Z,production,raw_lgbm,785b65a6b6d2c9334fd60405d611b704a941bb2cbecc860c7dd75980e3ad067f,features_20260821T130951414537Z,8e502cb8298d54aa48ba8cd50e84b7c1b5e6a3a766e5dca4db41d959b7340ecc,features_20260820T130951120586Z,paper
predict_20260822T061711009856Z_825044,predict_20260822T061711009856Z,2026-08-22T06:17:11+00:00,2026-08-22 00:00:00,825044,2026-08-23T00:10:00Z,ARI,CIN,Michael Soroka,Rhett Lowder,0.559555993136953,0.5904159132007233,0.5407098121085596,0.0497061010921636,0.5996661308272535,-0.0401101376903004,-159.0,146.0,False,,False,lineups_not_posted,ineligible,True,False,False,True,9.0,9.0,0.0046558933677727,0.0156835708272707,lowvig,LowVig.ag,fanduel,FanDuel,best_available_across_quoted_books,all_quoted_books,d159265b7c107d36584b234b2b334e03,2026-08-22T06:17:11+00:00,model_production_20260822T054104658649Z,production,raw_lgbm,fb401dc56db0b73ca3235900fdffcc70a8c1b61001694bce7e97652fabffe60b,features_20260822T054058128142Z,fb401dc56db0b73ca3235900fdffcc70a8c1b61001694bce7e97652fabffe60b,features_20260822T054058128142Z,paper
predict_20260822T061711009856Z_824798,predict_20260822T061711009856Z,2026-08-22T06:17:11+00:00,2026-08-22 00:00:00,824798,2026-08-22T23:05:00Z,BAL,TB,Brandon Young,Shane McClanahan,0.4595234397860562,0.4805194805194805,0.4942528735632184,0.0137333930437378,0.4516676961087091,0.007855743677347,118.0,-125.0,False,,False,lineups_not_posted,ineligible,True,False,False,True,9.0,9.0,0.0059995157434372,0.0195387004892263,betonlineag,BetOnline.ag,betrivers,BetRivers,best_available_across_quoted_books,all_quoted_books,a724c4baba286e2f8b35bb652ee597a1,2026-08-22T06:17:11+00:00,model_production_20260822T054104658649Z,production,raw_lgbm,fb401dc56db0b73ca3235900fdffcc70a8c1b61001694bce7e97652fabffe60b,features_20260822T054058128142Z,fb401dc56db0b73ca3235900fdffcc70a8c1b61001694bce7e97652fabffe60b,features_20260822T054058128142Z,paper
predict_20260822T061711009856Z_824718,predict_20260822T061711009856Z,2026-08-22T06:17:11+00:00,2026-08-22 00:00:00,824718,2026-08-22T23:15:00Z,BOS,SF,Patrick Sandoval,Blade Tidwell,0.5988272152803278,0.5904159132007233,0.6186440677966102,0.0282281545958869,0.6511627906976745,-0.0523355754173466,-200.0,184.0,False,,False,lineups_not_posted,ineligible,True,False,False,True,9.0,9.0,0.0062571328681993,0.022749762810769,betonlineag,BetOnline.ag,fanduel,FanDuel,best_available_across_quoted_books,all_quoted_books,9c20ecc53352a8369b35a68e8479750d,2026-08-22T06:17:11+00:00,model_production_20260822T054104658649Z,production,raw_lgbm,fb401dc56db0b73ca3235900fdffcc70a8c1b61001694bce7e97652fabffe60b,features_20260822T054058128142Z,fb401dc56db0b73ca3235900fdffcc70a8c1b61001694bce7e97652fabffe60b,features_20260822T054058128142Z,paper
predict_20260822T061711009856Z_824316,predict_20260822T061711009856Z,2026-08-22T06:17:11+00:00,2026-08-22 00:00:00,824316,2026-08-23T00:10:00Z,COL,CLE,Gabriel Hughes,Tanner Bibee,0.4425902740302742,0.4468085106382978,0.427797833935018,0.0190106767032798,0.4372278664731495,0.0053624075571247,128.0,-135.0,False,,False,lineups_not_posted,ineligible,True,False,False,True,9.0,9.0,0.0051628488243749,0.0172014870677671,betrivers,BetRivers,lowvig,LowVig.ag,best_available_across_quoted_books,all_quoted_books,bc93cc6a5c4779c620007a3657cc78ad,2026-08-22T06:17:11+00:00,model_production_20260822T054104658649Z,production,raw_lgbm,fb401dc56db0b73ca3235900fdffcc70a8c1b61001694bce7e97652fabffe60b,features_20260822T054058128142Z,fb401dc56db0b73ca3235900fdffcc70a8c1b61001694bce7e97652fabffe60b,features_20260822T054058128142Z,paper
predict_20260822T061711009856Z_824560,predict_20260822T061711009856Z,2026-08-22T06:17:11+00:00,2026-08-22 00:00:00,824560,2026-08-22T23:10:00Z,CWS,NYM,Luis Castillo,Christian Scott,0.4689815255087101,0.4468085106382978,0.4948905109489051,0.0480820003106072,0.5173641257162701,-0.0483826002075599,-110.0,103.0,False,,False,lineups_not_posted,ineligible,True,False,False,True,9.0,9.0,0.0050465513068034,0.0147634523443452,lowvig,LowVig.ag,mybookieag,MyBookie.ag,best_available_across_quoted_books,all_quoted_books,cbde6bd02f030c8e94c35c62ed4a4044,2026-08-22T06:17:11+00:00,model_production_20260822T054104658649Z,production,raw_lgbm,fb401dc56db0b73ca3235900fdffcc70a8c1b61001694bce7e97652fabffe60b,features_20260822T054058128142Z,fb401dc56db0b73ca3235900fdffcc70a8c1b61001694bce7e97652fabffe60b,features_20260822T054058128142Z,paper
predict_20260822T061711009856Z_824151,predict_20260822T061711009856Z,2026-08-22T06:17:11+00:00,2026-08-22 00:00:00,824151,2026-08-22T23:10:00Z,HOU,OAK,Hunter Brown,Jacob Lopez,0.6662261213412842,0.6982758620689655,0.7215909090909091,0.0233150470219435,0.680437562264105,-0.0142114409228207,-230.0,206.0,False,,False,lineups_not_posted,ineligible,True,False,False,True,8.0,8.0,0.0031599678430721,0.0103883342591506,betonlineag,BetOnline.ag,betonlineag,BetOnline.ag,best_available_across_quoted_books,all_quoted_books,a397d1e33cd40684b963ed76d3e727ef,2026-08-22T06:17:11+00:00,model_production_20260822T054104658649Z,production,raw_lgbm,fb401dc56db0b73ca3235900fdffcc70a8c1b61001694bce7e97652fabffe60b,features_20260822T054058128142Z,fb401dc56db0b73ca3235900fdffcc70a8c1b61001694bce7e97652fabffe60b,features_20260822T054058128142Z,paper
predict_20260822T061711009856Z_824073,predict_20260822T061711009856Z,2026-08-22T06:17:11+00:00,2026-08-22 00:00:00,824073,2026-08-22T23:15:00Z,KC,DET,Michael Wacha,Drew Anderson,0.4806227925306781,0.4468085106382978,0.4948905109489051,0.0480820003106072,0.5,-0.0193772074693219,-105.0,-102.0,False,,False,lineups_not_posted,ineligible,True,False,False,True,9.0,9.0,0.0048051824435028,0.0153967974661269,betonlineag,BetOnline.ag,fanduel,FanDuel,best_available_across_quoted_books,all_quoted_books,49cc06c81f0e3b50d6dfa054a1883b24,2026-08-22T06:17:11+00:00,model_production_20260822T054104658649Z,production,raw_lgbm,fb401dc56db0b73ca3235900fdffcc70a8c1b61001694bce7e97652fabffe60b,features_20260822T054058128142Z,fb401dc56db0b73ca3235900fdffcc70a8c1b61001694bce7e97652fabffe60b,features_20260822T054058128142Z,paper
predict_20260822T061711009856Z_823910,predict_20260822T061711009856Z,2026-08-22T06:17:11+00:00,2026-08-22 00:00:00,823910,2026-08-22T23:15:00Z,LAD,PIT,Tarik Skubal,Jared Jones,0.6989931307631314,0.6982758620689655,0.7368421052631579,0.0385662431941923,0.6955316995470309,0.0034614312161005,-244.0,221.0,False,,False,lineups_not_posted,ineligible,True,False,False,True,9.0,9.0,0.005184424757553,0.019454415334001,mybookieag,MyBookie.ag,lowvig,LowVig.ag,best_available_across_quoted_books,all_quoted_books,5099914e07241203eb3dca62ddc5318c,2026-08-22T06:17:11+00:00,model_production_20260822T054104658649Z,production,raw_lgbm,fb401dc56db0b73ca3235900fdffcc70a8c1b61001694bce7e97652fabffe60b,features_20260822T054058128142Z,fb401dc56db0b73ca3235900fdffcc70a8c1b61001694bce7e97652fabffe60b,features_20260822T054058128142Z,paper
predict_20260822T061711009856Z_823831,predict_20260822T061711009856Z,2026-08-22T06:17:11+00:00,2026-08-22 00:00:00,823831,2026-08-22T20:10:00Z,MIA,WSH,Eury Perez,Jake Irvin,0.575738871495237,0.5904159132007233,0.5798969072164947,0.0105190059842286,0.6197204065337718,-0.0439815350385348,-175.0,158.0,False,,False,lineups_not_posted,ineligible,True,False,False,True,9.0,9.0,0.0039263718599762,0.0153151326647366,betonlineag,BetOnline.ag,fanduel,FanDuel,best_available_across_quoted_books,all_quoted_books,da4b9485dac20060b228d56c1eba64b2,2026-08-22T06:17:11+00:00,model_production_20260822T054104658649Z,production,raw_lgbm,fb401dc56db0b73ca3235900fdffcc70a8c1b61001694bce7e97652fabffe60b,features_20260822T054058128142Z,fb401dc56db0b73ca3235900fdffcc70a8c1b61001694bce7e97652fabffe60b,features_20260822T054058128142Z,paper
predict_20260822T061711009856Z_823743,predict_20260822T061711009856Z,2026-08-22T06:17:11+00:00,2026-08-22 00:00:00,823743,2026-08-22T18:10:00Z,MIL,ATL,Logan Henderson,Martin Perez,0.5223125210784345,0.5102040816326532,0.5307557117750439,0.0205516301423906,0.6065205171444632,-0.0842079960660286,-155.0,153.0,False,,False,lineups_not_posted,ineligible,True,False,False,True,9.0,9.0,0.0084121687959691,0.0287005232877768,betrivers,BetRivers,draftkings,DraftKings,best_available_across_quoted_books,all_quoted_books,44a6d81175e6cca1f6d5804b150427a1,2026-08-22T06:17:11+00:00,model_production_20260822T054104658649Z,production,raw_lgbm,fb401dc56db0b73ca3235900fdffcc70a8c1b61001694bce7e97652fabffe60b,features_20260822T054058128142Z,fb401dc56db0b73ca3235900fdffcc70a8c1b61001694bce7e97652fabffe60b,features_20260822T054058128142Z,paper
predict_20260822T061711009856Z_823509,predict_20260822T061711009856Z,2026-08-22T06:17:11+00:00,2026-08-22 00:00:00,823509,2026-08-22T17:35:00Z,NYY,TOR,Ryan Weathers,Dylan Cease,0.5406693495193907,0.5142857142857142,0.5407098121085596,0.0264240978228453,0.5,0.0406693495193907,-104.0,100.0,False,,False,lineups_not_posted,ineligible,True,False,False,True,9.0,9.0,0.0075910884560835,0.0221467768383944,lowvig,LowVig.ag,fanduel,FanDuel,best_available_across_quoted_books,all_quoted_books,37d5ada29cdca43791f56ead0c6f958a,2026-08-22T06:17:11+00:00,model_production_20260822T054104658649Z,production,raw_lgbm,fb401dc56db0b73ca3235900fdffcc70a8c1b61001694bce7e97652fabffe60b,features_20260822T054058128142Z,fb401dc56db0b73ca3235900fdffcc70a8c1b61001694bce7e97652fabffe60b,features_20260822T054058128142Z,paper
predict_20260822T061711009856Z_823422,predict_20260822T061711009856Z,2026-08-22T06:17:11+00:00,2026-08-22 00:00:00,823422,2026-08-22T22:05:00Z,PHI,STL,Andrew Painter,,0.5463263074429591,0.5121951219512196,0.5407098121085596,0.0285146901573399,0.5487032481744757,-0.0023769407315166,-130.0,118.0,False,,False,probable_starter_missing;lineups_not_posted,ineligible,False,False,False,True,9.0,9.0,0.0031068448063157,0.0092626941893632,betrivers,BetRivers,lowvig,LowVig.ag,best_available_across_quoted_books,all_quoted_books,981879bf214542d1037319de2491b463,2026-08-22T06:17:11+00:00,model_production_20260822T054104658649Z,production,raw_lgbm,fb401dc56db0b73ca3235900fdffcc70a8c1b61001694bce7e97652fabffe60b,features_20260822T054058128142Z,fb401dc56db0b73ca3235900fdffcc70a8c1b61001694bce7e97652fabffe60b,features_20260822T054058128142Z,paper
predict_20260822T061711009856Z_823261,predict_20260822T061711009856Z,2026-08-22T06:17:11+00:00,2026-08-22 00:00:00,823261,2026-08-23T00:40:00Z,SD,MIN,Casey Mize,Dean Kremer,0.5449917890365812,0.5634674922600619,0.5407098121085596,0.0227576801515022,0.5965276928719893,-0.051535903835408,-159.0,145.0,False,,False,lineups_not_posted,ineligible,True,False,False,True,9.0,9.0,0.0039544316478449,0.0111589891935104,betrivers,BetRivers,lowvig,LowVig.ag,best_available_across_quoted_books,all_quoted_books,458febdbf016dd7687ef2e5fe5edce26,2026-08-22T06:17:11+00:00,model_production_20260822T054104658649Z,production,raw_lgbm,fb401dc56db0b73ca3235900fdffcc70a8c1b61001694bce7e97652fabffe60b,features_20260822T054058128142Z,fb401dc56db0b73ca3235900fdffcc70a8c1b61001694bce7e97652fabffe60b,features_20260822T054058128142Z,paper
predict_20260822T061711009856Z_823100,predict_20260822T061711009856Z,2026-08-22T06:17:11+00:00,2026-08-22 00:00:00,823100,2026-08-22T23:15:00Z,SEA,CHC,Kade Anderson,David Peterson,0.4548598168278285,0.4875621890547263,0.427797833935018,0.0597643551197083,0.5173641257162701,-0.0625043088884416,-112.0,102.0,False,,False,lineups_not_posted,ineligible,True,False,False,True,9.0,9.0,0.0032397742253109,0.011214169208113,betonlineag,BetOnline.ag,fanduel,FanDuel,best_available_across_quoted_books,all_quoted_books,41ad7c33eb3de5730091e2b719e433d2,2026-08-22T06:17:11+00:00,model_production_20260822T054104658649Z,production,raw_lgbm,fb401dc56db0b73ca3235900fdffcc70a8c1b61001694bce7e97652fabffe60b,features_20260822T054058128142Z,fb401dc56db0b73ca3235900fdffcc70a8c1b61001694bce7e97652fabffe60b,features_20260822T054058128142Z,paper
predict_20260822T061711009856Z_822858,predict_20260822T061711009856Z,2026-08-22T06:17:11+00:00,2026-08-22 00:00:00,822858,2026-08-22T23:05:00Z,TEX,LAA,Cody Bradford,Ryan Johnson,0.5356603182857856,0.5365853658536586,0.5307557117750439,0.0058296540786146,0.6087491713601838,-0.0730888530743981,-167.0,151.0,False,,False,lineups_not_posted,ineligible,True,False,False,True,8.0,8.0,0.0018174613220965,0.0053751916390403,lowvig,LowVig.ag,lowvig,LowVig.ag,best_available_across_quoted_books,all_quoted_books,ba9273aecfb41580e1f1da93be63376c,2026-08-22T06:17:11+00:00,model_production_20260822T054104658649Z,production,raw_lgbm,fb401dc56db0b73ca3235900fdffcc70a8c1b61001694bce7e97652fabffe60b,features_20260822T054058128142Z,fb401dc56db0b73ca3235900fdffcc70a8c1b61001694bce7e97652fabffe60b,features_20260822T054058128142Z,paper
predict_20260822T131032647367Z_825044,predict_20260822T131032647367Z,2026-08-22T13:10:32+00:00,2026-08-22 00:00:00,825044,2026-08-23T00:10:00Z,ARI,CIN,Michael Soroka,Rhett Lowder,0.6038268506309505,0.6982758620689655,0.6186440677966102,0.0796317942723553,0.6145374449339207,-0.0107105943029701,-166.0,158.0,False,,False,lineups_not_posted,ineligible,True,False,False,True,9.0,9.0,0.0033566269579345,0.0102663211361773,fanduel,FanDuel,draftkings,DraftKings,best_available_across_quoted_books,all_quoted_books,d159265b7c107d36584b234b2b334e03,2026-08-22T13:10:32+00:00,model_production_20260822T054104658649Z,production,raw_lgbm,f7b699332e6fe1aa81b7c144be562e412d6492878fc2541c2efa712149f9d409,features_20260822T131031592962Z,fb401dc56db0b73ca3235900fdffcc70a8c1b61001694bce7e97652fabffe60b,features_20260822T054058128142Z,paper
predict_20260822T131032647367Z_824798,predict_20260822T131032647367Z,2026-08-22T13:10:32+00:00,2026-08-22 00:00:00,824798,2026-08-22T23:05:00Z,BAL,TB,Brandon Young,Shane McClanahan,0.4607819582565252,0.4805194805194805,0.4942528735632184,0.0137333930437378,0.4568527918781725,0.0039291663783526,116.0,-122.0,False,,False,lineups_not_posted,ineligible,True,False,False,True,9.0,9.0,0.0023553375415608,0.0068922268696274,draftkings,DraftKings,fanduel,FanDuel,best_available_across_quoted_books,all_quoted_books,a724c4baba286e2f8b35bb652ee597a1,2026-08-22T13:10:32+00:00,model_production_20260822T054104658649Z,production,raw_lgbm,f7b699332e6fe1aa81b7c144be562e412d6492878fc2541c2efa712149f9d409,features_20260822T131031592962Z,fb401dc56db0b73ca3235900fdffcc70a8c1b61001694bce7e97652fabffe60b,features_20260822T054058128142Z,paper
predict_20260822T131032647367Z_824718,predict_20260822T131032647367Z,2026-08-22T13:10:32+00:00,2026-08-22 00:00:00,824718,2026-08-22T23:15:00Z,BOS,SF,Patrick Sandoval,Blade Tidwell,0.6030510557128356,0.5904159132007233,0.6186440677966102,0.0282281545958869,0.6520155074968471,-0.0489644517840115,-195.0,189.0,False,,False,lineups_not_posted,ineligible,True,False,False,True,9.0,9.0,0.0065162182230049,0.0232001956910766,betrivers,BetRivers,draftkings,DraftKings,best_available_across_quoted_books,all_quoted_books,9c20ecc53352a8369b35a68e8479750d,2026-08-22T13:10:32+00:00,model_production_20260822T054104658649Z,production,raw_lgbm,f7b699332e6fe1aa81b7c144be562e412d6492878fc2541c2efa712149f9d409,features_20260822T131031592962Z,fb401dc56db0b73ca3235900fdffcc70a8c1b61001694bce7e97652fabffe60b,features_20260822T054058128142Z,paper
predict_20260822T131032647367Z_824316,predict_20260822T131032647367Z,2026-08-22T13:10:32+00:00,2026-08-22 00:00:00,824316,2026-08-23T00:10:00Z,COL,CLE,Gabriel Hughes,Tanner Bibee,0.4380048873615623,0.4421768707482993,0.427797833935018,0.0143790368132812,0.431766704416761,0.0062381829448012,132.0,-134.0,False,,False,lineups_not_posted,ineligible,True,False,False,True,9.0,9.0,0.0061367337725953,0.0231669873622342,betrivers,BetRivers,fanduel,FanDuel,best_available_across_quoted_books,all_quoted_books,bc93cc6a5c4779c620007a3657cc78ad,2026-08-22T13:10:32+00:00,model_production_20260822T054104658649Z,production,raw_lgbm,f7b699332e6fe1aa81b7c144be562e412d6492878fc2541c2efa712149f9d409,features_20260822T131031592962Z,fb401dc56db0b73ca3235900fdffcc70a8c1b61001694bce7e97652fabffe60b,features_20260822T054058128142Z,paper
predict_20260822T131032647367Z_824560,predict_20260822T131032647367Z,2026-08-22T13:10:32+00:00,2026-08-22 00:00:00,824560,2026-08-22T23:10:00Z,CWS,NYM,Luis Castillo,Christian Scott,0.4724156160079127,0.4468085106382978,0.4948905109489051,0.0480820003106072,0.5069715560513107,-0.0345559400433979,-106.0,102.0,False,,False,lineups_not_posted,ineligible,True,False,False,True,9.0,9.0,0.0043923269764886,0.0138872383942797,draftkings,DraftKings,fanduel,FanDuel,best_available_across_quoted_books,all_quoted_books,cbde6bd02f030c8e94c35c62ed4a4044,2026-08-22T13:10:32+00:00,model_production_20260822T054104658649Z,production,raw_lgbm,f7b699332e6fe1aa81b7c144be562e412d6492878fc2541c2efa712149f9d409,features_20260822T131031592962Z,fb401dc56db0b73ca3235900fdffcc70a8c1b61001694bce7e97652fabffe60b,features_20260822T054058128142Z,paper
predict_20260822T131032647367Z_824151,predict_20260822T131032647367Z,2026-08-22T13:10:32+00:00,2026-08-22 00:00:00,824151,2026-08-22T23:10:00Z,HOU,OAK,Hunter Brown,Jacob Lopez,0.6450825222243041,0.6982758620689655,0.6186440677966102,0.0796317942723553,0.6836049856184085,-0.0385224633941044,-230.0,214.0,False,,False,lineups_not_posted,ineligible,True,False,False,True,9.0,9.0,0.005582193893656,0.0171482743082589,fanduel,FanDuel,draftkings,DraftKings,best_available_across_quoted_books,all_quoted_books,a397d1e33cd40684b963ed76d3e727ef,2026-08-22T13:10:32+00:00,model_production_20260822T054104658649Z,production,raw_lgbm,f7b699332e6fe1aa81b7c144be562e412d6492878fc2541c2efa712149f9d409,features_20260822T131031592962Z,fb401dc56db0b73ca3235900fdffcc70a8c1b61001694bce7e97652fabffe60b,features_20260822T054058128142Z,paper
predict_20260822T131032647367Z_824073,predict_20260822T131032647367Z,2026-08-22T13:10:32+00:00,2026-08-22 00:00:00,824073,2026-08-22T23:15:00Z,KC,DET,Michael Wacha,Drew Anderson,0.5035333232161783,0.4875621890547263,0.5304990757855821,0.0429368867308557,0.5,0.0035333232161782,-104.0,100.0,False,,False,lineups_not_posted,ineligible,True,False,False,True,9.0,9.0,0.0033638126657837,0.009433962264151,draftkings,DraftKings,fanduel,FanDuel,best_available_across_quoted_books,all_quoted_books,49cc06c81f0e3b50d6dfa054a1883b24,2026-08-22T13:10:32+00:00,model_production_20260822T054104658649Z,production,raw_lgbm,f7b699332e6fe1aa81b7c144be562e412d6492878fc2541c2efa712149f9d409,features_20260822T131031592962Z,fb401dc56db0b73ca3235900fdffcc70a8c1b61001694bce7e97652fabffe60b,features_20260822T054058128142Z,paper
predict_20260822T131032647367Z_823910,predict_20260822T131032647367Z,2026-08-22T13:10:32+00:00,2026-08-22 00:00:00,823910,2026-08-22T23:15:00Z,LAD,PIT,Tarik Skubal,Jared Jones,0.6989931307631314,0.6982758620689655,0.7368421052631579,0.0385662431941923,0.6985157699443414,0.00047736081879,-250.0,233.0,False,,False,lineups_not_posted,ineligible,True,False,False,True,9.0,9.0,0.0057021830424322,0.0172235861445932,fanduel,FanDuel,draftkings,DraftKings,best_available_across_quoted_books,all_quoted_books,5099914e07241203eb3dca62ddc5318c,2026-08-22T13:10:32+00:00,model_production_20260822T054104658649Z,production,raw_lgbm,f7b699332e6fe1aa81b7c144be562e412d6492878fc2541c2efa712149f9d409,features_20260822T131031592962Z,fb401dc56db0b73ca3235900fdffcc70a8c1b61001694bce7e97652fabffe60b,features_20260822T054058128142Z,paper
predict_20260822T131032647367Z_823831,predict_20260822T131032647367Z,2026-08-22T13:10:32+00:00,2026-08-22 00:00:00,823831,2026-08-22T20:10:00Z,MIA,WSH,Eury Perez,Jake Irvin,0.575738871495237,0.5904159132007233,0.5798969072164947,0.0105190059842286,0.6214728148657949,-0.0457339433705579,-175.0,164.0,False,,False,lineups_not_posted,ineligible,True,False,False,True,9.0,9.0,0.0027702424206141,0.008582085711388,betonlineag,BetOnline.ag,fanduel,FanDuel,best_available_across_quoted_books,all_quoted_books,da4b9485dac20060b228d56c1eba64b2,2026-08-22T13:10:32+00:00,model_production_20260822T054104658649Z,production,raw_lgbm,f7b699332e6fe1aa81b7c144be562e412d6492878fc2541c2efa712149f9d409,features_20260822T131031592962Z,fb401dc56db0b73ca3235900fdffcc70a8c1b61001694bce7e97652fabffe60b,features_20260822T054058128142Z,paper
predict_20260822T131032647367Z_823743,predict_20260822T131032647367Z,2026-08-22T13:10:32+00:00,2026-08-22 00:00:00,823743,2026-08-22T18:10:00Z,MIL,ATL,Logan Henderson,Martin Perez,0.5223125210784345,0.5102040816326532,0.5307557117750439,0.0205516301423906,0.6199843522968592,-0.0976718312184247,-172.0,161.0,False,,False,lineups_not_posted,ineligible,True,False,False,True,9.0,9.0,0.0032983217520025,0.010192935935302,fanduel,FanDuel,draftkings,DraftKings,best_available_across_quoted_books,all_quoted_books,44a6d81175e6cca1f6d5804b150427a1,2026-08-22T13:10:32+00:00,model_production_20260822T054104658649Z,production,raw_lgbm,f7b699332e6fe1aa81b7c144be562e412d6492878fc2541c2efa712149f9d409,features_20260822T131031592962Z,fb401dc56db0b73ca3235900fdffcc70a8c1b61001694bce7e97652fabffe60b,features_20260822T054058128142Z,paper
predict_20260822T131032647367Z_823509,predict_20260822T131032647367Z,2026-08-22T13:10:32+00:00,2026-08-22 00:00:00,823509,2026-08-22T17:35:00Z,NYY,TOR,Ryan Weathers,Dylan Cease,0.5360635677953585,0.5121951219512196,0.5307557117750439,0.0185605898238242,0.5,0.0360635677953584,-104.0,-104.0,False,,False,lineups_not_posted,ineligible,True,False,False,True,9.0,9.0,0.0005209580505602,0.0022102378215894,fanduel,FanDuel,fanduel,FanDuel,best_available_across_quoted_books,all_quoted_books,37d5ada29cdca43791f56ead0c6f958a,2026-08-22T13:10:32+00:00,model_production_20260822T054104658649Z,production,raw_lgbm,f7b699332e6fe1aa81b7c144be562e412d6492878fc2541c2efa712149f9d409,features_20260822T131031592962Z,fb401dc56db0b73ca3235900fdffcc70a8c1b61001694bce7e97652fabffe60b,features_20260822T054058128142Z,paper
predict_20260822T131032647367Z_823422,predict_20260822T131032647367Z,2026-08-22T13:10:32+00:00,2026-08-22 00:00:00,823422,2026-08-22T22:05:00Z,PHI,STL,Andrew Painter,,0.5463263074429591,0.5142857142857142,0.5407098121085596,0.0264240978228453,0.555895865237366,-0.0095695577944069,-130.0,124.0,False,,False,probable_starter_missing;lineups_not_posted,ineligible,False,False,False,True,9.0,9.0,0.0059717564819112,0.0182627535424313,betrivers,BetRivers,fanduel,FanDuel,best_available_across_quoted_books,all_quoted_books,981879bf214542d1037319de2491b463,2026-08-22T13:10:32+00:00,model_production_20260822T054104658649Z,production,raw_lgbm,f7b699332e6fe1aa81b7c144be562e412d6492878fc2541c2efa712149f9d409,features_20260822T131031592962Z,fb401dc56db0b73ca3235900fdffcc70a8c1b61001694bce7e97652fabffe60b,features_20260822T054058128142Z,paper
predict_20260822T131032647367Z_823261,predict_20260822T131032647367Z,2026-08-22T13:10:32+00:00,2026-08-22 00:00:00,823261,2026-08-23T00:40:00Z,SD,MIN,Casey Mize,Dean Kremer,0.576773342760114,0.5904159132007233,0.5798969072164947,0.0105190059842286,0.5929012149354367,-0.0161278721753226,-150.0,143.0,False,,False,lineups_not_posted,ineligible,True,False,False,True,9.0,9.0,0.0026297994154072,0.007397903896301,fanduel,FanDuel,draftkings,DraftKings,best_available_across_quoted_books,all_quoted_books,458febdbf016dd7687ef2e5fe5edce26,2026-08-22T13:10:32+00:00,model_production_20260822T054104658649Z,production,raw_lgbm,f7b699332e6fe1aa81b7c144be562e412d6492878fc2541c2efa712149f9d409,features_20260822T131031592962Z,fb401dc56db0b73ca3235900fdffcc70a8c1b61001694bce7e97652fabffe60b,features_20260822T054058128142Z,paper
predict_20260822T131032647367Z_823100,predict_20260822T131032647367Z,2026-08-22T13:10:32+00:00,2026-08-22 00:00:00,823100,2026-08-22T23:15:00Z,SEA,CHC,Kade Anderson,David Peterson,0.4704411989110868,0.4875621890547263,0.4948905109489051,0.0073283218941787,0.5207810820494446,-0.0503398831383578,-112.0,105.0,False,,False,lineups_not_posted,ineligible,True,False,False,True,9.0,9.0,0.0027783037598827,0.0088356687536645,draftkings,DraftKings,betonlineag,BetOnline.ag,best_available_across_quoted_books,all_quoted_books,41ad7c33eb3de5730091e2b719e433d2,2026-08-22T13:10:32+00:00,model_production_20260822T054104658649Z,production,raw_lgbm,f7b699332e6fe1aa81b7c144be562e412d6492878fc2541c2efa712149f9d409,features_20260822T131031592962Z,fb401dc56db0b73ca3235900fdffcc70a8c1b61001694bce7e97652fabffe60b,features_20260822T054058128142Z,paper
predict_20260822T131032647367Z_822858,predict_20260822T131032647367Z,2026-08-22T13:10:32+00:00,2026-08-22 00:00:00,822858,2026-08-22T23:05:00Z,TEX,LAA,Cody Bradford,Ryan Johnson,0.5356603182857856,0.5365853658536586,0.5307557117750439,0.0058296540786146,0.6092362344582594,-0.0735759161724737,-164.0,153.0,False,,False,lineups_not_posted,ineligible,True,False,False,True,9.0,9.0,0.0024321262761437,0.0084600306136247,fanduel,FanDuel,draftkings,DraftKings,best_available_across_quoted_books,all_quoted_books,ba9273aecfb41580e1f1da93be63376c,2026-08-22T13:10:32+00:00,model_production_20260822T054104658649Z,production,raw_lgbm,f7b699332e6fe1aa81b7c144be562e412d6492878fc2541c2efa712149f9d409,features_20260822T131031592962Z,fb401dc56db0b73ca3235900fdffcc70a8c1b61001694bce7e97652fabffe60b,features_20260822T054058128142Z,paper
predict_20260822T161000621695Z_825044,predict_20260822T161000621695Z,2026-08-22T16:10:00+00:00,2026-08-22 00:00:00,825044,2026-08-23T00:10:00Z,ARI,CIN,Michael Soroka,Rhett Lowder,0.6038268506309505,0.6982758620689655,0.6186440677966102,0.0796317942723553,0.6108836002739845,-0.0070567496430339,-164.0,153.0,False,,False,lineups_not_posted,ineligible,True,False,False,True,9.0,9.0,0.0030814095451302,0.0102332785972508,fanduel,FanDuel,draftkings,DraftKings,best_available_across_quoted_books,all_quoted_books,d159265b7c107d36584b234b2b334e03,2026-08-22T16:10:00+00:00,model_production_20260822T054104658649Z,production,raw_lgbm,f7b699332e6fe1aa81b7c144be562e412d6492878fc2541c2efa712149f9d409,features_20260822T131031592962Z,fb401dc56db0b73ca3235900fdffcc70a8c1b61001694bce7e97652fabffe60b,features_20260822T054058128142Z,paper
predict_20260822T161000621695Z_824798,predict_20260822T161000621695Z,2026-08-22T16:10:00+00:00,2026-08-22 00:00:00,824798,2026-08-22T23:05:00Z,BAL,TB,Brandon Young,Shane McClanahan,0.4607819582565252,0.4805194805194805,0.4942528735632184,0.0137333930437378,0.4568527918781725,0.0039291663783526,115.0,-122.0,False,,False,lineups_not_posted,ineligible,True,False,False,True,9.0,9.0,0.0020141824456572,0.0068922268696274,draftkings,DraftKings,fanduel,FanDuel,best_available_across_quoted_books,all_quoted_books,a724c4baba286e2f8b35bb652ee597a1,2026-08-22T16:10:00+00:00,model_production_20260822T054104658649Z,production,raw_lgbm,f7b699332e6fe1aa81b7c144be562e412d6492878fc2541c2efa712149f9d409,features_20260822T131031592962Z,fb401dc56db0b73ca3235900fdffcc70a8c1b61001694bce7e97652fabffe60b,features_20260822T054058128142Z,paper
predict_20260822T161000621695Z_824718,predict_20260822T161000621695Z,2026-08-22T16:10:00+00:00,2026-08-22 00:00:00,824718,2026-08-22T23:15:00Z,BOS,SF,Patrick Sandoval,Blade Tidwell,0.6030510557128356,0.5904159132007233,0.6186440677966102,0.0282281545958869,0.6535695492018945,-0.0505184934890589,-195.0,189.0,False,,False,lineups_not_posted,ineligible,True,False,False,True,9.0,9.0,0.0066910470716541,0.0249546157994758,betrivers,BetRivers,draftkings,DraftKings,best_available_across_quoted_books,all_quoted_books,9c20ecc53352a8369b35a68e8479750d,2026-08-22T16:10:00+00:00,model_production_20260822T054104658649Z,production,raw_lgbm,f7b699332e6fe1aa81b7c144be562e412d6492878fc2541c2efa712149f9d409,features_20260822T131031592962Z,fb401dc56db0b73ca3235900fdffcc70a8c1b61001694bce7e97652fabffe60b,features_20260822T054058128142Z,paper
predict_20260822T161000621695Z_824316,predict_20260822T161000621695Z,2026-08-22T16:10:00+00:00,2026-08-22 00:00:00,824316,2026-08-23T00:10:00Z,COL,CLE,Gabriel Hughes,Tanner Bibee,0.4380048873615623,0.4421768707482993,0.427797833935018,0.0143790368132812,0.4339106654512306,0.0040942219103316,132.0,-134.0,False,,False,lineups_not_posted,ineligible,True,False,False,True,9.0,9.0,0.0062851371979074,0.0231669873622342,betrivers,BetRivers,fanduel,FanDuel,best_available_across_quoted_books,all_quoted_books,bc93cc6a5c4779c620007a3657cc78ad,2026-08-22T16:10:00+00:00,model_production_20260822T054104658649Z,production,raw_lgbm,f7b699332e6fe1aa81b7c144be562e412d6492878fc2541c2efa712149f9d409,features_20260822T131031592962Z,fb401dc56db0b73ca3235900fdffcc70a8c1b61001694bce7e97652fabffe60b,features_20260822T054058128142Z,paper
predict_20260822T161000621695Z_824560,predict_20260822T161000621695Z,2026-08-22T16:10:00+00:00,2026-08-22 00:00:00,824560,2026-08-22T23:10:00Z,CWS,NYM,Luis Castillo,Christian Scott,0.4724156160079127,0.4468085106382978,0.4948905109489051,0.0480820003106072,0.5185243789416578,-0.046108762933745,-110.0,104.0,False,,False,lineups_not_posted,ineligible,True,False,False,True,9.0,9.0,0.0039923858679578,0.0131331433212201,fanduel,FanDuel,draftkings,DraftKings,best_available_across_quoted_books,all_quoted_books,cbde6bd02f030c8e94c35c62ed4a4044,2026-08-22T16:10:00+00:00,model_production_20260822T054104658649Z,production,raw_lgbm,f7b699332e6fe1aa81b7c144be562e412d6492878fc2541c2efa712149f9d409,features_20260822T131031592962Z,fb401dc56db0b73ca3235900fdffcc70a8c1b61001694bce7e97652fabffe60b,features_20260822T054058128142Z,paper
predict_20260822T161000621695Z_824151,predict_20260822T161000621695Z,2026-08-22T16:10:00+00:00,2026-08-22 00:00:00,824151,2026-08-22T23:10:00Z,HOU,OAK,Hunter Brown,Jacob Lopez,0.6450825222243041,0.6982758620689655,0.6186440677966102,0.0796317942723553,0.6869342184671093,-0.0418516962428052,-230.0,215.0,False,,False,lineups_not_posted,ineligible,True,False,False,True,9.0,9.0,0.0060560598046954,0.0173676000631156,betus,BetUS,fanduel,FanDuel,best_available_across_quoted_books,all_quoted_books,a397d1e33cd40684b963ed76d3e727ef,2026-08-22T16:10:00+00:00,model_production_20260822T054104658649Z,production,raw_lgbm,f7b699332e6fe1aa81b7c144be562e412d6492878fc2541c2efa712149f9d409,features_20260822T131031592962Z,fb401dc56db0b73ca3235900fdffcc70a8c1b61001694bce7e97652fabffe60b,features_20260822T054058128142Z,paper
predict_20260822T161000621695Z_824073,predict_20260822T161000621695Z,2026-08-22T16:10:00+00:00,2026-08-22 00:00:00,824073,2026-08-22T23:15:00Z,KC,DET,Michael Wacha,Drew Anderson,0.5035333232161783,0.4875621890547263,0.5304990757855821,0.0429368867308557,0.5,0.0035333232161782,-104.0,-104.0,False,,False,lineups_not_posted,ineligible,True,False,False,True,9.0,9.0,0.003674666700325,0.0109861135524697,fanduel,FanDuel,fanduel,FanDuel,best_available_across_quoted_books,all_quoted_books,49cc06c81f0e3b50d6dfa054a1883b24,2026-08-22T16:10:00+00:00,model_production_20260822T054104658649Z,production,raw_lgbm,f7b699332e6fe1aa81b7c144be562e412d6492878fc2541c2efa712149f9d409,features_20260822T131031592962Z,fb401dc56db0b73ca3235900fdffcc70a8c1b61001694bce7e97652fabffe60b,features_20260822T054058128142Z,paper
predict_20260822T161000621695Z_823910,predict_20260822T161000621695Z,2026-08-22T16:10:00+00:00,2026-08-22 00:00:00,823910,2026-08-22T23:15:00Z,LAD,PIT,Tarik Skubal,Jared Jones,0.6989931307631314,0.6982758620689655,0.7368421052631579,0.0385662431941923,0.6976241900647947,0.0013689406983367,-245.0,233.0,False,,False,lineups_not_posted,ineligible,True,False,False,True,9.0,9.0,0.0054717727106704,0.0172235861445932,fanduel,FanDuel,draftkings,DraftKings,best_available_across_quoted_books,all_quoted_books,5099914e07241203eb3dca62ddc5318c,2026-08-22T16:10:00+00:00,model_production_20260822T054104658649Z,production,raw_lgbm,f7b699332e6fe1aa81b7c144be562e412d6492878fc2541c2efa712149f9d409,features_20260822T131031592962Z,fb401dc56db0b73ca3235900fdffcc70a8c1b61001694bce7e97652fabffe60b,features_20260822T054058128142Z,paper
predict_20260822T161000621695Z_823831,predict_20260822T161000621695Z,2026-08-22T16:10:00+00:00,2026-08-22 00:00:00,823831,2026-08-22T20:10:00Z,MIA,WSH,Eury Perez,Jake Irvin,0.575738871495237,0.5904159132007233,0.5798969072164947,0.0105190059842286,0.6242539338035812,-0.0485150623083442,-175.0,164.0,False,,False,lineups_not_posted,ineligible,True,False,False,True,9.0,9.0,0.0037419122633662,0.01329206833967,draftkings,DraftKings,fanduel,FanDuel,best_available_across_quoted_books,all_quoted_books,da4b9485dac20060b228d56c1eba64b2,2026-08-22T16:10:00+00:00,model_production_20260822T054104658649Z,production,raw_lgbm,f7b699332e6fe1aa81b7c144be562e412d6492878fc2541c2efa712149f9d409,features_20260822T131031592962Z,fb401dc56db0b73ca3235900fdffcc70a8c1b61001694bce7e97652fabffe60b,features_20260822T054058128142Z,paper
predict_20260822T161000621695Z_823743,predict_20260822T161000621695Z,2026-08-22T16:10:00+00:00,2026-08-22 00:00:00,823743,2026-08-22T18:10:00Z,MIL,ATL,Logan Henderson,Martin Perez,0.5223125210784345,0.5102040816326532,0.5307557117750439,0.0205516301423906,0.5965083053348824,-0.0741957842564479,-156.0,147.0,True,AWAY,True,,bet_candidate,True,True,True,True,9.0,9.0,0.0031384702823063,0.009790710474804,fanduel,FanDuel,draftkings,DraftKings,best_available_across_quoted_books,all_quoted_books,44a6d81175e6cca1f6d5804b150427a1,2026-08-22T16:10:00+00:00,model_production_20260822T054104658649Z,production,raw_lgbm,f7b699332e6fe1aa81b7c144be562e412d6492878fc2541c2efa712149f9d409,features_20260822T131031592962Z,fb401dc56db0b73ca3235900fdffcc70a8c1b61001694bce7e97652fabffe60b,features_20260822T054058128142Z,paper
predict_20260822T161000621695Z_823509,predict_20260822T161000621695Z,2026-08-22T16:10:00+00:00,2026-08-22 00:00:00,823509,2026-08-22T17:35:00Z,NYY,TOR,Ryan Weathers,Dylan Cease,0.5360635677953585,0.5121951219512196,0.5307557117750439,0.0185605898238242,0.5,0.0360635677953584,-103.0,-104.0,False,,False,lineups_not_posted,ineligible,True,False,True,True,9.0,9.0,0.0020949604092624,0.0076454039373428,draftkings,DraftKings,fanduel,FanDuel,best_available_across_quoted_books,all_quoted_books,37d5ada29cdca43791f56ead0c6f958a,2026-08-22T16:10:00+00:00,model_production_20260822T054104658649Z,production,raw_lgbm,f7b699332e6fe1aa81b7c144be562e412d6492878fc2541c2efa712149f9d409,features_20260822T131031592962Z,fb401dc56db0b73ca3235900fdffcc70a8c1b61001694bce7e97652fabffe60b,features_20260822T054058128142Z,paper
predict_20260822T161000621695Z_823422,predict_20260822T161000621695Z,2026-08-22T16:10:00+00:00,2026-08-22 00:00:00,823422,2026-08-22T22:05:00Z,PHI,STL,Andrew Painter,,0.5463263074429591,0.5142857142857142,0.5407098121085596,0.0264240978228453,0.5800559925343287,-0.0337296850913696,-147.0,138.0,False,,False,probable_starter_missing;lineups_not_posted,ineligible,False,False,False,True,9.0,9.0,0.0038181452306872,0.0136821920686689,draftkings,DraftKings,fanduel,FanDuel,best_available_across_quoted_books,all_quoted_books,981879bf214542d1037319de2491b463,2026-08-22T16:10:00+00:00,model_production_20260822T054104658649Z,production,raw_lgbm,f7b699332e6fe1aa81b7c144be562e412d6492878fc2541c2efa712149f9d409,features_20260822T131031592962Z,fb401dc56db0b73ca3235900fdffcc70a8c1b61001694bce7e97652fabffe60b,features_20260822T054058128142Z,paper
predict_20260822T161000621695Z_823261,predict_20260822T161000621695Z,2026-08-22T16:10:00+00:00,2026-08-22 00:00:00,823261,2026-08-23T00:40:00Z,SD,MIN,Casey Mize,Dean Kremer,0.576773342760114,0.5904159132007233,0.5798969072164947,0.0105190059842286,0.562379468921525,0.014393873838589,-134.0,126.0,False,,False,lineups_not_posted,ineligible,True,False,False,True,9.0,9.0,0.0043319055930173,0.0178693995591849,fanduel,FanDuel,draftkings,DraftKings,best_available_across_quoted_books,all_quoted_books,458febdbf016dd7687ef2e5fe5edce26,2026-08-22T16:10:00+00:00,model_production_20260822T054104658649Z,production,raw_lgbm,f7b699332e6fe1aa81b7c144be562e412d6492878fc2541c2efa712149f9d409,features_20260822T131031592962Z,fb401dc56db0b73ca3235900fdffcc70a8c1b61001694bce7e97652fabffe60b,features_20260822T054058128142Z,paper
predict_20260822T161000621695Z_823100,predict_20260822T161000621695Z,2026-08-22T16:10:00+00:00,2026-08-22 00:00:00,823100,2026-08-22T23:15:00Z,SEA,CHC,Kade Anderson,David Peterson,0.4704411989110868,0.4875621890547263,0.4948905109489051,0.0073283218941787,0.5188470066518847,-0.0484058077407978,-112.0,104.0,False,,False,lineups_not_posted,ineligible,True,False,False,True,9.0,9.0,0.0034596847261616,0.0096247025999818,draftkings,DraftKings,fanduel,FanDuel,best_available_across_quoted_books,all_quoted_books,41ad7c33eb3de5730091e2b719e433d2,2026-08-22T16:10:00+00:00,model_production_20260822T054104658649Z,production,raw_lgbm,f7b699332e6fe1aa81b7c144be562e412d6492878fc2541c2efa712149f9d409,features_20260822T131031592962Z,fb401dc56db0b73ca3235900fdffcc70a8c1b61001694bce7e97652fabffe60b,features_20260822T054058128142Z,paper
predict_20260822T161000621695Z_822858,predict_20260822T161000621695Z,2026-08-22T16:10:00+00:00,2026-08-22 00:00:00,822858,2026-08-22T23:05:00Z,TEX,LAA,Cody Bradford,Ryan Johnson,0.5356603182857856,0.5365853658536586,0.5307557117750439,0.0058296540786146,0.6017699115044248,-0.0661095932186391,-158.0,149.0,False,,False,lineups_not_posted,ineligible,True,False,False,True,9.0,9.0,0.0038922102095562,0.0132673279538195,fanduel,FanDuel,draftkings,DraftKings,best_available_across_quoted_books,all_quoted_books,ba9273aecfb41580e1f1da93be63376c,2026-08-22T16:10:00+00:00,model_production_20260822T054104658649Z,production,raw_lgbm,f7b699332e6fe1aa81b7c144be562e412d6492878fc2541c2efa712149f9d409,features_20260822T131031592962Z,fb401dc56db0b73ca3235900fdffcc70a8c1b61001694bce7e97652fabffe60b,features_20260822T054058128142Z,paper
predict_20260822T164501514518Z_825044,predict_20260822T164501514518Z,2026-08-22T16:45:01+00:00,2026-08-22 00:00:00,825044,2026-08-23T00:10:00Z,ARI,CIN,Michael Soroka,Rhett Lowder,0.6038268506309505,0.6982758620689655,0.6186440677966102,0.0796317942723553,0.6116931643343835,-0.0078663137034329,-164.0,153.0,False,,False,lineups_not_posted,ineligible,True,False,False,True,9.0,9.0,0.00325946363207,0.0102332785972508,fanduel,FanDuel,draftkings,DraftKings,best_available_across_quoted_books,all_quoted_books,d159265b7c107d36584b234b2b334e03,2026-08-22T16:45:01+00:00,model_production_20260822T054104658649Z,production,raw_lgbm,f7b699332e6fe1aa81b7c144be562e412d6492878fc2541c2efa712149f9d409,features_20260822T131031592962Z,fb401dc56db0b73ca3235900fdffcc70a8c1b61001694bce7e97652fabffe60b,features_20260822T054058128142Z,paper
predict_20260822T164501514518Z_824798,predict_20260822T164501514518Z,2026-08-22T16:45:01+00:00,2026-08-22 00:00:00,824798,2026-08-22T23:05:00Z,BAL,TB,Brandon Young,Shane McClanahan,0.4607819582565252,0.4805194805194805,0.4942528735632184,0.0137333930437378,0.4568527918781725,0.0039291663783526,116.0,-122.0,False,,False,lineups_not_posted,ineligible,True,False,False,True,9.0,9.0,0.002076406223378,0.0068922268696274,draftkings,DraftKings,fanduel,FanDuel,best_available_across_quoted_books,all_quoted_books,a724c4baba286e2f8b35bb652ee597a1,2026-08-22T16:45:01+00:00,model_production_20260822T054104658649Z,production,raw_lgbm,f7b699332e6fe1aa81b7c144be562e412d6492878fc2541c2efa712149f9d409,features_20260822T131031592962Z,fb401dc56db0b73ca3235900fdffcc70a8c1b61001694bce7e97652fabffe60b,features_20260822T054058128142Z,paper
predict_20260822T164501514518Z_824718,predict_20260822T164501514518Z,2026-08-22T16:45:01+00:00,2026-08-22 00:00:00,824718,2026-08-22T23:15:00Z,BOS,SF,Patrick Sandoval,Blade Tidwell,0.6030510557128356,0.5904159132007233,0.6186440677966102,0.0282281545958869,0.6538962374066205,-0.0508451816937849,-195.0,190.0,False,,False,lineups_not_posted,ineligible,True,False,False,True,9.0,9.0,0.0072394020189078,0.0260895356201651,betrivers,BetRivers,fanduel,FanDuel,best_available_across_quoted_books,all_quoted_books,9c20ecc53352a8369b35a68e8479750d,2026-08-22T16:45:01+00:00,model_production_20260822T054104658649Z,production,raw_lgbm,f7b699332e6fe1aa81b7c144be562e412d6492878fc2541c2efa712149f9d409,features_20260822T131031592962Z,fb401dc56db0b73ca3235900fdffcc70a8c1b61001694bce7e97652fabffe60b,features_20260822T054058128142Z,paper
predict_20260822T164501514518Z_824316,predict_20260822T164501514518Z,2026-08-22T16:45:01+00:00,2026-08-22 00:00:00,824316,2026-08-23T00:10:00Z,COL,CLE,Gabriel Hughes,Tanner Bibee,0.4380048873615623,0.4421768707482993,0.427797833935018,0.0143790368132812,0.4339106654512306,0.0040942219103316,130.0,-136.0,False,,False,lineups_not_posted,ineligible,True,False,False,True,9.0,9.0,0.0047597017480265,0.0165097743261442,betrivers,BetRivers,fanduel,FanDuel,best_available_across_quoted_books,all_quoted_books,bc93cc6a5c4779c620007a3657cc78ad,2026-08-22T16:45:01+00:00,model_production_20260822T054104658649Z,production,raw_lgbm,f7b699332e6fe1aa81b7c144be562e412d6492878fc2541c2efa712149f9d409,features_20260822T131031592962Z,fb401dc56db0b73ca3235900fdffcc70a8c1b61001694bce7e97652fabffe60b,features_20260822T054058128142Z,paper
predict_20260822T164501514518Z_824560,predict_20260822T164501514518Z,2026-08-22T16:45:01+00:00,2026-08-22 00:00:00,824560,2026-08-22T23:10:00Z,CWS,NYM,Luis Castillo,Christian Scott,0.4724156160079127,0.4468085106382978,0.4948905109489051,0.0480820003106072,0.5185243789416578,-0.046108762933745,-110.0,104.0,False,,False,lineups_not_posted,ineligible,True,False,False,True,9.0,9.0,0.0045317035584757,0.0153011156077355,fanduel,FanDuel,draftkings,DraftKings,best_available_across_quoted_books,all_quoted_books,cbde6bd02f030c8e94c35c62ed4a4044,2026-08-22T16:45:01+00:00,model_production_20260822T054104658649Z,production,raw_lgbm,f7b699332e6fe1aa81b7c144be562e412d6492878fc2541c2efa712149f9d409,features_20260822T131031592962Z,fb401dc56db0b73ca3235900fdffcc70a8c1b61001694bce7e97652fabffe60b,features_20260822T054058128142Z,paper
predict_20260822T164501514518Z_824151,predict_20260822T164501514518Z,2026-08-22T16:45:01+00:00,2026-08-22 00:00:00,824151,2026-08-22T23:10:00Z,HOU,OAK,Hunter Brown,Jacob Lopez,0.6450825222243041,0.6982758620689655,0.6186440677966102,0.0796317942723553,0.6853932584269663,-0.0403107362026622,-225.0,215.0,False,,False,lineups_not_posted,ineligible,True,False,False,True,9.0,9.0,0.0061475620014572,0.0178920895940818,betus,BetUS,fanduel,FanDuel,best_available_across_quoted_books,all_quoted_books,a397d1e33cd40684b963ed76d3e727ef,2026-08-22T16:45:01+00:00,model_production_20260822T054104658649Z,production,raw_lgbm,f7b699332e6fe1aa81b7c144be562e412d6492878fc2541c2efa712149f9d409,features_20260822T131031592962Z,fb401dc56db0b73ca3235900fdffcc70a8c1b61001694bce7e97652fabffe60b,features_20260822T054058128142Z,paper
predict_20260822T164501514518Z_824073,predict_20260822T164501514518Z,2026-08-22T16:45:01+00:00,2026-08-22 00:00:00,824073,2026-08-22T23:15:00Z,KC,DET,Michael Wacha,Drew Anderson,0.5035333232161783,0.4875621890547263,0.5304990757855821,0.0429368867308557,0.5,0.0035333232161782,-104.0,-104.0,False,,False,lineups_not_posted,ineligible,True,False,False,True,9.0,9.0,0.0028193443545618,0.0077399380804954,fanduel,FanDuel,fanduel,FanDuel,best_available_across_quoted_books,all_quoted_books,49cc06c81f0e3b50d6dfa054a1883b24,2026-08-22T16:45:01+00:00,model_production_20260822T054104658649Z,production,raw_lgbm,f7b699332e6fe1aa81b7c144be562e412d6492878fc2541c2efa712149f9d409,features_20260822T131031592962Z,fb401dc56db0b73ca3235900fdffcc70a8c1b61001694bce7e97652fabffe60b,features_20260822T054058128142Z,paper
predict_20260822T164501514518Z_823910,predict_20260822T164501514518Z,2026-08-22T16:45:01+00:00,2026-08-22 00:00:00,823910,2026-08-22T23:15:00Z,LAD,PIT,Tarik Skubal,Jared Jones,0.6989931307631314,0.6982758620689655,0.7368421052631579,0.0385662431941923,0.7001620745542949,-0.0011689437911635,-245.0,234.0,False,,False,lineups_not_posted,ineligible,True,False,False,True,9.0,9.0,0.0050347100549045,0.0166901390228846,fanduel,FanDuel,draftkings,DraftKings,best_available_across_quoted_books,all_quoted_books,5099914e07241203eb3dca62ddc5318c,2026-08-22T16:45:01+00:00,model_production_20260822T054104658649Z,production,raw_lgbm,f7b699332e6fe1aa81b7c144be562e412d6492878fc2541c2efa712149f9d409,features_20260822T131031592962Z,fb401dc56db0b73ca3235900fdffcc70a8c1b61001694bce7e97652fabffe60b,features_20260822T054058128142Z,paper
predict_20260822T164501514518Z_823831,predict_20260822T164501514518Z,2026-08-22T16:45:01+00:00,2026-08-22 00:00:00,823831,2026-08-22T20:10:00Z,MIA,WSH,Eury Perez,Jake Irvin,0.5777225130557676,0.5904159132007233,0.5798969072164947,0.0105190059842286,0.6255648805681084,-0.0478423675123408,-175.0,164.0,False,,False,lineups_not_posted,ineligible,True,False,True,True,9.0,9.0,0.0034810676272519,0.0105123602090236,draftkings,DraftKings,fanduel,FanDuel,best_available_across_quoted_books,all_quoted_books,da4b9485dac20060b228d56c1eba64b2,2026-08-22T16:45:01+00:00,model_production_20260822T054104658649Z,production,raw_lgbm,f7b699332e6fe1aa81b7c144be562e412d6492878fc2541c2efa712149f9d409,features_20260822T131031592962Z,fb401dc56db0b73ca3235900fdffcc70a8c1b61001694bce7e97652fabffe60b,features_20260822T054058128142Z,paper
predict_20260822T164501514518Z_823743,predict_20260822T164501514518Z,2026-08-22T16:45:01+00:00,2026-08-22 00:00:00,823743,2026-08-22T18:10:00Z,MIL,ATL,Logan Henderson,Martin Perez,0.5223125210784345,0.5102040816326532,0.5307557117750439,0.0205516301423906,0.5978889168132696,-0.0755763957348351,-156.0,147.0,True,AWAY,True,,bet_candidate,True,True,True,True,9.0,9.0,0.0032116650226516,0.009790710474804,fanduel,FanDuel,draftkings,DraftKings,best_available_across_quoted_books,all_quoted_books,44a6d81175e6cca1f6d5804b150427a1,2026-08-22T16:45:01+00:00,model_production_20260822T054104658649Z,production,raw_lgbm,f7b699332e6fe1aa81b7c144be562e412d6492878fc2541c2efa712149f9d409,features_20260822T131031592962Z,fb401dc56db0b73ca3235900fdffcc70a8c1b61001694bce7e97652fabffe60b,features_20260822T054058128142Z,paper
predict_20260822T164501514518Z_823509,predict_20260822T164501514518Z,2026-08-22T16:45:01+00:00,2026-08-22 00:00:00,823509,2026-08-22T17:35:00Z,NYY,TOR,Ryan Weathers,Dylan Cease,0.5360635677953585,0.5121951219512196,0.5307557117750439,0.0185605898238242,0.5,0.0360635677953584,-104.0,-104.0,False,,True,,eligible_no_edge,True,True,True,True,9.0,9.0,0.0021379032278275,0.0078783175678235,fanduel,FanDuel,fanduel,FanDuel,best_available_across_quoted_books,all_quoted_books,37d5ada29cdca43791f56ead0c6f958a,2026-08-22T16:45:01+00:00,model_production_20260822T054104658649Z,production,raw_lgbm,f7b699332e6fe1aa81b7c144be562e412d6492878fc2541c2efa712149f9d409,features_20260822T131031592962Z,fb401dc56db0b73ca3235900fdffcc70a8c1b61001694bce7e97652fabffe60b,features_20260822T054058128142Z,paper
predict_20260822T164501514518Z_823422,predict_20260822T164501514518Z,2026-08-22T16:45:01+00:00,2026-08-22 00:00:00,823422,2026-08-22T22:05:00Z,PHI,STL,Andrew Painter,,0.5463263074429591,0.5142857142857142,0.5407098121085596,0.0264240978228453,0.5799605469015713,-0.0336342394586122,-143.0,138.0,False,,False,probable_starter_missing;lineups_not_posted,ineligible,False,False,False,True,9.0,9.0,0.0051740357724858,0.0193009224851827,betrivers,BetRivers,fanduel,FanDuel,best_available_across_quoted_books,all_quoted_books,981879bf214542d1037319de2491b463,2026-08-22T16:45:01+00:00,model_production_20260822T054104658649Z,production,raw_lgbm,f7b699332e6fe1aa81b7c144be562e412d6492878fc2541c2efa712149f9d409,features_20260822T131031592962Z,fb401dc56db0b73ca3235900fdffcc70a8c1b61001694bce7e97652fabffe60b,features_20260822T054058128142Z,paper
predict_20260822T164501514518Z_823261,predict_20260822T164501514518Z,2026-08-22T16:45:01+00:00,2026-08-22 00:00:00,823261,2026-08-23T00:40:00Z,SD,MIN,Casey Mize,Dean Kremer,0.576773342760114,0.5904159132007233,0.5798969072164947,0.0105190059842286,0.562379468921525,0.014393873838589,-134.0,126.0,False,,False,lineups_not_posted,ineligible,True,False,False,True,9.0,9.0,0.0043319055930173,0.0178693995591849,fanduel,FanDuel,draftkings,DraftKings,best_available_across_quoted_books,all_quoted_books,458febdbf016dd7687ef2e5fe5edce26,2026-08-22T16:45:01+00:00,model_production_20260822T054104658649Z,production,raw_lgbm,f7b699332e6fe1aa81b7c144be562e412d6492878fc2541c2efa712149f9d409,features_20260822T131031592962Z,fb401dc56db0b73ca3235900fdffcc70a8c1b61001694bce7e97652fabffe60b,features_20260822T054058128142Z,paper
predict_20260822T164501514518Z_823100,predict_20260822T164501514518Z,2026-08-22T16:45:01+00:00,2026-08-22 00:00:00,823100,2026-08-22T23:15:00Z,SEA,CHC,Kade Anderson,David Peterson,0.4704411989110868,0.4875621890547263,0.4948905109489051,0.0073283218941787,0.5188470066518847,-0.0484058077407978,-112.0,104.0,False,,False,lineups_not_posted,ineligible,True,False,False,True,9.0,9.0,0.0029038515061218,0.0096247025999818,draftkings,DraftKings,fanduel,FanDuel,best_available_across_quoted_books,all_quoted_books,41ad7c33eb3de5730091e2b719e433d2,2026-08-22T16:45:01+00:00,model_production_20260822T054104658649Z,production,raw_lgbm,f7b699332e6fe1aa81b7c144be562e412d6492878fc2541c2efa712149f9d409,features_20260822T131031592962Z,fb401dc56db0b73ca3235900fdffcc70a8c1b61001694bce7e97652fabffe60b,features_20260822T054058128142Z,paper
predict_20260822T164501514518Z_822858,predict_20260822T164501514518Z,2026-08-22T16:45:01+00:00,2026-08-22 00:00:00,822858,2026-08-22T23:05:00Z,TEX,LAA,Cody Bradford,Ryan Johnson,0.5356603182857856,0.5365853658536586,0.5307557117750439,0.0058296540786146,0.6017699115044248,-0.0661095932186391,-158.0,149.0,False,,False,lineups_not_posted,ineligible,True,False,False,True,9.0,9.0,0.0038922102095562,0.0132673279538195,fanduel,FanDuel,draftkings,DraftKings,best_available_across_quoted_books,all_quoted_books,ba9273aecfb41580e1f1da93be63376c,2026-08-22T16:45:01+00:00,model_production_20260822T054104658649Z,production,raw_lgbm,f7b699332e6fe1aa81b7c144be562e412d6492878fc2541c2efa712149f9d409,features_20260822T131031592962Z,fb401dc56db0b73ca3235900fdffcc70a8c1b61001694bce7e97652fabffe60b,features_20260822T054058128142Z,paper
predict_20260822T181000634476Z_825044,predict_20260822T181000634476Z,2026-08-22T18:10:00+00:00,2026-08-22 00:00:00,825044,2026-08-23T00:10:00Z,ARI,CIN,Michael Soroka,Rhett Lowder,0.6038268506309505,0.6982758620689655,0.6186440677966102,0.0796317942723553,0.6177901320361362,-0.0139632814051856,-164.0,159.0,False,,False,lineups_not_posted,ineligible,True,False,False,True,9.0,9.0,0.0047867482223779,0.0145597811913291,fanduel,FanDuel,lowvig,LowVig.ag,best_available_across_quoted_books,all_quoted_books,d159265b7c107d36584b234b2b334e03,2026-08-22T18:10:00+00:00,model_production_20260822T054104658649Z,production,raw_lgbm,f7b699332e6fe1aa81b7c144be562e412d6492878fc2541c2efa712149f9d409,features_20260822T131031592962Z,fb401dc56db0b73ca3235900fdffcc70a8c1b61001694bce7e97652fabffe60b,features_20260822T054058128142Z,paper
predict_20260822T181000634476Z_824798,predict_20260822T181000634476Z,2026-08-22T18:10:00+00:00,2026-08-22 00:00:00,824798,2026-08-22T23:05:00Z,BAL,TB,Brandon Young,Shane McClanahan,0.4607819582565252,0.4805194805194805,0.4942528735632184,0.0137333930437378,0.4595512130495984,0.0012307452069267,116.0,-122.0,False,,False,lineups_not_posted,ineligible,True,False,False,True,9.0,9.0,0.0027246450947701,0.0078100378642692,draftkings,DraftKings,fanduel,FanDuel,best_available_across_quoted_books,all_quoted_books,a724c4baba286e2f8b35bb652ee597a1,2026-08-22T18:10:00+00:00,model_production_20260822T054104658649Z,production,raw_lgbm,f7b699332e6fe1aa81b7c144be562e412d6492878fc2541c2efa712149f9d409,features_20260822T131031592962Z,fb401dc56db0b73ca3235900fdffcc70a8c1b61001694bce7e97652fabffe60b,features_20260822T054058128142Z,paper
predict_20260822T181000634476Z_824718,predict_20260822T181000634476Z,2026-08-22T18:10:00+00:00,2026-08-22 00:00:00,824718,2026-08-22T23:15:00Z,BOS,SF,Patrick Sandoval,Blade Tidwell,0.6030510557128356,0.5904159132007233,0.6186440677966102,0.0282281545958869,0.6513887301405874,-0.0483376744277518,-200.0,189.0,False,,False,lineups_not_posted,ineligible,True,False,False,True,9.0,9.0,0.0037557545947003,0.0132655801403306,betonlineag,BetOnline.ag,draftkings,DraftKings,best_available_across_quoted_books,all_quoted_books,9c20ecc53352a8369b35a68e8479750d,2026-08-22T18:10:00+00:00,model_production_20260822T054104658649Z,production,raw_lgbm,f7b699332e6fe1aa81b7c144be562e412d6492878fc2541c2efa712149f9d409,features_20260822T131031592962Z,fb401dc56db0b73ca3235900fdffcc70a8c1b61001694bce7e97652fabffe60b,features_20260822T054058128142Z,paper
predict_20260822T181000634476Z_824316,predict_20260822T181000634476Z,2026-08-22T18:10:00+00:00,2026-08-22 00:00:00,824316,2026-08-23T00:10:00Z,COL,CLE,Gabriel Hughes,Tanner Bibee,0.4380048873615623,0.4421768707482993,0.427797833935018,0.0143790368132812,0.4339106654512306,0.0040942219103316,130.0,-136.0,False,,False,lineups_not_posted,ineligible,True,False,False,True,9.0,9.0,0.0047597017480265,0.0165097743261442,betrivers,BetRivers,fanduel,FanDuel,best_available_across_quoted_books,all_quoted_books,bc93cc6a5c4779c620007a3657cc78ad,2026-08-22T18:10:00+00:00,model_production_20260822T054104658649Z,production,raw_lgbm,f7b699332e6fe1aa81b7c144be562e412d6492878fc2541c2efa712149f9d409,features_20260822T131031592962Z,fb401dc56db0b73ca3235900fdffcc70a8c1b61001694bce7e97652fabffe60b,features_20260822T054058128142Z,paper
predict_20260822T181000634476Z_824560,predict_20260822T181000634476Z,2026-08-22T18:10:00+00:00,2026-08-22 00:00:00,824560,2026-08-22T23:10:00Z,CWS,NYM,Luis Castillo,Christian Scott,0.4724156160079127,0.4468085106382978,0.4948905109489051,0.0480820003106072,0.5162468054034319,-0.0438311893955191,-108.0,102.0,False,,False,lineups_not_posted,ineligible,True,False,False,True,9.0,9.0,0.0033298398638058,0.0111597788425645,draftkings,DraftKings,lowvig,LowVig.ag,best_available_across_quoted_books,all_quoted_books,cbde6bd02f030c8e94c35c62ed4a4044,2026-08-22T18:10:00+00:00,model_production_20260822T054104658649Z,production,raw_lgbm,f7b699332e6fe1aa81b7c144be562e412d6492878fc2541c2efa712149f9d409,features_20260822T131031592962Z,fb401dc56db0b73ca3235900fdffcc70a8c1b61001694bce7e97652fabffe60b,features_20260822T054058128142Z,paper
predict_20260822T181000634476Z_824151,predict_20260822T181000634476Z,2026-08-22T18:10:00+00:00,2026-08-22 00:00:00,824151,2026-08-22T23:10:00Z,HOU,OAK,Hunter Brown,Jacob Lopez,0.6450825222243041,0.6982758620689655,0.6186440677966102,0.0796317942723553,0.6869342184671093,-0.0418516962428052,-223.0,215.0,False,,False,lineups_not_posted,ineligible,True,False,False,True,9.0,9.0,0.0071577603515755,0.0231829585860557,betus,BetUS,fanduel,FanDuel,best_available_across_quoted_books,all_quoted_books,a397d1e33cd40684b963ed76d3e727ef,2026-08-22T18:10:00+00:00,model_production_20260822T054104658649Z,production,raw_lgbm,f7b699332e6fe1aa81b7c144be562e412d6492878fc2541c2efa712149f9d409,features_20260822T131031592962Z,fb401dc56db0b73ca3235900fdffcc70a8c1b61001694bce7e97652fabffe60b,features_20260822T054058128142Z,paper
predict_20260822T181000634476Z_824073,predict_20260822T181000634476Z,2026-08-22T18:10:00+00:00,2026-08-22 00:00:00,824073,2026-08-22T23:15:00Z,KC,DET,Michael Wacha,Drew Anderson,0.5035333232161783,0.4875621890547263,0.5304990757855821,0.0429368867308557,0.5,0.0035333232161782,-104.0,-104.0,False,,False,lineups_not_posted,ineligible,True,False,False,True,9.0,9.0,0.0034009136688363,0.0100629263726344,fanduel,FanDuel,fanduel,FanDuel,best_available_across_quoted_books,all_quoted_books,49cc06c81f0e3b50d6dfa054a1883b24,2026-08-22T18:10:00+00:00,model_production_20260822T054104658649Z,production,raw_lgbm,f7b699332e6fe1aa81b7c144be562e412d6492878fc2541c2efa712149f9d409,features_20260822T131031592962Z,fb401dc56db0b73ca3235900fdffcc70a8c1b61001694bce7e97652fabffe60b,features_20260822T054058128142Z,paper
predict_20260822T181000634476Z_823910,predict_20260822T181000634476Z,2026-08-22T18:10:00+00:00,2026-08-22 00:00:00,823910,2026-08-22T23:15:00Z,LAD,PIT,Tarik Skubal,Jared Jones,0.6989931307631314,0.6982758620689655,0.7368421052631579,0.0385662431941923,0.7054263565891473,-0.0064332258260159,-250.0,241.0,False,,False,lineups_not_posted,ineligible,True,False,False,True,9.0,9.0,0.0071766709282766,0.0227613954780958,betrivers,BetRivers,draftkings,DraftKings,best_available_across_quoted_books,all_quoted_books,5099914e07241203eb3dca62ddc5318c,2026-08-22T18:10:00+00:00,model_production_20260822T054104658649Z,production,raw_lgbm,f7b699332e6fe1aa81b7c144be562e412d6492878fc2541c2efa712149f9d409,features_20260822T131031592962Z,fb401dc56db0b73ca3235900fdffcc70a8c1b61001694bce7e97652fabffe60b,features_20260822T054058128142Z,paper
predict_20260822T181000634476Z_823831,predict_20260822T181000634476Z,2026-08-22T18:10:00+00:00,2026-08-22 00:00:00,823831,2026-08-22T20:10:00Z,MIA,WSH,Eury Perez,Jake Irvin,0.5964397564449372,0.5904159132007233,0.5798969072164947,0.0105190059842286,0.6288125965945868,-0.0323728401496495,-180.0,168.0,False,,True,,eligible_no_edge,True,True,True,True,9.0,9.0,0.0029653311440419,0.0093394364920003,fanduel,FanDuel,draftkings,DraftKings,best_available_across_quoted_books,all_quoted_books,da4b9485dac20060b228d56c1eba64b2,2026-08-22T18:10:00+00:00,model_production_20260822T054104658649Z,production,raw_lgbm,f7b699332e6fe1aa81b7c144be562e412d6492878fc2541c2efa712149f9d409,features_20260822T131031592962Z,fb401dc56db0b73ca3235900fdffcc70a8c1b61001694bce7e97652fabffe60b,features_20260822T054058128142Z,paper
predict_20260822T181000634476Z_823743,predict_20260822T181000634476Z,2026-08-22T18:10:00+00:00,2026-08-22 00:00:00,823743,2026-08-22T18:10:00Z,MIL,ATL,Logan Henderson,Martin Perez,0.5223125210784345,0.5102040816326532,0.5307557117750439,0.0205516301423906,0.5912806539509536,-0.0689681328725191,-149.0,144.0,True,AWAY,True,,bet_candidate,True,True,True,True,9.0,9.0,0.0051718551250763,0.0138208470536393,lowvig,LowVig.ag,fanduel,FanDuel,best_available_across_quoted_books,all_quoted_books,44a6d81175e6cca1f6d5804b150427a1,2026-08-22T18:10:00+00:00,model_production_20260822T054104658649Z,production,raw_lgbm,f7b699332e6fe1aa81b7c144be562e412d6492878fc2541c2efa712149f9d409,features_20260822T131031592962Z,fb401dc56db0b73ca3235900fdffcc70a8c1b61001694bce7e97652fabffe60b,features_20260822T054058128142Z,paper
predict_20260822T181000634476Z_823509,predict_20260822T181000634476Z,2026-08-22T18:10:00+00:00,2026-08-22 00:00:00,823509,2026-08-22T17:35:00Z,NYY,TOR,Ryan Weathers,Dylan Cease,0.5360635677953585,0.5121951219512196,0.5307557117750439,0.0185605898238242,0.4167876008591165,0.1192759669362419,140.0,-145.0,True,HOME,True,,bet_candidate,True,True,True,True,6.0,6.0,0.0121151518091396,0.0333354822765904,bovada,Bovada,fanduel,FanDuel,best_available_across_quoted_books,all_quoted_books,37d5ada29cdca43791f56ead0c6f958a,2026-08-22T18:10:00+00:00,model_production_20260822T054104658649Z,production,raw_lgbm,f7b699332e6fe1aa81b7c144be562e412d6492878fc2541c2efa712149f9d409,features_20260822T131031592962Z,fb401dc56db0b73ca3235900fdffcc70a8c1b61001694bce7e97652fabffe60b,features_20260822T054058128142Z,paper
predict_20260822T181000634476Z_823422,predict_20260822T181000634476Z,2026-08-22T18:10:00+00:00,2026-08-22 00:00:00,823422,2026-08-22T22:05:00Z,PHI,STL,Andrew Painter,,0.5463263074429591,0.5142857142857142,0.5407098121085596,0.0264240978228453,0.5799605469015713,-0.0336342394586122,-147.0,138.0,False,,False,probable_starter_missing;lineups_not_posted,ineligible,False,False,False,True,9.0,9.0,0.0038676926397062,0.0136821920686689,draftkings,DraftKings,fanduel,FanDuel,best_available_across_quoted_books,all_quoted_books,981879bf214542d1037319de2491b463,2026-08-22T18:10:00+00:00,model_production_20260822T054104658649Z,production,raw_lgbm,f7b699332e6fe1aa81b7c144be562e412d6492878fc2541c2efa712149f9d409,features_20260822T131031592962Z,fb401dc56db0b73ca3235900fdffcc70a8c1b61001694bce7e97652fabffe60b,features_20260822T054058128142Z,paper
predict_20260822T181000634476Z_823261,predict_20260822T181000634476Z,2026-08-22T18:10:00+00:00,2026-08-22 00:00:00,823261,2026-08-23T00:40:00Z,SD,MIN,Casey Mize,Dean Kremer,0.576773342760114,0.5904159132007233,0.5798969072164947,0.0105190059842286,0.562379468921525,0.014393873838589,-134.0,126.0,False,,False,lineups_not_posted,ineligible,True,False,False,True,9.0,9.0,0.0044058854725118,0.0178693995591849,fanduel,FanDuel,draftkings,DraftKings,best_available_across_quoted_books,all_quoted_books,458febdbf016dd7687ef2e5fe5edce26,2026-08-22T18:10:00+00:00,model_production_20260822T054104658649Z,production,raw_lgbm,f7b699332e6fe1aa81b7c144be562e412d6492878fc2541c2efa712149f9d409,features_20260822T131031592962Z,fb401dc56db0b73ca3235900fdffcc70a8c1b61001694bce7e97652fabffe60b,features_20260822T054058128142Z,paper
predict_20260822T181000634476Z_823100,predict_20260822T181000634476Z,2026-08-22T18:10:00+00:00,2026-08-22 00:00:00,823100,2026-08-22T23:15:00Z,SEA,CHC,Kade Anderson,David Peterson,0.4704411989110868,0.4875621890547263,0.4948905109489051,0.0073283218941787,0.5187068652379223,-0.0482656663268354,-112.0,105.0,False,,False,lineups_not_posted,ineligible,True,False,False,True,9.0,9.0,0.0037264487483267,0.0118469413776269,draftkings,DraftKings,betonlineag,BetOnline.ag,best_available_across_quoted_books,all_quoted_books,41ad7c33eb3de5730091e2b719e433d2,2026-08-22T18:10:00+00:00,model_production_20260822T054104658649Z,production,raw_lgbm,f7b699332e6fe1aa81b7c144be562e412d6492878fc2541c2efa712149f9d409,features_20260822T131031592962Z,fb401dc56db0b73ca3235900fdffcc70a8c1b61001694bce7e97652fabffe60b,features_20260822T054058128142Z,paper
predict_20260822T181000634476Z_822858,predict_20260822T181000634476Z,2026-08-22T18:10:00+00:00,2026-08-22 00:00:00,822858,2026-08-22T23:05:00Z,TEX,LAA,Cody Bradford,Ryan Johnson,0.5356603182857856,0.5365853658536586,0.5307557117750439,0.0058296540786146,0.6017699115044248,-0.0661095932186391,-158.0,149.0,False,,False,lineups_not_posted,ineligible,True,False,False,True,9.0,9.0,0.0037826974403401,0.0132673279538195,fanduel,FanDuel,draftkings,DraftKings,best_available_across_quoted_books,all_quoted_books,ba9273aecfb41580e1f1da93be63376c,2026-08-22T18:10:00+00:00,model_production_20260822T054104658649Z,production,raw_lgbm,f7b699332e6fe1aa81b7c144be562e412d6492878fc2541c2efa712149f9d409,features_20260822T131031592962Z,fb401dc56db0b73ca3235900fdffcc70a8c1b61001694bce7e97652fabffe60b,features_20260822T054058128142Z,paper
predict_20260822T200500904288Z_825044,predict_20260822T200500904288Z,2026-08-22T20:05:00+00:00,2026-08-22 00:00:00,825044,2026-08-23T00:10:00Z,ARI,CIN,Michael Soroka,Rhett Lowder,0.6038268506309505,0.6982758620689655,0.6186440677966102,0.0796317942723553,0.6187290969899665,-0.0149022463590159,-174.0,163.0,False,,False,lineups_not_posted,ineligible,True,False,True,True,9.0,9.0,0.0044683553537013,0.0138477984278492,fanduel,FanDuel,draftkings,DraftKings,best_available_across_quoted_books,all_quoted_books,d159265b7c107d36584b234b2b334e03,2026-08-22T20:05:00+00:00,model_production_20260822T054104658649Z,production,raw_lgbm,f7b699332e6fe1aa81b7c144be562e412d6492878fc2541c2efa712149f9d409,features_20260822T131031592962Z,fb401dc56db0b73ca3235900fdffcc70a8c1b61001694bce7e97652fabffe60b,features_20260822T054058128142Z,paper
predict_20260822T200500904288Z_824798,predict_20260822T200500904288Z,2026-08-22T20:05:00+00:00,2026-08-22 00:00:00,824798,2026-08-22T23:05:00Z,BAL,TB,Brandon Young,Shane McClanahan,0.4668731096339149,0.4875621890547263,0.4948905109489051,0.0073283218941787,0.4601226993865031,0.0067504102474117,116.0,-122.0,False,,False,lineups_not_posted,ineligible,True,False,True,True,9.0,9.0,0.0034721873306549,0.0115750027835366,draftkings,DraftKings,fanduel,FanDuel,best_available_across_quoted_books,all_quoted_books,a724c4baba286e2f8b35bb652ee597a1,2026-08-22T20:05:00+00:00,model_production_20260822T054104658649Z,production,raw_lgbm,f7b699332e6fe1aa81b7c144be562e412d6492878fc2541c2efa712149f9d409,features_20260822T131031592962Z,fb401dc56db0b73ca3235900fdffcc70a8c1b61001694bce7e97652fabffe60b,features_20260822T054058128142Z,paper
predict_20260822T200500904288Z_824718,predict_20260822T200500904288Z,2026-08-22T20:05:00+00:00,2026-08-22 00:00:00,824718,2026-08-22T23:15:00Z,BOS,SF,Patrick Sandoval,Blade Tidwell,0.5973185677590941,0.5904159132007233,0.6071428571428571,0.0167269439421338,0.6515287769784173,-0.0542102092193231,-200.0,189.0,False,,True,,eligible_no_edge,True,True,True,True,9.0,9.0,0.0036941090391441,0.0132655801403306,betonlineag,BetOnline.ag,draftkings,DraftKings,best_available_across_quoted_books,all_quoted_books,9c20ecc53352a8369b35a68e8479750d,2026-08-22T20:05:00+00:00,model_production_20260822T054104658649Z,production,raw_lgbm,f7b699332e6fe1aa81b7c144be562e412d6492878fc2541c2efa712149f9d409,features_20260822T131031592962Z,fb401dc56db0b73ca3235900fdffcc70a8c1b61001694bce7e97652fabffe60b,features_20260822T054058128142Z,paper
predict_20260822T200500904288Z_824316,predict_20260822T200500904288Z,2026-08-22T20:05:00+00:00,2026-08-22 00:00:00,824316,2026-08-23T00:10:00Z,COL,CLE,Gabriel Hughes,Tanner Bibee,0.4759757233532102,0.4468085106382978,0.4948905109489051,0.0480820003106072,0.4339106654512306,0.0420650579019796,127.0,-136.0,False,,False,lineups_not_posted,ineligible,True,False,True,True,9.0,9.0,0.0010867974933271,0.0033140749572029,draftkings,DraftKings,fanduel,FanDuel,best_available_across_quoted_books,all_quoted_books,bc93cc6a5c4779c620007a3657cc78ad,2026-08-22T20:05:00+00:00,model_production_20260822T054104658649Z,production,raw_lgbm,f7b699332e6fe1aa81b7c144be562e412d6492878fc2541c2efa712149f9d409,features_20260822T131031592962Z,fb401dc56db0b73ca3235900fdffcc70a8c1b61001694bce7e97652fabffe60b,features_20260822T054058128142Z,paper
predict_20260822T200500904288Z_824560,predict_20260822T200500904288Z,2026-08-22T20:05:00+00:00,2026-08-22 00:00:00,824560,2026-08-22T23:10:00Z,CWS,NYM,Luis Castillo,Christian Scott,0.4856063088503927,0.4805194805194805,0.4948905109489051,0.0143710304294246,0.5162468054034319,-0.0306404965530391,-108.0,103.0,False,,False,lineups_not_posted,ineligible,True,False,True,True,9.0,9.0,0.0039048205972084,0.0128522324949447,betus,BetUS,draftkings,DraftKings,best_available_across_quoted_books,all_quoted_books,cbde6bd02f030c8e94c35c62ed4a4044,2026-08-22T20:05:00+00:00,model_production_20260822T054104658649Z,production,raw_lgbm,f7b699332e6fe1aa81b7c144be562e412d6492878fc2541c2efa712149f9d409,features_20260822T131031592962Z,fb401dc56db0b73ca3235900fdffcc70a8c1b61001694bce7e97652fabffe60b,features_20260822T054058128142Z,paper
predict_20260822T200500904288Z_824151,predict_20260822T200500904288Z,2026-08-22T20:05:00+00:00,2026-08-22 00:00:00,824151,2026-08-22T23:10:00Z,HOU,OAK,Hunter Brown,Jacob Lopez,0.6450825222243041,0.6982758620689655,0.6186440677966102,0.0796317942723553,0.6878866788557076,-0.0428041566314035,-235.0,223.0,False,,False,lineups_not_posted,ineligible,True,False,False,True,9.0,9.0,0.0052271230526169,0.0168632869308094,fanduel,FanDuel,draftkings,DraftKings,best_available_across_quoted_books,all_quoted_books,a397d1e33cd40684b963ed76d3e727ef,2026-08-22T20:05:00+00:00,model_production_20260822T054104658649Z,production,raw_lgbm,f7b699332e6fe1aa81b7c144be562e412d6492878fc2541c2efa712149f9d409,features_20260822T131031592962Z,fb401dc56db0b73ca3235900fdffcc70a8c1b61001694bce7e97652fabffe60b,features_20260822T054058128142Z,paper
predict_20260822T200500904288Z_824073,predict_20260822T200500904288Z,2026-08-22T20:05:00+00:00,2026-08-22 00:00:00,824073,2026-08-22T23:15:00Z,KC,DET,Michael Wacha,Drew Anderson,0.5035333232161783,0.5102040816326532,0.5304990757855821,0.0202949941529289,0.5,0.0035333232161782,-104.0,-104.0,False,,True,,eligible_no_edge,True,True,True,True,9.0,9.0,0.0017308035093005,0.0045805284763542,fanduel,FanDuel,fanduel,FanDuel,best_available_across_quoted_books,all_quoted_books,49cc06c81f0e3b50d6dfa054a1883b24,2026-08-22T20:05:00+00:00,model_production_20260822T054104658649Z,production,raw_lgbm,f7b699332e6fe1aa81b7c144be562e412d6492878fc2541c2efa712149f9d409,features_20260822T131031592962Z,fb401dc56db0b73ca3235900fdffcc70a8c1b61001694bce7e97652fabffe60b,features_20260822T054058128142Z,paper
predict_20260822T200500904288Z_823910,predict_20260822T200500904288Z,2026-08-22T20:05:00+00:00,2026-08-22 00:00:00,823910,2026-08-22T23:15:00Z,LAD,PIT,Tarik Skubal,Jared Jones,0.6989931307631314,0.6982758620689655,0.7368421052631579,0.0385662431941923,0.7021276595744681,-0.0031345288113366,-250.0,238.0,False,,True,,eligible_no_edge,True,True,True,True,9.0,9.0,0.0056816508931619,0.0177004103061424,fanduel,FanDuel,draftkings,DraftKings,best_available_across_quoted_books,all_quoted_books,5099914e07241203eb3dca62ddc5318c,2026-08-22T20:05:00+00:00,model_production_20260822T054104658649Z,production,raw_lgbm,f7b699332e6fe1aa81b7c144be562e412d6492878fc2541c2efa712149f9d409,features_20260822T131031592962Z,fb401dc56db0b73ca3235900fdffcc70a8c1b61001694bce7e97652fabffe60b,features_20260822T054058128142Z,paper
predict_20260822T200500904288Z_823831,predict_20260822T200500904288Z,2026-08-22T20:05:00+00:00,2026-08-22 00:00:00,823831,2026-08-22T20:10:00Z,MIA,WSH,Eury Perez,Jake Irvin,0.5964397564449372,0.5904159132007233,0.5798969072164947,0.0105190059842286,0.6309963099630996,-0.0345565535181624,-180.0,168.0,False,,True,,eligible_no_edge,True,True,True,True,9.0,9.0,0.0046873919306051,0.0174446092896619,fanduel,FanDuel,draftkings,DraftKings,best_available_across_quoted_books,all_quoted_books,da4b9485dac20060b228d56c1eba64b2,2026-08-22T20:05:00+00:00,model_production_20260822T054104658649Z,production,raw_lgbm,f7b699332e6fe1aa81b7c144be562e412d6492878fc2541c2efa712149f9d409,features_20260822T131031592962Z,fb401dc56db0b73ca3235900fdffcc70a8c1b61001694bce7e97652fabffe60b,features_20260822T054058128142Z,paper
predict_20260822T200500904288Z_823743,predict_20260822T200500904288Z,2026-08-22T20:05:00+00:00,2026-08-22 00:00:00,823743,2026-08-22T18:10:00Z,MIL,ATL,Logan Henderson,Martin Perez,0.5223125210784345,0.5102040816326532,0.5307557117750439,0.0205516301423906,0.9246861924686192,-0.4023736713901847,-1667.0,1260.0,False,,True,,eligible_no_edge,True,True,True,True,5.0,5.0,0.0146148936255685,0.0397335498109573,mybookieag,MyBookie.ag,draftkings,DraftKings,best_available_across_quoted_books,all_quoted_books,44a6d81175e6cca1f6d5804b150427a1,2026-08-22T20:05:00+00:00,model_production_20260822T054104658649Z,production,raw_lgbm,f7b699332e6fe1aa81b7c144be562e412d6492878fc2541c2efa712149f9d409,features_20260822T131031592962Z,fb401dc56db0b73ca3235900fdffcc70a8c1b61001694bce7e97652fabffe60b,features_20260822T054058128142Z,paper
predict_20260822T200500904288Z_823509,predict_20260822T200500904288Z,2026-08-22T20:05:00+00:00,2026-08-22 00:00:00,823509,2026-08-22T17:35:00Z,NYY,TOR,Ryan Weathers,Dylan Cease,0.5360635677953585,0.5121951219512196,0.5307557117750439,0.0185605898238242,0.1932471451239497,0.3428164226714087,475.0,-337.0,False,,True,,eligible_no_edge,True,True,True,True,6.0,6.0,0.0370011591885541,0.0982780416559274,bovada,Bovada,draftkings,DraftKings,best_available_across_quoted_books,all_quoted_books,37d5ada29cdca43791f56ead0c6f958a,2026-08-22T20:05:00+00:00,model_production_20260822T054104658649Z,production,raw_lgbm,f7b699332e6fe1aa81b7c144be562e412d6492878fc2541c2efa712149f9d409,features_20260822T131031592962Z,fb401dc56db0b73ca3235900fdffcc70a8c1b61001694bce7e97652fabffe60b,features_20260822T054058128142Z,paper
predict_20260822T200500904288Z_823422,predict_20260822T200500904288Z,2026-08-22T20:05:00+00:00,2026-08-22 00:00:00,823422,2026-08-22T22:05:00Z,PHI,STL,Andrew Painter,Quinn Mathews,0.5463263074429591,0.5142857142857142,0.5407098121085596,0.0264240978228453,0.602765926143887,-0.0564396187009279,-152.0,148.0,False,,True,,eligible_no_edge,True,True,True,True,9.0,9.0,0.0060945798830414,0.0200451072017482,betrivers,BetRivers,fanduel,FanDuel,best_available_across_quoted_books,all_quoted_books,981879bf214542d1037319de2491b463,2026-08-22T20:05:00+00:00,model_production_20260822T054104658649Z,production,raw_lgbm,f7b699332e6fe1aa81b7c144be562e412d6492878fc2541c2efa712149f9d409,features_20260822T131031592962Z,fb401dc56db0b73ca3235900fdffcc70a8c1b61001694bce7e97652fabffe60b,features_20260822T054058128142Z,paper
predict_20260822T200500904288Z_823261,predict_20260822T200500904288Z,2026-08-22T20:05:00+00:00,2026-08-22 00:00:00,823261,2026-08-23T00:40:00Z,SD,MIN,Casey Mize,Dean Kremer,0.576773342760114,0.5904159132007233,0.5798969072164947,0.0105190059842286,0.562379468921525,0.014393873838589,-134.0,126.0,False,,False,lineups_not_posted,ineligible,True,False,False,True,9.0,9.0,0.0044058854725118,0.0178693995591849,fanduel,FanDuel,draftkings,DraftKings,best_available_across_quoted_books,all_quoted_books,458febdbf016dd7687ef2e5fe5edce26,2026-08-22T20:05:00+00:00,model_production_20260822T054104658649Z,production,raw_lgbm,f7b699332e6fe1aa81b7c144be562e412d6492878fc2541c2efa712149f9d409,features_20260822T131031592962Z,fb401dc56db0b73ca3235900fdffcc70a8c1b61001694bce7e97652fabffe60b,features_20260822T054058128142Z,paper
predict_20260822T200500904288Z_823100,predict_20260822T200500904288Z,2026-08-22T20:05:00+00:00,2026-08-22 00:00:00,823100,2026-08-22T23:15:00Z,SEA,CHC,Kade Anderson,David Peterson,0.4714272705990603,0.4875621890547263,0.4948905109489051,0.0073283218941787,0.5185243789416578,-0.0470971083425975,-112.0,105.0,False,,True,,eligible_no_edge,True,True,True,True,9.0,9.0,0.0040238585733744,0.0157245452832253,draftkings,DraftKings,betrivers,BetRivers,best_available_across_quoted_books,all_quoted_books,41ad7c33eb3de5730091e2b719e433d2,2026-08-22T20:05:00+00:00,model_production_20260822T054104658649Z,production,raw_lgbm,f7b699332e6fe1aa81b7c144be562e412d6492878fc2541c2efa712149f9d409,features_20260822T131031592962Z,fb401dc56db0b73ca3235900fdffcc70a8c1b61001694bce7e97652fabffe60b,features_20260822T054058128142Z,paper
predict_20260822T200500904288Z_822858,predict_20260822T200500904288Z,2026-08-22T20:05:00+00:00,2026-08-22 00:00:00,822858,2026-08-22T23:05:00Z,TEX,LAA,Cody Bradford,Ryan Johnson,0.5431839686079044,0.5365853658536586,0.5407098121085596,0.004124446254901,0.6010391538318798,-0.0578551852239753,-158.0,149.0,False,,False,lineups_not_posted,ineligible,True,False,True,True,9.0,9.0,0.0026964007966877,0.0091343741759976,fanduel,FanDuel,draftkings,DraftKings,best_available_across_quoted_books,all_quoted_books,ba9273aecfb41580e1f1da93be63376c,2026-08-22T20:05:00+00:00,model_production_20260822T054104658649Z,production,raw_lgbm,f7b699332e6fe1aa81b7c144be562e412d6492878fc2541c2efa712149f9d409,features_20260822T131031592962Z,fb401dc56db0b73ca3235900fdffcc70a8c1b61001694bce7e97652fabffe60b,features_20260822T054058128142Z,paper
predict_20260822T210500798029Z_825044,predict_20260822T210500798029Z,2026-08-22T21:05:00+00:00,2026-08-22 00:00:00,825044,2026-08-23T00:10:00Z,ARI,CIN,Michael Soroka,Rhett Lowder,0.6038268506309505,0.6982758620689655,0.6186440677966102,0.0796317942723553,0.6228683865325755,-0.0190415359016249,-174.0,163.0,False,,False,lineups_not_posted,ineligible,True,False,True,True,9.0,9.0,0.0030906399028641,0.0090667126992975,fanduel,FanDuel,draftkings,DraftKings,best_available_across_quoted_books,all_quoted_books,d159265b7c107d36584b234b2b334e03,2026-08-22T21:05:00+00:00,model_production_20260822T054104658649Z,production,raw_lgbm,f7b699332e6fe1aa81b7c144be562e412d6492878fc2541c2efa712149f9d409,features_20260822T131031592962Z,fb401dc56db0b73ca3235900fdffcc70a8c1b61001694bce7e97652fabffe60b,features_20260822T054058128142Z,paper
predict_20260822T210500798029Z_824798,predict_20260822T210500798029Z,2026-08-22T21:05:00+00:00,2026-08-22 00:00:00,824798,2026-08-22T23:05:00Z,BAL,TB,Brandon Young,Shane McClanahan,0.4668731096339149,0.4875621890547263,0.4948905109489051,0.0073283218941787,0.4565837749694252,0.0102893346644896,116.0,-124.0,False,,True,,eligible_no_edge,True,True,True,True,9.0,9.0,0.00346839662076,0.0123388499633094,fanduel,FanDuel,draftkings,DraftKings,best_available_across_quoted_books,all_quoted_books,a724c4baba286e2f8b35bb652ee597a1,2026-08-22T21:05:00+00:00,model_production_20260822T054104658649Z,production,raw_lgbm,f7b699332e6fe1aa81b7c144be562e412d6492878fc2541c2efa712149f9d409,features_20260822T131031592962Z,fb401dc56db0b73ca3235900fdffcc70a8c1b61001694bce7e97652fabffe60b,features_20260822T054058128142Z,paper
predict_20260822T210500798029Z_824718,predict_20260822T210500798029Z,2026-08-22T21:05:00+00:00,2026-08-22 00:00:00,824718,2026-08-22T23:15:00Z,BOS,SF,Patrick Sandoval,Blade Tidwell,0.5973185677590941,0.5904159132007233,0.6071428571428571,0.0167269439421338,0.6513887301405874,-0.0540701623814933,-200.0,189.0,False,,True,,eligible_no_edge,True,True,True,True,9.0,9.0,0.0048515743891987,0.0169306721748638,betonlineag,BetOnline.ag,draftkings,DraftKings,best_available_across_quoted_books,all_quoted_books,9c20ecc53352a8369b35a68e8479750d,2026-08-22T21:05:00+00:00,model_production_20260822T054104658649Z,production,raw_lgbm,f7b699332e6fe1aa81b7c144be562e412d6492878fc2541c2efa712149f9d409,features_20260822T131031592962Z,fb401dc56db0b73ca3235900fdffcc70a8c1b61001694bce7e97652fabffe60b,features_20260822T054058128142Z,paper
predict_20260822T210500798029Z_824316,predict_20260822T210500798029Z,2026-08-22T21:05:00+00:00,2026-08-22 00:00:00,824316,2026-08-23T00:10:00Z,COL,CLE,Gabriel Hughes,Tanner Bibee,0.4463607500897789,0.3992094861660079,0.427797833935018,0.02858834776901,0.4339783722253842,0.0123823778643946,128.0,-136.0,False,,True,,eligible_no_edge,True,True,True,True,9.0,9.0,0.0040456936091421,0.0134605904720636,betrivers,BetRivers,fanduel,FanDuel,best_available_across_quoted_books,all_quoted_books,bc93cc6a5c4779c620007a3657cc78ad,2026-08-22T21:05:00+00:00,model_production_20260822T054104658649Z,production,raw_lgbm,f7b699332e6fe1aa81b7c144be562e412d6492878fc2541c2efa712149f9d409,features_20260822T131031592962Z,fb401dc56db0b73ca3235900fdffcc70a8c1b61001694bce7e97652fabffe60b,features_20260822T054058128142Z,paper
predict_20260822T210500798029Z_824560,predict_20260822T210500798029Z,2026-08-22T21:05:00+00:00,2026-08-22 00:00:00,824560,2026-08-22T23:10:00Z,CWS,NYM,Luis Castillo,Christian Scott,0.4856063088503927,0.4805194805194805,0.4948905109489051,0.0143710304294246,0.5116279069767442,-0.0260215981263514,-109.0,103.0,False,,True,,eligible_no_edge,True,True,True,True,9.0,9.0,0.0038497970915684,0.0133797525311371,betus,BetUS,draftkings,DraftKings,best_available_across_quoted_books,all_quoted_books,cbde6bd02f030c8e94c35c62ed4a4044,2026-08-22T21:05:00+00:00,model_production_20260822T054104658649Z,production,raw_lgbm,f7b699332e6fe1aa81b7c144be562e412d6492878fc2541c2efa712149f9d409,features_20260822T131031592962Z,fb401dc56db0b73ca3235900fdffcc70a8c1b61001694bce7e97652fabffe60b,features_20260822T054058128142Z,paper
predict_20260822T210500798029Z_824151,predict_20260822T210500798029Z,2026-08-22T21:05:00+00:00,2026-08-22 00:00:00,824151,2026-08-22T23:10:00Z,HOU,OAK,Hunter Brown,Jacob Lopez,0.6460767327482123,0.6982758620689655,0.6186440677966102,0.0796317942723553,0.6878866788557076,-0.0418099461074953,-235.0,220.0,False,,True,,eligible_no_edge,True,True,True,True,9.0,9.0,0.0049224119622986,0.0146233963418296,draftkings,DraftKings,fanduel,FanDuel,best_available_across_quoted_books,all_quoted_books,a397d1e33cd40684b963ed76d3e727ef,2026-08-22T21:05:00+00:00,model_production_20260822T054104658649Z,production,raw_lgbm,f7b699332e6fe1aa81b7c144be562e412d6492878fc2541c2efa712149f9d409,features_20260822T131031592962Z,fb401dc56db0b73ca3235900fdffcc70a8c1b61001694bce7e97652fabffe60b,features_20260822T054058128142Z,paper
predict_20260822T210500798029Z_824073,predict_20260822T210500798029Z,2026-08-22T21:05:00+00:00,2026-08-22 00:00:00,824073,2026-08-22T23:15:00Z,KC,DET,Michael Wacha,Drew Anderson,0.5035333232161783,0.5102040816326532,0.5304990757855821,0.0202949941529289,0.5,0.0035333232161782,-104.0,-104.0,False,,True,,eligible_no_edge,True,True,True,True,9.0,9.0,0.002043951498986,0.0068386803219425,fanduel,FanDuel,fanduel,FanDuel,best_available_across_quoted_books,all_quoted_books,49cc06c81f0e3b50d6dfa054a1883b24,2026-08-22T21:05:00+00:00,model_production_20260822T054104658649Z,production,raw_lgbm,f7b699332e6fe1aa81b7c144be562e412d6492878fc2541c2efa712149f9d409,features_20260822T131031592962Z,fb401dc56db0b73ca3235900fdffcc70a8c1b61001694bce7e97652fabffe60b,features_20260822T054058128142Z,paper
predict_20260822T210500798029Z_823910,predict_20260822T210500798029Z,2026-08-22T21:05:00+00:00,2026-08-22 00:00:00,823910,2026-08-22T23:15:00Z,LAD,PIT,Tarik Skubal,Jared Jones,0.6989931307631314,0.6982758620689655,0.7368421052631579,0.0385662431941923,0.7044334975369458,-0.0054403667738144,-258.0,238.0,False,,True,,eligible_no_edge,True,True,True,True,9.0,9.0,0.0050336098506203,0.0131826023151264,draftkings,DraftKings,draftkings,DraftKings,best_available_across_quoted_books,all_quoted_books,5099914e07241203eb3dca62ddc5318c,2026-08-22T21:05:00+00:00,model_production_20260822T054104658649Z,production,raw_lgbm,f7b699332e6fe1aa81b7c144be562e412d6492878fc2541c2efa712149f9d409,features_20260822T131031592962Z,fb401dc56db0b73ca3235900fdffcc70a8c1b61001694bce7e97652fabffe60b,features_20260822T054058128142Z,paper
predict_20260822T210500798029Z_823831,predict_20260822T210500798029Z,2026-08-22T21:05:00+00:00,2026-08-22 00:00:00,823831,2026-08-22T20:10:00Z,MIA,WSH,Eury Perez,Jake Irvin,0.5964397564449372,0.5904159132007233,0.5798969072164947,0.0105190059842286,0.8966920197995896,-0.3002522633546524,-1250.0,1000.0,False,,True,,eligible_no_edge,True,True,True,True,6.0,6.0,0.0108155848800439,0.0367021513518329,mybookieag,MyBookie.ag,fanduel,FanDuel,best_available_across_quoted_books,all_quoted_books,da4b9485dac20060b228d56c1eba64b2,2026-08-22T21:05:00+00:00,model_production_20260822T054104658649Z,production,raw_lgbm,f7b699332e6fe1aa81b7c144be562e412d6492878fc2541c2efa712149f9d409,features_20260822T131031592962Z,fb401dc56db0b73ca3235900fdffcc70a8c1b61001694bce7e97652fabffe60b,features_20260822T054058128142Z,paper
predict_20260822T210500798029Z_823743,predict_20260822T210500798029Z,2026-08-22T21:05:00+00:00,2026-08-22 00:00:00,823743,2026-08-22T18:10:00Z,MIL,ATL,Logan Henderson,Martin Perez,0.5223125210784345,0.5102040816326532,0.5307557117750439,0.0205516301423906,,,,,False,,False,market_missing_or_thin,ineligible,True,True,True,False,,,,,,,,,,,,2026-08-22T21:05:00+00:00,model_production_20260822T054104658649Z,production,raw_lgbm,f7b699332e6fe1aa81b7c144be562e412d6492878fc2541c2efa712149f9d409,features_20260822T131031592962Z,fb401dc56db0b73ca3235900fdffcc70a8c1b61001694bce7e97652fabffe60b,features_20260822T054058128142Z,paper
predict_20260822T210500798029Z_823509,predict_20260822T210500798029Z,2026-08-22T21:05:00+00:00,2026-08-22 00:00:00,823509,2026-08-22T17:35:00Z,NYY,TOR,Ryan Weathers,Dylan Cease,0.5360635677953585,0.5121951219512196,0.5307557117750439,0.0185605898238242,0.1240056153486195,0.4120579524467389,850.0,-960.0,False,,True,,eligible_no_edge,True,True,True,True,5.0,5.0,0.0153694003356462,0.0413660555884092,fanduel,FanDuel,draftkings,DraftKings,best_available_across_quoted_books,all_quoted_books,37d5ada29cdca43791f56ead0c6f958a,2026-08-22T21:05:00+00:00,model_production_20260822T054104658649Z,production,raw_lgbm,f7b699332e6fe1aa81b7c144be562e412d6492878fc2541c2efa712149f9d409,features_20260822T131031592962Z,fb401dc56db0b73ca3235900fdffcc70a8c1b61001694bce7e97652fabffe60b,features_20260822T054058128142Z,paper
predict_20260822T210500798029Z_823422,predict_20260822T210500798029Z,2026-08-22T21:05:00+00:00,2026-08-22 00:00:00,823422,2026-08-22T22:05:00Z,PHI,STL,Andrew Painter,Quinn Mathews,0.5463263074429591,0.5142857142857142,0.5407098121085596,0.0264240978228453,0.602765926143887,-0.0564396187009279,-160.0,150.0,False,,True,,eligible_no_edge,True,True,True,True,9.0,9.0,0.0021043471245081,0.0069927277990079,fanduel,FanDuel,draftkings,DraftKings,best_available_across_quoted_books,all_quoted_books,981879bf214542d1037319de2491b463,2026-08-22T21:05:00+00:00,model_production_20260822T054104658649Z,production,raw_lgbm,f7b699332e6fe1aa81b7c144be562e412d6492878fc2541c2efa712149f9d409,features_20260822T131031592962Z,fb401dc56db0b73ca3235900fdffcc70a8c1b61001694bce7e97652fabffe60b,features_20260822T054058128142Z,paper
predict_20260822T210500798029Z_823261,predict_20260822T210500798029Z,2026-08-22T21:05:00+00:00,2026-08-22 00:00:00,823261,2026-08-23T00:40:00Z,SD,MIN,Casey Mize,Dean Kremer,0.576773342760114,0.5904159132007233,0.5798969072164947,0.0105190059842286,0.562379468921525,0.014393873838589,-134.0,126.0,False,,False,lineups_not_posted,ineligible,True,False,False,True,9.0,9.0,0.0031234835744976,0.0122506691426711,fanduel,FanDuel,draftkings,DraftKings,best_available_across_quoted_books,all_quoted_books,458febdbf016dd7687ef2e5fe5edce26,2026-08-22T21:05:00+00:00,model_production_20260822T054104658649Z,production,raw_lgbm,f7b699332e6fe1aa81b7c144be562e412d6492878fc2541c2efa712149f9d409,features_20260822T131031592962Z,fb401dc56db0b73ca3235900fdffcc70a8c1b61001694bce7e97652fabffe60b,features_20260822T054058128142Z,paper
predict_20260822T210500798029Z_823100,predict_20260822T210500798029Z,2026-08-22T21:05:00+00:00,2026-08-22 00:00:00,823100,2026-08-22T23:15:00Z,SEA,CHC,Kade Anderson,David Peterson,0.4714272705990603,0.4875621890547263,0.4948905109489051,0.0073283218941787,0.5185243789416578,-0.0470971083425975,-112.0,104.0,False,,True,,eligible_no_edge,True,True,True,True,9.0,9.0,0.0030657492218179,0.0116161731705763,draftkings,DraftKings,fanduel,FanDuel,best_available_across_quoted_books,all_quoted_books,41ad7c33eb3de5730091e2b719e433d2,2026-08-22T21:05:00+00:00,model_production_20260822T054104658649Z,production,raw_lgbm,f7b699332e6fe1aa81b7c144be562e412d6492878fc2541c2efa712149f9d409,features_20260822T131031592962Z,fb401dc56db0b73ca3235900fdffcc70a8c1b61001694bce7e97652fabffe60b,features_20260822T054058128142Z,paper
predict_20260822T210500798029Z_822858,predict_20260822T210500798029Z,2026-08-22T21:05:00+00:00,2026-08-22 00:00:00,822858,2026-08-22T23:05:00Z,TEX,LAA,Cody Bradford,Ryan Johnson,0.5431839686079044,0.5365853658536586,0.5407098121085596,0.004124446254901,0.6017699115044248,-0.0585859428965204,-158.0,149.0,False,,False,lineups_not_posted,ineligible,True,False,True,True,9.0,9.0,0.0021313787473493,0.0080225447826116,fanduel,FanDuel,draftkings,DraftKings,best_available_across_quoted_books,all_quoted_books,ba9273aecfb41580e1f1da93be63376c,2026-08-22T21:05:00+00:00,model_production_20260822T054104658649Z,production,raw_lgbm,f7b699332e6fe1aa81b7c144be562e412d6492878fc2541c2efa712149f9d409,features_20260822T131031592962Z,fb401dc56db0b73ca3235900fdffcc70a8c1b61001694bce7e97652fabffe60b,features_20260822T054058128142Z,paper
predict_20260822T211000783081Z_825044,predict_20260822T211000783081Z,2026-08-22T21:10:00+00:00,2026-08-22 00:00:00,825044,2026-08-23T00:10:00Z,ARI,CIN,Michael Soroka,Rhett Lowder,0.6038268506309505,0.6982758620689655,0.6186440677966102,0.0796317942723553,0.6228683865325755,-0.0190415359016249,-174.0,163.0,False,,False,lineups_not_posted,ineligible,True,False,True,True,9.0,9.0,0.0032519785092887,0.0090667126992975,fanduel,FanDuel,draftkings,DraftKings,best_available_across_quoted_books,all_quoted_books,d159265b7c107d36584b234b2b334e03,2026-08-22T21:10:00+00:00,model_production_20260822T054104658649Z,production,raw_lgbm,f7b699332e6fe1aa81b7c144be562e412d6492878fc2541c2efa712149f9d409,features_20260822T131031592962Z,fb401dc56db0b73ca3235900fdffcc70a8c1b61001694bce7e97652fabffe60b,features_20260822T054058128142Z,paper
predict_20260822T211000783081Z_824798,predict_20260822T211000783081Z,2026-08-22T21:10:00+00:00,2026-08-22 00:00:00,824798,2026-08-22T23:05:00Z,BAL,TB,Brandon Young,Shane McClanahan,0.4668731096339149,0.4875621890547263,0.4948905109489051,0.0073283218941787,0.4565837749694252,0.0102893346644896,116.0,-124.0,False,,True,,eligible_no_edge,True,True,True,True,9.0,9.0,0.00346839662076,0.0123388499633094,fanduel,FanDuel,draftkings,DraftKings,best_available_across_quoted_books,all_quoted_books,a724c4baba286e2f8b35bb652ee597a1,2026-08-22T21:10:00+00:00,model_production_20260822T054104658649Z,production,raw_lgbm,f7b699332e6fe1aa81b7c144be562e412d6492878fc2541c2efa712149f9d409,features_20260822T131031592962Z,fb401dc56db0b73ca3235900fdffcc70a8c1b61001694bce7e97652fabffe60b,features_20260822T054058128142Z,paper
predict_20260822T211000783081Z_824718,predict_20260822T211000783081Z,2026-08-22T21:10:00+00:00,2026-08-22 00:00:00,824718,2026-08-22T23:15:00Z,BOS,SF,Patrick Sandoval,Blade Tidwell,0.5973185677590941,0.5904159132007233,0.6071428571428571,0.0167269439421338,0.6513887301405874,-0.0540701623814933,-200.0,189.0,False,,True,,eligible_no_edge,True,True,True,True,9.0,9.0,0.0048515743891987,0.0169306721748638,betonlineag,BetOnline.ag,draftkings,DraftKings,best_available_across_quoted_books,all_quoted_books,9c20ecc53352a8369b35a68e8479750d,2026-08-22T21:10:00+00:00,model_production_20260822T054104658649Z,production,raw_lgbm,f7b699332e6fe1aa81b7c144be562e412d6492878fc2541c2efa712149f9d409,features_20260822T131031592962Z,fb401dc56db0b73ca3235900fdffcc70a8c1b61001694bce7e97652fabffe60b,features_20260822T054058128142Z,paper
predict_20260822T211000783081Z_824316,predict_20260822T211000783081Z,2026-08-22T21:10:00+00:00,2026-08-22 00:00:00,824316,2026-08-23T00:10:00Z,COL,CLE,Gabriel Hughes,Tanner Bibee,0.4463607500897789,0.3992094861660079,0.427797833935018,0.02858834776901,0.4339783722253842,0.0123823778643946,130.0,-136.0,False,,True,,eligible_no_edge,True,True,True,True,9.0,9.0,0.0046548704004372,0.0155898205424701,betrivers,BetRivers,fanduel,FanDuel,best_available_across_quoted_books,all_quoted_books,bc93cc6a5c4779c620007a3657cc78ad,2026-08-22T21:10:00+00:00,model_production_20260822T054104658649Z,production,raw_lgbm,f7b699332e6fe1aa81b7c144be562e412d6492878fc2541c2efa712149f9d409,features_20260822T131031592962Z,fb401dc56db0b73ca3235900fdffcc70a8c1b61001694bce7e97652fabffe60b,features_20260822T054058128142Z,paper
predict_20260822T211000783081Z_824560,predict_20260822T211000783081Z,2026-08-22T21:10:00+00:00,2026-08-22 00:00:00,824560,2026-08-22T23:10:00Z,CWS,NYM,Luis Castillo,Christian Scott,0.4856063088503927,0.4805194805194805,0.4948905109489051,0.0143710304294246,0.5116279069767442,-0.0260215981263514,-109.0,103.0,False,,True,,eligible_no_edge,True,True,True,True,9.0,9.0,0.0038497970915684,0.0133797525311371,betus,BetUS,draftkings,DraftKings,best_available_across_quoted_books,all_quoted_books,cbde6bd02f030c8e94c35c62ed4a4044,2026-08-22T21:10:00+00:00,model_production_20260822T054104658649Z,production,raw_lgbm,f7b699332e6fe1aa81b7c144be562e412d6492878fc2541c2efa712149f9d409,features_20260822T131031592962Z,fb401dc56db0b73ca3235900fdffcc70a8c1b61001694bce7e97652fabffe60b,features_20260822T054058128142Z,paper
predict_20260822T211000783081Z_824151,predict_20260822T211000783081Z,2026-08-22T21:10:00+00:00,2026-08-22 00:00:00,824151,2026-08-22T23:10:00Z,HOU,OAK,Hunter Brown,Jacob Lopez,0.6460767327482123,0.6982758620689655,0.6186440677966102,0.0796317942723553,0.6878866788557076,-0.0418099461074953,-235.0,220.0,False,,True,,eligible_no_edge,True,True,True,True,9.0,9.0,0.0050654893473647,0.0146233963418296,draftkings,DraftKings,fanduel,FanDuel,best_available_across_quoted_books,all_quoted_books,a397d1e33cd40684b963ed76d3e727ef,2026-08-22T21:10:00+00:00,model_production_20260822T054104658649Z,production,raw_lgbm,f7b699332e6fe1aa81b7c144be562e412d6492878fc2541c2efa712149f9d409,features_20260822T131031592962Z,fb401dc56db0b73ca3235900fdffcc70a8c1b61001694bce7e97652fabffe60b,features_20260822T054058128142Z,paper
predict_20260822T211000783081Z_824073,predict_20260822T211000783081Z,2026-08-22T21:10:00+00:00,2026-08-22 00:00:00,824073,2026-08-22T23:15:00Z,KC,DET,Michael Wacha,Drew Anderson,0.5035333232161783,0.5102040816326532,0.5304990757855821,0.0202949941529289,0.5,0.0035333232161782,-104.0,-104.0,False,,True,,eligible_no_edge,True,True,True,True,9.0,9.0,0.002043951498986,0.0068386803219425,fanduel,FanDuel,fanduel,FanDuel,best_available_across_quoted_books,all_quoted_books,49cc06c81f0e3b50d6dfa054a1883b24,2026-08-22T21:10:00+00:00,model_production_20260822T054104658649Z,production,raw_lgbm,f7b699332e6fe1aa81b7c144be562e412d6492878fc2541c2efa712149f9d409,features_20260822T131031592962Z,fb401dc56db0b73ca3235900fdffcc70a8c1b61001694bce7e97652fabffe60b,features_20260822T054058128142Z,paper
predict_20260822T211000783081Z_823910,predict_20260822T211000783081Z,2026-08-22T21:10:00+00:00,2026-08-22 00:00:00,823910,2026-08-22T23:15:00Z,LAD,PIT,Tarik Skubal,Jared Jones,0.6989931307631314,0.6982758620689655,0.7368421052631579,0.0385662431941923,0.7021276595744681,-0.0031345288113366,-250.0,238.0,False,,True,,eligible_no_edge,True,True,True,True,9.0,9.0,0.0048188990387288,0.0131826023151264,fanduel,FanDuel,draftkings,DraftKings,best_available_across_quoted_books,all_quoted_books,5099914e07241203eb3dca62ddc5318c,2026-08-22T21:10:00+00:00,model_production_20260822T054104658649Z,production,raw_lgbm,f7b699332e6fe1aa81b7c144be562e412d6492878fc2541c2efa712149f9d409,features_20260822T131031592962Z,fb401dc56db0b73ca3235900fdffcc70a8c1b61001694bce7e97652fabffe60b,features_20260822T054058128142Z,paper
predict_20260822T211000783081Z_823831,predict_20260822T211000783081Z,2026-08-22T21:10:00+00:00,2026-08-22 00:00:00,823831,2026-08-22T20:10:00Z,MIA,WSH,Eury Perez,Jake Irvin,0.5964397564449372,0.5904159132007233,0.5798969072164947,0.0105190059842286,0.8870534776567802,-0.290613721211843,-1150.0,900.0,False,,True,,eligible_no_edge,True,True,True,True,6.0,6.0,0.0097111421837431,0.0278349101878514,fanduel,FanDuel,fanduel,FanDuel,best_available_across_quoted_books,all_quoted_books,da4b9485dac20060b228d56c1eba64b2,2026-08-22T21:10:00+00:00,model_production_20260822T054104658649Z,production,raw_lgbm,f7b699332e6fe1aa81b7c144be562e412d6492878fc2541c2efa712149f9d409,features_20260822T131031592962Z,fb401dc56db0b73ca3235900fdffcc70a8c1b61001694bce7e97652fabffe60b,features_20260822T054058128142Z,paper
predict_20260822T211000783081Z_823743,predict_20260822T211000783081Z,2026-08-22T21:10:00+00:00,2026-08-22 00:00:00,823743,2026-08-22T18:10:00Z,MIL,ATL,Logan Henderson,Martin Perez,0.5223125210784345,0.5102040816326532,0.5307557117750439,0.0205516301423906,,,,,False,,False,market_missing_or_thin,ineligible,True,True,True,False,,,,,,,,,,,,2026-08-22T21:10:00+00:00,model_production_20260822T054104658649Z,production,raw_lgbm,f7b699332e6fe1aa81b7c144be562e412d6492878fc2541c2efa712149f9d409,features_20260822T131031592962Z,fb401dc56db0b73ca3235900fdffcc70a8c1b61001694bce7e97652fabffe60b,features_20260822T054058128142Z,paper
predict_20260822T211000783081Z_823509,predict_20260822T211000783081Z,2026-08-22T21:10:00+00:00,2026-08-22 00:00:00,823509,2026-08-22T17:35:00Z,NYY,TOR,Ryan Weathers,Dylan Cease,0.5360635677953585,0.5121951219512196,0.5307557117750439,0.0185605898238242,,,,,False,,False,market_missing_or_thin,ineligible,True,True,True,False,,,,,,,,,,,,2026-08-22T21:10:00+00:00,model_production_20260822T054104658649Z,production,raw_lgbm,f7b699332e6fe1aa81b7c144be562e412d6492878fc2541c2efa712149f9d409,features_20260822T131031592962Z,fb401dc56db0b73ca3235900fdffcc70a8c1b61001694bce7e97652fabffe60b,features_20260822T054058128142Z,paper
predict_20260822T211000783081Z_823422,predict_20260822T211000783081Z,2026-08-22T21:10:00+00:00,2026-08-22 00:00:00,823422,2026-08-22T22:05:00Z,PHI,STL,Andrew Painter,Quinn Mathews,0.5463263074429591,0.5142857142857142,0.5407098121085596,0.0264240978228453,0.602765926143887,-0.0564396187009279,-160.0,150.0,False,,True,,eligible_no_edge,True,True,True,True,9.0,9.0,0.0021043471245081,0.0069927277990079,fanduel,FanDuel,draftkings,DraftKings,best_available_across_quoted_books,all_quoted_books,981879bf214542d1037319de2491b463,2026-08-22T21:10:00+00:00,model_production_20260822T054104658649Z,production,raw_lgbm,f7b699332e6fe1aa81b7c144be562e412d6492878fc2541c2efa712149f9d409,features_20260822T131031592962Z,fb401dc56db0b73ca3235900fdffcc70a8c1b61001694bce7e97652fabffe60b,features_20260822T054058128142Z,paper
predict_20260822T211000783081Z_823261,predict_20260822T211000783081Z,2026-08-22T21:10:00+00:00,2026-08-22 00:00:00,823261,2026-08-23T00:40:00Z,SD,MIN,Casey Mize,Dean Kremer,0.576773342760114,0.5904159132007233,0.5798969072164947,0.0105190059842286,0.562379468921525,0.014393873838589,-134.0,126.0,False,,False,lineups_not_posted,ineligible,True,False,False,True,9.0,9.0,0.0031234835744976,0.0122506691426711,fanduel,FanDuel,draftkings,DraftKings,best_available_across_quoted_books,all_quoted_books,458febdbf016dd7687ef2e5fe5edce26,2026-08-22T21:10:00+00:00,model_production_20260822T054104658649Z,production,raw_lgbm,f7b699332e6fe1aa81b7c144be562e412d6492878fc2541c2efa712149f9d409,features_20260822T131031592962Z,fb401dc56db0b73ca3235900fdffcc70a8c1b61001694bce7e97652fabffe60b,features_20260822T054058128142Z,paper
predict_20260822T211000783081Z_823100,predict_20260822T211000783081Z,2026-08-22T21:10:00+00:00,2026-08-22 00:00:00,823100,2026-08-22T23:15:00Z,SEA,CHC,Kade Anderson,David Peterson,0.4714272705990603,0.4875621890547263,0.4948905109489051,0.0073283218941787,0.5185243789416578,-0.0470971083425975,-112.0,104.0,False,,True,,eligible_no_edge,True,True,True,True,9.0,9.0,0.0030657492218179,0.0116161731705763,draftkings,DraftKings,fanduel,FanDuel,best_available_across_quoted_books,all_quoted_books,41ad7c33eb3de5730091e2b719e433d2,2026-08-22T21:10:00+00:00,model_production_20260822T054104658649Z,production,raw_lgbm,f7b699332e6fe1aa81b7c144be562e412d6492878fc2541c2efa712149f9d409,features_20260822T131031592962Z,fb401dc56db0b73ca3235900fdffcc70a8c1b61001694bce7e97652fabffe60b,features_20260822T054058128142Z,paper
predict_20260822T211000783081Z_822858,predict_20260822T211000783081Z,2026-08-22T21:10:00+00:00,2026-08-22 00:00:00,822858,2026-08-22T23:05:00Z,TEX,LAA,Cody Bradford,Ryan Johnson,0.5431839686079044,0.5365853658536586,0.5407098121085596,0.004124446254901,0.6017699115044248,-0.0585859428965204,-158.0,149.0,False,,False,lineups_not_posted,ineligible,True,False,True,True,9.0,9.0,0.0021313787473493,0.0080225447826116,fanduel,FanDuel,draftkings,DraftKings,best_available_across_quoted_books,all_quoted_books,ba9273aecfb41580e1f1da93be63376c,2026-08-22T21:10:00+00:00,model_production_20260822T054104658649Z,production,raw_lgbm,f7b699332e6fe1aa81b7c144be562e412d6492878fc2541c2efa712149f9d409,features_20260822T131031592962Z,fb401dc56db0b73ca3235900fdffcc70a8c1b61001694bce7e97652fabffe60b,features_20260822T054058128142Z,paper
predict_20260822T211501110316Z_825044,predict_20260822T211501110316Z,2026-08-22T21:15:01+00:00,2026-08-22 00:00:00,825044,2026-08-23T00:10:00Z,ARI,CIN,Michael Soroka,Rhett Lowder,0.6038268506309505,0.6982758620689655,0.6186440677966102,0.0796317942723553,0.6228683865325755,-0.0190415359016249,-174.0,163.0,False,,False,lineups_not_posted,ineligible,True,False,True,True,9.0,9.0,0.0042107133049591,0.0128706811743303,fanduel,FanDuel,draftkings,DraftKings,best_available_across_quoted_books,all_quoted_books,d159265b7c107d36584b234b2b334e03,2026-08-22T21:15:01+00:00,model_production_20260822T054104658649Z,production,raw_lgbm,f7b699332e6fe1aa81b7c144be562e412d6492878fc2541c2efa712149f9d409,features_20260822T131031592962Z,fb401dc56db0b73ca3235900fdffcc70a8c1b61001694bce7e97652fabffe60b,features_20260822T054058128142Z,paper
predict_20260822T211501110316Z_824798,predict_20260822T211501110316Z,2026-08-22T21:15:01+00:00,2026-08-22 00:00:00,824798,2026-08-22T23:05:00Z,BAL,TB,Brandon Young,Shane McClanahan,0.4668731096339149,0.4875621890547263,0.4948905109489051,0.0073283218941787,0.4565837749694252,0.0102893346644896,116.0,-124.0,False,,True,,eligible_no_edge,True,True,True,True,9.0,9.0,0.00346839662076,0.0123388499633094,fanduel,FanDuel,draftkings,DraftKings,best_available_across_quoted_books,all_quoted_books,a724c4baba286e2f8b35bb652ee597a1,2026-08-22T21:15:01+00:00,model_production_20260822T054104658649Z,production,raw_lgbm,f7b699332e6fe1aa81b7c144be562e412d6492878fc2541c2efa712149f9d409,features_20260822T131031592962Z,fb401dc56db0b73ca3235900fdffcc70a8c1b61001694bce7e97652fabffe60b,features_20260822T054058128142Z,paper
predict_20260822T211501110316Z_824718,predict_20260822T211501110316Z,2026-08-22T21:15:01+00:00,2026-08-22 00:00:00,824718,2026-08-22T23:15:00Z,BOS,SF,Patrick Sandoval,Blade Tidwell,0.5973185677590941,0.5904159132007233,0.6071428571428571,0.0167269439421338,0.6513887301405874,-0.0540701623814933,-200.0,189.0,False,,True,,eligible_no_edge,True,True,True,True,9.0,9.0,0.0048515743891987,0.0169306721748638,betonlineag,BetOnline.ag,draftkings,DraftKings,best_available_across_quoted_books,all_quoted_books,9c20ecc53352a8369b35a68e8479750d,2026-08-22T21:15:01+00:00,model_production_20260822T054104658649Z,production,raw_lgbm,f7b699332e6fe1aa81b7c144be562e412d6492878fc2541c2efa712149f9d409,features_20260822T131031592962Z,fb401dc56db0b73ca3235900fdffcc70a8c1b61001694bce7e97652fabffe60b,features_20260822T054058128142Z,paper
predict_20260822T211501110316Z_824316,predict_20260822T211501110316Z,2026-08-22T21:15:01+00:00,2026-08-22 00:00:00,824316,2026-08-23T00:10:00Z,COL,CLE,Gabriel Hughes,Tanner Bibee,0.4463607500897789,0.3992094861660079,0.427797833935018,0.02858834776901,0.4339783722253842,0.0123823778643946,130.0,-136.0,False,,True,,eligible_no_edge,True,True,True,True,9.0,9.0,0.0046548704004372,0.0155898205424701,betrivers,BetRivers,fanduel,FanDuel,best_available_across_quoted_books,all_quoted_books,bc93cc6a5c4779c620007a3657cc78ad,2026-08-22T21:15:01+00:00,model_production_20260822T054104658649Z,production,raw_lgbm,f7b699332e6fe1aa81b7c144be562e412d6492878fc2541c2efa712149f9d409,features_20260822T131031592962Z,fb401dc56db0b73ca3235900fdffcc70a8c1b61001694bce7e97652fabffe60b,features_20260822T054058128142Z,paper
predict_20260822T211501110316Z_824560,predict_20260822T211501110316Z,2026-08-22T21:15:01+00:00,2026-08-22 00:00:00,824560,2026-08-22T23:10:00Z,CWS,NYM,Luis Castillo,Christian Scott,0.4856063088503927,0.4805194805194805,0.4948905109489051,0.0143710304294246,0.5116279069767442,-0.0260215981263514,-109.0,103.0,False,,True,,eligible_no_edge,True,True,True,True,9.0,9.0,0.0038497970915684,0.0133797525311371,betus,BetUS,draftkings,DraftKings,best_available_across_quoted_books,all_quoted_books,cbde6bd02f030c8e94c35c62ed4a4044,2026-08-22T21:15:01+00:00,model_production_20260822T054104658649Z,production,raw_lgbm,f7b699332e6fe1aa81b7c144be562e412d6492878fc2541c2efa712149f9d409,features_20260822T131031592962Z,fb401dc56db0b73ca3235900fdffcc70a8c1b61001694bce7e97652fabffe60b,features_20260822T054058128142Z,paper
predict_20260822T211501110316Z_824151,predict_20260822T211501110316Z,2026-08-22T21:15:01+00:00,2026-08-22 00:00:00,824151,2026-08-22T23:10:00Z,HOU,OAK,Hunter Brown,Jacob Lopez,0.6460767327482123,0.6982758620689655,0.6186440677966102,0.0796317942723553,0.6878866788557076,-0.0418099461074953,-235.0,220.0,False,,True,,eligible_no_edge,True,True,True,True,9.0,9.0,0.0050654893473647,0.0146233963418296,draftkings,DraftKings,fanduel,FanDuel,best_available_across_quoted_books,all_quoted_books,a397d1e33cd40684b963ed76d3e727ef,2026-08-22T21:15:01+00:00,model_production_20260822T054104658649Z,production,raw_lgbm,f7b699332e6fe1aa81b7c144be562e412d6492878fc2541c2efa712149f9d409,features_20260822T131031592962Z,fb401dc56db0b73ca3235900fdffcc70a8c1b61001694bce7e97652fabffe60b,features_20260822T054058128142Z,paper
predict_20260822T211501110316Z_824073,predict_20260822T211501110316Z,2026-08-22T21:15:01+00:00,2026-08-22 00:00:00,824073,2026-08-22T23:15:00Z,KC,DET,Michael Wacha,Drew Anderson,0.5035333232161783,0.5102040816326532,0.5304990757855821,0.0202949941529289,0.5,0.0035333232161782,-104.0,-104.0,False,,True,,eligible_no_edge,True,True,True,True,9.0,9.0,0.0015297621552008,0.0045805284763542,fanduel,FanDuel,fanduel,FanDuel,best_available_across_quoted_books,all_quoted_books,49cc06c81f0e3b50d6dfa054a1883b24,2026-08-22T21:15:01+00:00,model_production_20260822T054104658649Z,production,raw_lgbm,f7b699332e6fe1aa81b7c144be562e412d6492878fc2541c2efa712149f9d409,features_20260822T131031592962Z,fb401dc56db0b73ca3235900fdffcc70a8c1b61001694bce7e97652fabffe60b,features_20260822T054058128142Z,paper
predict_20260822T211501110316Z_823910,predict_20260822T211501110316Z,2026-08-22T21:15:01+00:00,2026-08-22 00:00:00,823910,2026-08-22T23:15:00Z,LAD,PIT,Tarik Skubal,Jared Jones,0.6989931307631314,0.6982758620689655,0.7368421052631579,0.0385662431941923,0.7023445463812437,-0.0033514156181122,-250.0,238.0,False,,True,,eligible_no_edge,True,True,True,True,9.0,9.0,0.0056686517054627,0.0177004103061424,fanduel,FanDuel,draftkings,DraftKings,best_available_across_quoted_books,all_quoted_books,5099914e07241203eb3dca62ddc5318c,2026-08-22T21:15:01+00:00,model_production_20260822T054104658649Z,production,raw_lgbm,f7b699332e6fe1aa81b7c144be562e412d6492878fc2541c2efa712149f9d409,features_20260822T131031592962Z,fb401dc56db0b73ca3235900fdffcc70a8c1b61001694bce7e97652fabffe60b,features_20260822T054058128142Z,paper
predict_20260822T211501110316Z_823831,predict_20260822T211501110316Z,2026-08-22T21:15:01+00:00,2026-08-22 00:00:00,823831,2026-08-22T20:10:00Z,MIA,WSH,Eury Perez,Jake Irvin,0.5964397564449372,0.5904159132007233,0.5798969072164947,0.0105190059842286,0.8869854016602033,-0.2905456452152661,-1100.0,900.0,False,,True,,eligible_no_edge,True,True,True,True,6.0,6.0,0.0105287189990997,0.0289449112978525,betmgm,BetMGM,fanduel,FanDuel,best_available_across_quoted_books,all_quoted_books,da4b9485dac20060b228d56c1eba64b2,2026-08-22T21:15:01+00:00,model_production_20260822T054104658649Z,production,raw_lgbm,f7b699332e6fe1aa81b7c144be562e412d6492878fc2541c2efa712149f9d409,features_20260822T131031592962Z,fb401dc56db0b73ca3235900fdffcc70a8c1b61001694bce7e97652fabffe60b,features_20260822T054058128142Z,paper
predict_20260822T211501110316Z_823743,predict_20260822T211501110316Z,2026-08-22T21:15:01+00:00,2026-08-22 00:00:00,823743,2026-08-22T18:10:00Z,MIL,ATL,Logan Henderson,Martin Perez,0.5223125210784345,0.5102040816326532,0.5307557117750439,0.0205516301423906,,,,,False,,False,market_missing_or_thin,ineligible,True,True,True,False,,,,,,,,,,,,2026-08-22T21:15:01+00:00,model_production_20260822T054104658649Z,production,raw_lgbm,f7b699332e6fe1aa81b7c144be562e412d6492878fc2541c2efa712149f9d409,features_20260822T131031592962Z,fb401dc56db0b73ca3235900fdffcc70a8c1b61001694bce7e97652fabffe60b,features_20260822T054058128142Z,paper
predict_20260822T211501110316Z_823509,predict_20260822T211501110316Z,2026-08-22T21:15:01+00:00,2026-08-22 00:00:00,823509,2026-08-22T17:35:00Z,NYY,TOR,Ryan Weathers,Dylan Cease,0.5360635677953585,0.5121951219512196,0.5307557117750439,0.0185605898238242,,,,,False,,False,market_missing_or_thin,ineligible,True,True,True,False,,,,,,,,,,,,2026-08-22T21:15:01+00:00,model_production_20260822T054104658649Z,production,raw_lgbm,f7b699332e6fe1aa81b7c144be562e412d6492878fc2541c2efa712149f9d409,features_20260822T131031592962Z,fb401dc56db0b73ca3235900fdffcc70a8c1b61001694bce7e97652fabffe60b,features_20260822T054058128142Z,paper
predict_20260822T211501110316Z_823422,predict_20260822T211501110316Z,2026-08-22T21:15:01+00:00,2026-08-22 00:00:00,823422,2026-08-22T22:05:00Z,PHI,STL,Andrew Painter,Quinn Mathews,0.5463263074429591,0.5142857142857142,0.5407098121085596,0.0264240978228453,0.602765926143887,-0.0564396187009279,-160.0,150.0,False,,True,,eligible_no_edge,True,True,True,True,9.0,9.0,0.0021043471245081,0.0069927277990079,fanduel,FanDuel,draftkings,DraftKings,best_available_across_quoted_books,all_quoted_books,981879bf214542d1037319de2491b463,2026-08-22T21:15:01+00:00,model_production_20260822T054104658649Z,production,raw_lgbm,f7b699332e6fe1aa81b7c144be562e412d6492878fc2541c2efa712149f9d409,features_20260822T131031592962Z,fb401dc56db0b73ca3235900fdffcc70a8c1b61001694bce7e97652fabffe60b,features_20260822T054058128142Z,paper
predict_20260822T211501110316Z_823261,predict_20260822T211501110316Z,2026-08-22T21:15:01+00:00,2026-08-22 00:00:00,823261,2026-08-23T00:40:00Z,SD,MIN,Casey Mize,Dean Kremer,0.576773342760114,0.5904159132007233,0.5798969072164947,0.0105190059842286,0.562379468921525,0.014393873838589,-134.0,126.0,False,,False,lineups_not_posted,ineligible,True,False,False,True,9.0,9.0,0.0031234835744976,0.0122506691426711,fanduel,FanDuel,draftkings,DraftKings,best_available_across_quoted_books,all_quoted_books,458febdbf016dd7687ef2e5fe5edce26,2026-08-22T21:15:01+00:00,model_production_20260822T054104658649Z,production,raw_lgbm,f7b699332e6fe1aa81b7c144be562e412d6492878fc2541c2efa712149f9d409,features_20260822T131031592962Z,fb401dc56db0b73ca3235900fdffcc70a8c1b61001694bce7e97652fabffe60b,features_20260822T054058128142Z,paper
predict_20260822T211501110316Z_823100,predict_20260822T211501110316Z,2026-08-22T21:15:01+00:00,2026-08-22 00:00:00,823100,2026-08-22T23:15:00Z,SEA,CHC,Kade Anderson,David Peterson,0.4714272705990603,0.4875621890547263,0.4948905109489051,0.0073283218941787,0.5173641257162701,-0.0459368551172097,-108.0,104.0,False,,True,,eligible_no_edge,True,True,True,True,9.0,9.0,0.0055454840193979,0.0194588695255367,fanduel,FanDuel,betrivers,BetRivers,best_available_across_quoted_books,all_quoted_books,41ad7c33eb3de5730091e2b719e433d2,2026-08-22T21:15:01+00:00,model_production_20260822T054104658649Z,production,raw_lgbm,f7b699332e6fe1aa81b7c144be562e412d6492878fc2541c2efa712149f9d409,features_20260822T131031592962Z,fb401dc56db0b73ca3235900fdffcc70a8c1b61001694bce7e97652fabffe60b,features_20260822T054058128142Z,paper
predict_20260822T211501110316Z_822858,predict_20260822T211501110316Z,2026-08-22T21:15:01+00:00,2026-08-22 00:00:00,822858,2026-08-22T23:05:00Z,TEX,LAA,Cody Bradford,Ryan Johnson,0.5431839686079044,0.5365853658536586,0.5407098121085596,0.004124446254901,0.6017699115044248,-0.0585859428965204,-158.0,149.0,False,,False,lineups_not_posted,ineligible,True,False,True,True,9.0,9.0,0.0021313787473493,0.0080225447826116,fanduel,FanDuel,draftkings,DraftKings,best_available_across_quoted_books,all_quoted_books,ba9273aecfb41580e1f1da93be63376c,2026-08-22T21:15:01+00:00,model_production_20260822T054104658649Z,production,raw_lgbm,f7b699332e6fe1aa81b7c144be562e412d6492878fc2541c2efa712149f9d409,features_20260822T131031592962Z,fb401dc56db0b73ca3235900fdffcc70a8c1b61001694bce7e97652fabffe60b,features_20260822T054058128142Z,paper
predict_20260822T212514814859Z_825044,predict_20260822T212514814859Z,2026-08-22T21:25:14+00:00,2026-08-22 00:00:00,825044,2026-08-23T00:10:00Z,ARI,CIN,Michael Soroka,Rhett Lowder,0.6038268506309505,0.6982758620689655,0.6186440677966102,0.0796317942723553,0.6228683865325755,-0.0190415359016249,-174.0,163.0,False,,False,lineups_not_posted,ineligible,True,False,True,True,9.0,9.0,0.0042107133049591,0.0128706811743303,fanduel,FanDuel,draftkings,DraftKings,best_available_across_quoted_books,all_quoted_books,d159265b7c107d36584b234b2b334e03,2026-08-22T21:25:14+00:00,model_production_20260822T054104658649Z,production,raw_lgbm,f7b699332e6fe1aa81b7c144be562e412d6492878fc2541c2efa712149f9d409,features_20260822T131031592962Z,fb401dc56db0b73ca3235900fdffcc70a8c1b61001694bce7e97652fabffe60b,features_20260822T054058128142Z,paper
predict_20260822T212514814859Z_824798,predict_20260822T212514814859Z,2026-08-22T21:25:14+00:00,2026-08-22 00:00:00,824798,2026-08-22T23:05:00Z,BAL,TB,Brandon Young,Shane McClanahan,0.4668731096339149,0.4875621890547263,0.4948905109489051,0.0073283218941787,0.4554326610279765,0.0114404486059383,116.0,-124.0,False,,True,,eligible_no_edge,True,True,True,True,9.0,9.0,0.0034406614898972,0.0123388499633094,fanduel,FanDuel,draftkings,DraftKings,best_available_across_quoted_books,all_quoted_books,a724c4baba286e2f8b35bb652ee597a1,2026-08-22T21:25:14+00:00,model_production_20260822T054104658649Z,production,raw_lgbm,f7b699332e6fe1aa81b7c144be562e412d6492878fc2541c2efa712149f9d409,features_20260822T131031592962Z,fb401dc56db0b73ca3235900fdffcc70a8c1b61001694bce7e97652fabffe60b,features_20260822T054058128142Z,paper
predict_20260822T212514814859Z_824718,predict_20260822T212514814859Z,2026-08-22T21:25:14+00:00,2026-08-22 00:00:00,824718,2026-08-22T23:15:00Z,BOS,SF,Patrick Sandoval,Blade Tidwell,0.5973185677590941,0.5904159132007233,0.6071428571428571,0.0167269439421338,0.6513887301405874,-0.0540701623814933,-200.0,189.0,False,,True,,eligible_no_edge,True,True,True,True,9.0,9.0,0.0048169826306889,0.0169306721748638,betonlineag,BetOnline.ag,draftkings,DraftKings,best_available_across_quoted_books,all_quoted_books,9c20ecc53352a8369b35a68e8479750d,2026-08-22T21:25:14+00:00,model_production_20260822T054104658649Z,production,raw_lgbm,f7b699332e6fe1aa81b7c144be562e412d6492878fc2541c2efa712149f9d409,features_20260822T131031592962Z,fb401dc56db0b73ca3235900fdffcc70a8c1b61001694bce7e97652fabffe60b,features_20260822T054058128142Z,paper
predict_20260822T212514814859Z_824316,predict_20260822T212514814859Z,2026-08-22T21:25:14+00:00,2026-08-22 00:00:00,824316,2026-08-23T00:10:00Z,COL,CLE,Gabriel Hughes,Tanner Bibee,0.4463607500897789,0.3992094861660079,0.427797833935018,0.02858834776901,0.4339783722253842,0.0123823778643946,130.0,-136.0,False,,True,,eligible_no_edge,True,True,True,True,9.0,9.0,0.0046548704004372,0.0155898205424701,betrivers,BetRivers,fanduel,FanDuel,best_available_across_quoted_books,all_quoted_books,bc93cc6a5c4779c620007a3657cc78ad,2026-08-22T21:25:14+00:00,model_production_20260822T054104658649Z,production,raw_lgbm,f7b699332e6fe1aa81b7c144be562e412d6492878fc2541c2efa712149f9d409,features_20260822T131031592962Z,fb401dc56db0b73ca3235900fdffcc70a8c1b61001694bce7e97652fabffe60b,features_20260822T054058128142Z,paper
predict_20260822T212514814859Z_824560,predict_20260822T212514814859Z,2026-08-22T21:25:14+00:00,2026-08-22 00:00:00,824560,2026-08-22T23:10:00Z,CWS,NYM,Luis Castillo,Christian Scott,0.4856063088503927,0.4805194805194805,0.4948905109489051,0.0143710304294246,0.5116279069767442,-0.0260215981263514,-109.0,103.0,False,,True,,eligible_no_edge,True,True,True,True,9.0,9.0,0.0038497970915684,0.0133797525311371,betus,BetUS,draftkings,DraftKings,best_available_across_quoted_books,all_quoted_books,cbde6bd02f030c8e94c35c62ed4a4044,2026-08-22T21:25:14+00:00,model_production_20260822T054104658649Z,production,raw_lgbm,f7b699332e6fe1aa81b7c144be562e412d6492878fc2541c2efa712149f9d409,features_20260822T131031592962Z,fb401dc56db0b73ca3235900fdffcc70a8c1b61001694bce7e97652fabffe60b,features_20260822T054058128142Z,paper
predict_20260822T212514814859Z_824151,predict_20260822T212514814859Z,2026-08-22T21:25:14+00:00,2026-08-22 00:00:00,824151,2026-08-22T23:10:00Z,HOU,OAK,Hunter Brown,Jacob Lopez,0.6460767327482123,0.6982758620689655,0.6186440677966102,0.0796317942723553,0.6878866788557076,-0.0418099461074953,-235.0,220.0,False,,True,,eligible_no_edge,True,True,True,True,9.0,9.0,0.0050654893473647,0.0146233963418296,draftkings,DraftKings,fanduel,FanDuel,best_available_across_quoted_books,all_quoted_books,a397d1e33cd40684b963ed76d3e727ef,2026-08-22T21:25:14+00:00,model_production_20260822T054104658649Z,production,raw_lgbm,f7b699332e6fe1aa81b7c144be562e412d6492878fc2541c2efa712149f9d409,features_20260822T131031592962Z,fb401dc56db0b73ca3235900fdffcc70a8c1b61001694bce7e97652fabffe60b,features_20260822T054058128142Z,paper
predict_20260822T212514814859Z_824073,predict_20260822T212514814859Z,2026-08-22T21:25:14+00:00,2026-08-22 00:00:00,824073,2026-08-22T23:15:00Z,KC,DET,Michael Wacha,Drew Anderson,0.5035333232161783,0.5102040816326532,0.5304990757855821,0.0202949941529289,0.5,0.0035333232161782,-104.0,-104.0,False,,True,,eligible_no_edge,True,True,True,True,9.0,9.0,0.0015297621552008,0.0045805284763542,fanduel,FanDuel,fanduel,FanDuel,best_available_across_quoted_books,all_quoted_books,49cc06c81f0e3b50d6dfa054a1883b24,2026-08-22T21:25:14+00:00,model_production_20260822T054104658649Z,production,raw_lgbm,f7b699332e6fe1aa81b7c144be562e412d6492878fc2541c2efa712149f9d409,features_20260822T131031592962Z,fb401dc56db0b73ca3235900fdffcc70a8c1b61001694bce7e97652fabffe60b,features_20260822T054058128142Z,paper
predict_20260822T212514814859Z_823910,predict_20260822T212514814859Z,2026-08-22T21:25:14+00:00,2026-08-22 00:00:00,823910,2026-08-22T23:15:00Z,LAD,PIT,Tarik Skubal,Jared Jones,0.6989931307631314,0.6982758620689655,0.7368421052631579,0.0385662431941923,0.7021276595744681,-0.0031345288113366,-250.0,238.0,False,,True,,eligible_no_edge,True,True,True,True,9.0,9.0,0.0054287824575123,0.0177004103061424,fanduel,FanDuel,draftkings,DraftKings,best_available_across_quoted_books,all_quoted_books,5099914e07241203eb3dca62ddc5318c,2026-08-22T21:25:14+00:00,model_production_20260822T054104658649Z,production,raw_lgbm,f7b699332e6fe1aa81b7c144be562e412d6492878fc2541c2efa712149f9d409,features_20260822T131031592962Z,fb401dc56db0b73ca3235900fdffcc70a8c1b61001694bce7e97652fabffe60b,features_20260822T054058128142Z,paper
predict_20260822T212514814859Z_823831,predict_20260822T212514814859Z,2026-08-22T21:25:14+00:00,2026-08-22 00:00:00,823831,2026-08-22T20:10:00Z,MIA,WSH,Eury Perez,Jake Irvin,0.5964397564449372,0.5904159132007233,0.5798969072164947,0.0105190059842286,0.914571635585812,-0.3181318791408749,-833.0,1200.0,False,,True,,eligible_no_edge,True,True,True,True,6.0,6.0,0.0260305729904337,0.0766591533351747,mybookieag,MyBookie.ag,fanduel,FanDuel,best_available_across_quoted_books,all_quoted_books,da4b9485dac20060b228d56c1eba64b2,2026-08-22T21:25:14+00:00,model_production_20260822T054104658649Z,production,raw_lgbm,f7b699332e6fe1aa81b7c144be562e412d6492878fc2541c2efa712149f9d409,features_20260822T131031592962Z,fb401dc56db0b73ca3235900fdffcc70a8c1b61001694bce7e97652fabffe60b,features_20260822T054058128142Z,paper
predict_20260822T212514814859Z_823743,predict_20260822T212514814859Z,2026-08-22T21:25:14+00:00,2026-08-22 00:00:00,823743,2026-08-22T18:10:00Z,MIL,ATL,Logan Henderson,Martin Perez,0.5223125210784345,0.5102040816326532,0.5307557117750439,0.0205516301423906,,,,,False,,False,market_missing_or_thin,ineligible,True,True,True,False,,,,,,,,,,,,2026-08-22T21:25:14+00:00,model_production_20260822T054104658649Z,production,raw_lgbm,f7b699332e6fe1aa81b7c144be562e412d6492878fc2541c2efa712149f9d409,features_20260822T131031592962Z,fb401dc56db0b73ca3235900fdffcc70a8c1b61001694bce7e97652fabffe60b,features_20260822T054058128142Z,paper
predict_20260822T212514814859Z_823509,predict_20260822T212514814859Z,2026-08-22T21:25:14+00:00,2026-08-22 00:00:00,823509,2026-08-22T17:35:00Z,NYY,TOR,Ryan Weathers,Dylan Cease,0.5360635677953585,0.5121951219512196,0.5307557117750439,0.0185605898238242,,,,,False,,False,market_missing_or_thin,ineligible,True,True,True,False,,,,,,,,,,,,2026-08-22T21:25:14+00:00,model_production_20260822T054104658649Z,production,raw_lgbm,f7b699332e6fe1aa81b7c144be562e412d6492878fc2541c2efa712149f9d409,features_20260822T131031592962Z,fb401dc56db0b73ca3235900fdffcc70a8c1b61001694bce7e97652fabffe60b,features_20260822T054058128142Z,paper
predict_20260822T212514814859Z_823422,predict_20260822T212514814859Z,2026-08-22T21:25:14+00:00,2026-08-22 00:00:00,823422,2026-08-22T22:05:00Z,PHI,STL,Andrew Painter,Quinn Mathews,0.5463263074429591,0.5142857142857142,0.5407098121085596,0.0264240978228453,0.6017699115044248,-0.0554436040614657,-160.0,150.0,False,,True,,eligible_no_edge,True,True,True,True,9.0,9.0,0.0022062409481519,0.0069927277990079,fanduel,FanDuel,draftkings,DraftKings,best_available_across_quoted_books,all_quoted_books,981879bf214542d1037319de2491b463,2026-08-22T21:25:14+00:00,model_production_20260822T054104658649Z,production,raw_lgbm,f7b699332e6fe1aa81b7c144be562e412d6492878fc2541c2efa712149f9d409,features_20260822T131031592962Z,fb401dc56db0b73ca3235900fdffcc70a8c1b61001694bce7e97652fabffe60b,features_20260822T054058128142Z,paper
predict_20260822T212514814859Z_823261,predict_20260822T212514814859Z,2026-08-22T21:25:14+00:00,2026-08-22 00:00:00,823261,2026-08-23T00:40:00Z,SD,MIN,Casey Mize,Dean Kremer,0.576773342760114,0.5904159132007233,0.5798969072164947,0.0105190059842286,0.562379468921525,0.014393873838589,-134.0,126.0,False,,False,lineups_not_posted,ineligible,True,False,False,True,9.0,9.0,0.0031234835744976,0.0122506691426711,fanduel,FanDuel,draftkings,DraftKings,best_available_across_quoted_books,all_quoted_books,458febdbf016dd7687ef2e5fe5edce26,2026-08-22T21:25:14+00:00,model_production_20260822T054104658649Z,production,raw_lgbm,f7b699332e6fe1aa81b7c144be562e412d6492878fc2541c2efa712149f9d409,features_20260822T131031592962Z,fb401dc56db0b73ca3235900fdffcc70a8c1b61001694bce7e97652fabffe60b,features_20260822T054058128142Z,paper
predict_20260822T212514814859Z_823100,predict_20260822T212514814859Z,2026-08-22T21:25:14+00:00,2026-08-22 00:00:00,823100,2026-08-22T23:15:00Z,SEA,CHC,Kade Anderson,David Peterson,0.4714272705990603,0.4875621890547263,0.4948905109489051,0.0073283218941787,0.5173641257162701,-0.0459368551172097,-108.0,104.0,False,,True,,eligible_no_edge,True,True,True,True,9.0,9.0,0.0055454840193979,0.0194588695255367,fanduel,FanDuel,betrivers,BetRivers,best_available_across_quoted_books,all_quoted_books,41ad7c33eb3de5730091e2b719e433d2,2026-08-22T21:25:14+00:00,model_production_20260822T054104658649Z,production,raw_lgbm,f7b699332e6fe1aa81b7c144be562e412d6492878fc2541c2efa712149f9d409,features_20260822T131031592962Z,fb401dc56db0b73ca3235900fdffcc70a8c1b61001694bce7e97652fabffe60b,features_20260822T054058128142Z,paper
predict_20260822T212514814859Z_822858,predict_20260822T212514814859Z,2026-08-22T21:25:14+00:00,2026-08-22 00:00:00,822858,2026-08-22T23:05:00Z,TEX,LAA,Cody Bradford,Ryan Johnson,0.5376207345375014,0.5142857142857142,0.5307557117750439,0.0164699974893296,0.6027039848197344,-0.065083250282233,-158.0,148.0,True,AWAY,True,,bet_candidate,True,True,True,True,9.0,9.0,0.0022290167212386,0.0081871959539989,fanduel,FanDuel,draftkings,DraftKings,best_available_across_quoted_books,all_quoted_books,ba9273aecfb41580e1f1da93be63376c,2026-08-22T21:25:14+00:00,model_production_20260822T054104658649Z,production,raw_lgbm,f7b699332e6fe1aa81b7c144be562e412d6492878fc2541c2efa712149f9d409,features_20260822T131031592962Z,fb401dc56db0b73ca3235900fdffcc70a8c1b61001694bce7e97652fabffe60b,features_20260822T054058128142Z,paper
predict_20260822T221000812081Z_825044,predict_20260822T221000812081Z,2026-08-22T22:10:00+00:00,2026-08-22 00:00:00,825044,2026-08-23T00:10:00Z,ARI,CIN,Michael Soroka,Rhett Lowder,0.5984561939530187,0.6982758620689655,0.6071428571428571,0.0911330049261084,0.635427289414644,-0.0369710954616252,-184.0,171.0,False,,True,,eligible_no_edge,True,True,True,True,9.0,9.0,0.0046024476988335,0.0172922622890344,draftkings,DraftKings,draftkings,DraftKings,best_available_across_quoted_books,all_quoted_books,d159265b7c107d36584b234b2b334e03,2026-08-22T22:10:00+00:00,model_production_20260822T054104658649Z,production,raw_lgbm,f7b699332e6fe1aa81b7c144be562e412d6492878fc2541c2efa712149f9d409,features_20260822T131031592962Z,fb401dc56db0b73ca3235900fdffcc70a8c1b61001694bce7e97652fabffe60b,features_20260822T054058128142Z,paper
predict_20260822T221000812081Z_824798,predict_20260822T221000812081Z,2026-08-22T22:10:00+00:00,2026-08-22 00:00:00,824798,2026-08-22T23:05:00Z,BAL,TB,Brandon Young,Shane McClanahan,0.4668731096339149,0.4875621890547263,0.4948905109489051,0.0073283218941787,0.4554326610279765,0.0114404486059383,116.0,-124.0,False,,True,,eligible_no_edge,True,True,True,True,9.0,9.0,0.0035110739841128,0.0113839272815528,fanduel,FanDuel,draftkings,DraftKings,best_available_across_quoted_books,all_quoted_books,a724c4baba286e2f8b35bb652ee597a1,2026-08-22T22:10:00+00:00,model_production_20260822T054104658649Z,production,raw_lgbm,f7b699332e6fe1aa81b7c144be562e412d6492878fc2541c2efa712149f9d409,features_20260822T131031592962Z,fb401dc56db0b73ca3235900fdffcc70a8c1b61001694bce7e97652fabffe60b,features_20260822T054058128142Z,paper
predict_20260822T221000812081Z_824718,predict_20260822T221000812081Z,2026-08-22T22:10:00+00:00,2026-08-22 00:00:00,824718,2026-08-22T23:15:00Z,BOS,SF,Patrick Sandoval,Blade Tidwell,0.5973185677590941,0.5904159132007233,0.6071428571428571,0.0167269439421338,0.6513887301405874,-0.0540701623814933,-200.0,189.0,False,,True,,eligible_no_edge,True,True,True,True,9.0,9.0,0.0048169826306889,0.0169306721748638,betonlineag,BetOnline.ag,draftkings,DraftKings,best_available_across_quoted_books,all_quoted_books,9c20ecc53352a8369b35a68e8479750d,2026-08-22T22:10:00+00:00,model_production_20260822T054104658649Z,production,raw_lgbm,f7b699332e6fe1aa81b7c144be562e412d6492878fc2541c2efa712149f9d409,features_20260822T131031592962Z,fb401dc56db0b73ca3235900fdffcc70a8c1b61001694bce7e97652fabffe60b,features_20260822T054058128142Z,paper
predict_20260822T221000812081Z_824316,predict_20260822T221000812081Z,2026-08-22T22:10:00+00:00,2026-08-22 00:00:00,824316,2026-08-23T00:10:00Z,COL,CLE,Gabriel Hughes,Tanner Bibee,0.4463607500897789,0.3992094861660079,0.427797833935018,0.02858834776901,0.437620531078475,0.0087402190113038,130.0,-130.0,False,,True,,eligible_no_edge,True,True,True,True,9.0,9.0,0.0070069315248454,0.0249413399173021,betrivers,BetRivers,fanduel,FanDuel,best_available_across_quoted_books,all_quoted_books,bc93cc6a5c4779c620007a3657cc78ad,2026-08-22T22:10:00+00:00,model_production_20260822T054104658649Z,production,raw_lgbm,f7b699332e6fe1aa81b7c144be562e412d6492878fc2541c2efa712149f9d409,features_20260822T131031592962Z,fb401dc56db0b73ca3235900fdffcc70a8c1b61001694bce7e97652fabffe60b,features_20260822T054058128142Z,paper
predict_20260822T221000812081Z_824560,predict_20260822T221000812081Z,2026-08-22T22:10:00+00:00,2026-08-22 00:00:00,824560,2026-08-22T23:10:00Z,CWS,NYM,Luis Castillo,Christian Scott,0.4856063088503927,0.4805194805194805,0.4948905109489051,0.0143710304294246,0.5121724504249292,-0.0265661415745364,-105.0,103.0,False,,True,,eligible_no_edge,True,True,True,True,9.0,9.0,0.0068549018780696,0.0226781857451404,lowvig,LowVig.ag,draftkings,DraftKings,best_available_across_quoted_books,all_quoted_books,cbde6bd02f030c8e94c35c62ed4a4044,2026-08-22T22:10:00+00:00,model_production_20260822T054104658649Z,production,raw_lgbm,f7b699332e6fe1aa81b7c144be562e412d6492878fc2541c2efa712149f9d409,features_20260822T131031592962Z,fb401dc56db0b73ca3235900fdffcc70a8c1b61001694bce7e97652fabffe60b,features_20260822T054058128142Z,paper
predict_20260822T221000812081Z_824151,predict_20260822T221000812081Z,2026-08-22T22:10:00+00:00,2026-08-22 00:00:00,824151,2026-08-22T23:10:00Z,HOU,OAK,Hunter Brown,Jacob Lopez,0.6460767327482123,0.6982758620689655,0.6186440677966102,0.0796317942723553,0.6878866788557076,-0.0418099461074953,-225.0,217.0,False,,True,,eligible_no_edge,True,True,True,True,9.0,9.0,0.0053487628400192,0.0138551263489342,fanduel,FanDuel,draftkings,DraftKings,best_available_across_quoted_books,all_quoted_books,a397d1e33cd40684b963ed76d3e727ef,2026-08-22T22:10:00+00:00,model_production_20260822T054104658649Z,production,raw_lgbm,f7b699332e6fe1aa81b7c144be562e412d6492878fc2541c2efa712149f9d409,features_20260822T131031592962Z,fb401dc56db0b73ca3235900fdffcc70a8c1b61001694bce7e97652fabffe60b,features_20260822T054058128142Z,paper
predict_20260822T221000812081Z_824073,predict_20260822T221000812081Z,2026-08-22T22:10:00+00:00,2026-08-22 00:00:00,824073,2026-08-22T23:15:00Z,KC,DET,Michael Wacha,Drew Anderson,0.5035333232161783,0.5102040816326532,0.5304990757855821,0.0202949941529289,0.5,0.0035333232161782,-104.0,-104.0,False,,True,,eligible_no_edge,True,True,True,True,9.0,9.0,0.0017308035093005,0.0045805284763542,fanduel,FanDuel,fanduel,FanDuel,best_available_across_quoted_books,all_quoted_books,49cc06c81f0e3b50d6dfa054a1883b24,2026-08-22T22:10:00+00:00,model_production_20260822T054104658649Z,production,raw_lgbm,f7b699332e6fe1aa81b7c144be562e412d6492878fc2541c2efa712149f9d409,features_20260822T131031592962Z,fb401dc56db0b73ca3235900fdffcc70a8c1b61001694bce7e97652fabffe60b,features_20260822T054058128142Z,paper
predict_20260822T221000812081Z_823910,predict_20260822T221000812081Z,2026-08-22T22:10:00+00:00,2026-08-22 00:00:00,823910,2026-08-22T23:15:00Z,LAD,PIT,Tarik Skubal,Jared Jones,0.6989931307631314,0.6982758620689655,0.7368421052631579,0.0385662431941923,0.7021276595744681,-0.0031345288113366,-250.0,238.0,False,,True,,eligible_no_edge,True,True,True,True,9.0,9.0,0.0034751899475797,0.0125121019599988,fanduel,FanDuel,draftkings,DraftKings,best_available_across_quoted_books,all_quoted_books,5099914e07241203eb3dca62ddc5318c,2026-08-22T22:10:00+00:00,model_production_20260822T054104658649Z,production,raw_lgbm,f7b699332e6fe1aa81b7c144be562e412d6492878fc2541c2efa712149f9d409,features_20260822T131031592962Z,fb401dc56db0b73ca3235900fdffcc70a8c1b61001694bce7e97652fabffe60b,features_20260822T054058128142Z,paper
predict_20260822T221000812081Z_823831,predict_20260822T221000812081Z,2026-08-22T22:10:00+00:00,2026-08-22 00:00:00,823831,2026-08-22T20:10:00Z,MIA,WSH,Eury Perez,Jake Irvin,0.5964397564449372,0.5904159132007233,0.5798969072164947,0.0105190059842286,0.900473933649289,-0.3040341772043518,-1300.0,1000.0,False,,True,,eligible_no_edge,True,True,True,True,5.0,5.0,0.0079994451645526,0.0217055707354486,fanduel,FanDuel,fanduel,FanDuel,best_available_across_quoted_books,all_quoted_books,da4b9485dac20060b228d56c1eba64b2,2026-08-22T22:10:00+00:00,model_production_20260822T054104658649Z,production,raw_lgbm,f7b699332e6fe1aa81b7c144be562e412d6492878fc2541c2efa712149f9d409,features_20260822T131031592962Z,fb401dc56db0b73ca3235900fdffcc70a8c1b61001694bce7e97652fabffe60b,features_20260822T054058128142Z,paper
predict_20260822T221000812081Z_823743,predict_20260822T221000812081Z,2026-08-22T22:10:00+00:00,2026-08-22 00:00:00,823743,2026-08-22T18:10:00Z,MIL,ATL,Logan Henderson,Martin Perez,0.5223125210784345,0.5102040816326532,0.5307557117750439,0.0205516301423906,,,,,False,,False,market_missing_or_thin,ineligible,True,True,True,False,,,,,,,,,,,,2026-08-22T22:10:00+00:00,model_production_20260822T054104658649Z,production,raw_lgbm,f7b699332e6fe1aa81b7c144be562e412d6492878fc2541c2efa712149f9d409,features_20260822T131031592962Z,fb401dc56db0b73ca3235900fdffcc70a8c1b61001694bce7e97652fabffe60b,features_20260822T054058128142Z,paper
predict_20260822T221000812081Z_823509,predict_20260822T221000812081Z,2026-08-22T22:10:00+00:00,2026-08-22 00:00:00,823509,2026-08-22T17:35:00Z,NYY,TOR,Ryan Weathers,Dylan Cease,0.5360635677953585,0.5121951219512196,0.5307557117750439,0.0185605898238242,,,,,False,,False,market_missing_or_thin,ineligible,True,True,True,False,,,,,,,,,,,,2026-08-22T22:10:00+00:00,model_production_20260822T054104658649Z,production,raw_lgbm,f7b699332e6fe1aa81b7c144be562e412d6492878fc2541c2efa712149f9d409,features_20260822T131031592962Z,fb401dc56db0b73ca3235900fdffcc70a8c1b61001694bce7e97652fabffe60b,features_20260822T054058128142Z,paper
predict_20260822T221000812081Z_823422,predict_20260822T221000812081Z,2026-08-22T22:10:00+00:00,2026-08-22 00:00:00,823422,2026-08-22T22:05:00Z,PHI,STL,Andrew Painter,Quinn Mathews,0.5463263074429591,0.5142857142857142,0.5407098121085596,0.0264240978228453,0.6076794657762938,-0.0613531583333347,-153.0,170.0,True,AWAY,True,,bet_candidate,True,True,True,True,9.0,9.0,0.0197150366053422,0.0518752718320263,betus,BetUS,fanduel,FanDuel,best_available_across_quoted_books,all_quoted_books,981879bf214542d1037319de2491b463,2026-08-22T22:10:00+00:00,model_production_20260822T054104658649Z,production,raw_lgbm,f7b699332e6fe1aa81b7c144be562e412d6492878fc2541c2efa712149f9d409,features_20260822T131031592962Z,fb401dc56db0b73ca3235900fdffcc70a8c1b61001694bce7e97652fabffe60b,features_20260822T054058128142Z,paper
predict_20260822T221000812081Z_823261,predict_20260822T221000812081Z,2026-08-22T22:10:00+00:00,2026-08-22 00:00:00,823261,2026-08-23T00:40:00Z,SD,MIN,Casey Mize,Dean Kremer,0.576773342760114,0.5904159132007233,0.5798969072164947,0.0105190059842286,0.562379468921525,0.014393873838589,-134.0,130.0,False,,True,,eligible_no_edge,True,True,True,True,9.0,9.0,0.0037880617735283,0.0150305729383993,fanduel,FanDuel,draftkings,DraftKings,best_available_across_quoted_books,all_quoted_books,458febdbf016dd7687ef2e5fe5edce26,2026-08-22T22:10:00+00:00,model_production_20260822T054104658649Z,production,raw_lgbm,f7b699332e6fe1aa81b7c144be562e412d6492878fc2541c2efa712149f9d409,features_20260822T131031592962Z,fb401dc56db0b73ca3235900fdffcc70a8c1b61001694bce7e97652fabffe60b,features_20260822T054058128142Z,paper
predict_20260822T221000812081Z_823100,predict_20260822T221000812081Z,2026-08-22T22:10:00+00:00,2026-08-22 00:00:00,823100,2026-08-22T23:15:00Z,SEA,CHC,Kade Anderson,David Peterson,0.4714272705990603,0.4875621890547263,0.4948905109489051,0.0073283218941787,0.5173641257162701,-0.0459368551172097,-110.0,104.0,False,,True,,eligible_no_edge,True,True,True,True,9.0,9.0,0.0031187270339206,0.0075655487799696,fanduel,FanDuel,draftkings,DraftKings,best_available_across_quoted_books,all_quoted_books,41ad7c33eb3de5730091e2b719e433d2,2026-08-22T22:10:00+00:00,model_production_20260822T054104658649Z,production,raw_lgbm,f7b699332e6fe1aa81b7c144be562e412d6492878fc2541c2efa712149f9d409,features_20260822T131031592962Z,fb401dc56db0b73ca3235900fdffcc70a8c1b61001694bce7e97652fabffe60b,features_20260822T054058128142Z,paper
predict_20260822T221000812081Z_822858,predict_20260822T221000812081Z,2026-08-22T22:10:00+00:00,2026-08-22 00:00:00,822858,2026-08-22T23:05:00Z,TEX,LAA,Cody Bradford,Ryan Johnson,0.5376207345375014,0.5142857142857142,0.5307557117750439,0.0164699974893296,0.6087006560018414,-0.07107992146434,-163.0,156.0,True,AWAY,True,,bet_candidate,True,True,True,True,9.0,9.0,0.003892764844867,0.0112161215820451,lowvig,LowVig.ag,fanduel,FanDuel,best_available_across_quoted_books,all_quoted_books,ba9273aecfb41580e1f1da93be63376c,2026-08-22T22:10:00+00:00,model_production_20260822T054104658649Z,production,raw_lgbm,f7b699332e6fe1aa81b7c144be562e412d6492878fc2541c2efa712149f9d409,features_20260822T131031592962Z,fb401dc56db0b73ca3235900fdffcc70a8c1b61001694bce7e97652fabffe60b,features_20260822T054058128142Z,paper
predict_20260822T224000582468Z_825044,predict_20260822T224000582468Z,2026-08-22T22:40:00+00:00,2026-08-22 00:00:00,825044,2026-08-23T00:10:00Z,ARI,CIN,Michael Soroka,Rhett Lowder,0.5984561939530187,0.6982758620689655,0.6071428571428571,0.0911330049261084,0.635427289414644,-0.0369710954616252,-184.0,171.0,False,,True,,eligible_no_edge,True,True,True,True,9.0,9.0,0.004608139715422,0.0172922622890344,draftkings,DraftKings,draftkings,DraftKings,best_available_across_quoted_books,all_quoted_books,d159265b7c107d36584b234b2b334e03,2026-08-22T22:40:00+00:00,model_production_20260822T054104658649Z,production,raw_lgbm,f7b699332e6fe1aa81b7c144be562e412d6492878fc2541c2efa712149f9d409,features_20260822T131031592962Z,fb401dc56db0b73ca3235900fdffcc70a8c1b61001694bce7e97652fabffe60b,features_20260822T054058128142Z,paper
predict_20260822T224000582468Z_824798,predict_20260822T224000582468Z,2026-08-22T22:40:00+00:00,2026-08-22 00:00:00,824798,2026-08-22T23:05:00Z,BAL,TB,Brandon Young,Shane McClanahan,0.4668731096339149,0.4875621890547263,0.4948905109489051,0.0073283218941787,0.4554326610279765,0.0114404486059383,116.0,-124.0,False,,True,,eligible_no_edge,True,True,True,True,9.0,9.0,0.0035110739841128,0.0113839272815528,fanduel,FanDuel,draftkings,DraftKings,best_available_across_quoted_books,all_quoted_books,a724c4baba286e2f8b35bb652ee597a1,2026-08-22T22:40:00+00:00,model_production_20260822T054104658649Z,production,raw_lgbm,f7b699332e6fe1aa81b7c144be562e412d6492878fc2541c2efa712149f9d409,features_20260822T131031592962Z,fb401dc56db0b73ca3235900fdffcc70a8c1b61001694bce7e97652fabffe60b,features_20260822T054058128142Z,paper
predict_20260822T224000582468Z_824718,predict_20260822T224000582468Z,2026-08-22T22:40:00+00:00,2026-08-22 00:00:00,824718,2026-08-22T23:15:00Z,BOS,SF,Patrick Sandoval,Blade Tidwell,0.5973185677590941,0.5904159132007233,0.6071428571428571,0.0167269439421338,0.6513887301405874,-0.0540701623814933,-200.0,189.0,False,,True,,eligible_no_edge,True,True,True,True,9.0,9.0,0.0048169826306889,0.0169306721748638,betonlineag,BetOnline.ag,draftkings,DraftKings,best_available_across_quoted_books,all_quoted_books,9c20ecc53352a8369b35a68e8479750d,2026-08-22T22:40:00+00:00,model_production_20260822T054104658649Z,production,raw_lgbm,f7b699332e6fe1aa81b7c144be562e412d6492878fc2541c2efa712149f9d409,features_20260822T131031592962Z,fb401dc56db0b73ca3235900fdffcc70a8c1b61001694bce7e97652fabffe60b,features_20260822T054058128142Z,paper
predict_20260822T224000582468Z_824316,predict_20260822T224000582468Z,2026-08-22T22:40:00+00:00,2026-08-22 00:00:00,824316,2026-08-23T00:10:00Z,COL,CLE,Gabriel Hughes,Tanner Bibee,0.4463607500897789,0.3992094861660079,0.427797833935018,0.02858834776901,0.4435017354415735,0.0028590146482053,130.0,-130.0,False,,True,,eligible_no_edge,True,True,True,True,9.0,9.0,0.0083977732253359,0.0265117819990535,betrivers,BetRivers,fanduel,FanDuel,best_available_across_quoted_books,all_quoted_books,bc93cc6a5c4779c620007a3657cc78ad,2026-08-22T22:40:00+00:00,model_production_20260822T054104658649Z,production,raw_lgbm,f7b699332e6fe1aa81b7c144be562e412d6492878fc2541c2efa712149f9d409,features_20260822T131031592962Z,fb401dc56db0b73ca3235900fdffcc70a8c1b61001694bce7e97652fabffe60b,features_20260822T054058128142Z,paper
predict_20260822T224000582468Z_824560,predict_20260822T224000582468Z,2026-08-22T22:40:00+00:00,2026-08-22 00:00:00,824560,2026-08-22T23:10:00Z,CWS,NYM,Luis Castillo,Christian Scott,0.4856063088503927,0.4805194805194805,0.4948905109489051,0.0143710304294246,0.5116279069767442,-0.0260215981263514,-103.0,102.0,False,,True,,eligible_no_edge,True,True,True,True,9.0,9.0,0.0071071784931991,0.0208076309504773,betonlineag,BetOnline.ag,fanduel,FanDuel,best_available_across_quoted_books,all_quoted_books,cbde6bd02f030c8e94c35c62ed4a4044,2026-08-22T22:40:00+00:00,model_production_20260822T054104658649Z,production,raw_lgbm,f7b699332e6fe1aa81b7c144be562e412d6492878fc2541c2efa712149f9d409,features_20260822T131031592962Z,fb401dc56db0b73ca3235900fdffcc70a8c1b61001694bce7e97652fabffe60b,features_20260822T054058128142Z,paper
predict_20260822T224000582468Z_824151,predict_20260822T224000582468Z,2026-08-22T22:40:00+00:00,2026-08-22 00:00:00,824151,2026-08-22T23:10:00Z,HOU,OAK,Hunter Brown,Jacob Lopez,0.6460767327482123,0.6982758620689655,0.6186440677966102,0.0796317942723553,0.6878866788557076,-0.0418099461074953,-235.0,217.0,False,,True,,eligible_no_edge,True,True,True,True,9.0,9.0,0.0048583122867493,0.0138551263489342,fanduel,FanDuel,draftkings,DraftKings,best_available_across_quoted_books,all_quoted_books,a397d1e33cd40684b963ed76d3e727ef,2026-08-22T22:40:00+00:00,model_production_20260822T054104658649Z,production,raw_lgbm,f7b699332e6fe1aa81b7c144be562e412d6492878fc2541c2efa712149f9d409,features_20260822T131031592962Z,fb401dc56db0b73ca3235900fdffcc70a8c1b61001694bce7e97652fabffe60b,features_20260822T054058128142Z,paper
predict_20260822T224000582468Z_824073,predict_20260822T224000582468Z,2026-08-22T22:40:00+00:00,2026-08-22 00:00:00,824073,2026-08-22T23:15:00Z,KC,DET,Michael Wacha,Drew Anderson,0.5035333232161783,0.5102040816326532,0.5304990757855821,0.0202949941529289,0.5,0.0035333232161782,-104.0,-104.0,False,,True,,eligible_no_edge,True,True,True,True,9.0,9.0,0.0015297621552008,0.0045805284763542,fanduel,FanDuel,fanduel,FanDuel,best_available_across_quoted_books,all_quoted_books,49cc06c81f0e3b50d6dfa054a1883b24,2026-08-22T22:40:00+00:00,model_production_20260822T054104658649Z,production,raw_lgbm,f7b699332e6fe1aa81b7c144be562e412d6492878fc2541c2efa712149f9d409,features_20260822T131031592962Z,fb401dc56db0b73ca3235900fdffcc70a8c1b61001694bce7e97652fabffe60b,features_20260822T054058128142Z,paper
predict_20260822T224000582468Z_823910,predict_20260822T224000582468Z,2026-08-22T22:40:00+00:00,2026-08-22 00:00:00,823910,2026-08-22T23:15:00Z,LAD,PIT,Tarik Skubal,Jared Jones,0.6989931307631314,0.6982758620689655,0.7368421052631579,0.0385662431941923,0.7023445463812437,-0.0033514156181122,-250.0,238.0,False,,True,,eligible_no_edge,True,True,True,True,9.0,9.0,0.0035099645513328,0.0125121019599988,fanduel,FanDuel,draftkings,DraftKings,best_available_across_quoted_books,all_quoted_books,5099914e07241203eb3dca62ddc5318c,2026-08-22T22:40:00+00:00,model_production_20260822T054104658649Z,production,raw_lgbm,f7b699332e6fe1aa81b7c144be562e412d6492878fc2541c2efa712149f9d409,features_20260822T131031592962Z,fb401dc56db0b73ca3235900fdffcc70a8c1b61001694bce7e97652fabffe60b,features_20260822T054058128142Z,paper
predict_20260822T224000582468Z_823831,predict_20260822T224000582468Z,2026-08-22T22:40:00+00:00,2026-08-22 00:00:00,823831,2026-08-22T20:10:00Z,MIA,WSH,Eury Perez,Jake Irvin,0.5964397564449372,0.5904159132007233,0.5798969072164947,0.0105190059842286,0.9495252373813096,-0.3530854809363722,-2500.0,2700.0,False,,True,,eligible_no_edge,True,True,True,True,5.0,5.0,0.0190852614844737,0.0568025334746243,mybookieag,MyBookie.ag,fanduel,FanDuel,best_available_across_quoted_books,all_quoted_books,da4b9485dac20060b228d56c1eba64b2,2026-08-22T22:40:00+00:00,model_production_20260822T054104658649Z,production,raw_lgbm,f7b699332e6fe1aa81b7c144be562e412d6492878fc2541c2efa712149f9d409,features_20260822T131031592962Z,fb401dc56db0b73ca3235900fdffcc70a8c1b61001694bce7e97652fabffe60b,features_20260822T054058128142Z,paper
predict_20260822T224000582468Z_823743,predict_20260822T224000582468Z,2026-08-22T22:40:00+00:00,2026-08-22 00:00:00,823743,2026-08-22T18:10:00Z,MIL,ATL,Logan Henderson,Martin Perez,0.5223125210784345,0.5102040816326532,0.5307557117750439,0.0205516301423906,,,,,False,,False,market_missing_or_thin,ineligible,True,True,True,False,,,,,,,,,,,,2026-08-22T22:40:00+00:00,model_production_20260822T054104658649Z,production,raw_lgbm,f7b699332e6fe1aa81b7c144be562e412d6492878fc2541c2efa712149f9d409,features_20260822T131031592962Z,fb401dc56db0b73ca3235900fdffcc70a8c1b61001694bce7e97652fabffe60b,features_20260822T054058128142Z,paper
predict_20260822T224000582468Z_823509,predict_20260822T224000582468Z,2026-08-22T22:40:00+00:00,2026-08-22 00:00:00,823509,2026-08-22T17:35:00Z,NYY,TOR,Ryan Weathers,Dylan Cease,0.5360635677953585,0.5121951219512196,0.5307557117750439,0.0185605898238242,,,,,False,,False,market_missing_or_thin,ineligible,True,True,True,False,,,,,,,,,,,,2026-08-22T22:40:00+00:00,model_production_20260822T054104658649Z,production,raw_lgbm,f7b699332e6fe1aa81b7c144be562e412d6492878fc2541c2efa712149f9d409,features_20260822T131031592962Z,fb401dc56db0b73ca3235900fdffcc70a8c1b61001694bce7e97652fabffe60b,features_20260822T054058128142Z,paper
predict_20260822T224000582468Z_823422,predict_20260822T224000582468Z,2026-08-22T22:40:00+00:00,2026-08-22 00:00:00,823422,2026-08-22T22:05:00Z,PHI,STL,Andrew Painter,Quinn Mathews,0.5463263074429591,0.5142857142857142,0.5407098121085596,0.0264240978228453,0.8663157366925511,-0.319989429249592,-850.0,650.0,False,,True,,eligible_no_edge,True,True,True,True,6.0,6.0,0.0058288978775421,0.0176468670990692,fanduel,FanDuel,fanduel,FanDuel,best_available_across_quoted_books,all_quoted_books,981879bf214542d1037319de2491b463,2026-08-22T22:40:00+00:00,model_production_20260822T054104658649Z,production,raw_lgbm,f7b699332e6fe1aa81b7c144be562e412d6492878fc2541c2efa712149f9d409,features_20260822T131031592962Z,fb401dc56db0b73ca3235900fdffcc70a8c1b61001694bce7e97652fabffe60b,features_20260822T054058128142Z,paper
predict_20260822T224000582468Z_823261,predict_20260822T224000582468Z,2026-08-22T22:40:00+00:00,2026-08-22 00:00:00,823261,2026-08-23T00:40:00Z,SD,MIN,Casey Mize,Dean Kremer,0.576773342760114,0.5904159132007233,0.5798969072164947,0.0105190059842286,0.562379468921525,0.014393873838589,-136.0,130.0,False,,True,,eligible_no_edge,True,True,True,True,9.0,9.0,0.0041815894842679,0.0150305729383993,lowvig,LowVig.ag,draftkings,DraftKings,best_available_across_quoted_books,all_quoted_books,458febdbf016dd7687ef2e5fe5edce26,2026-08-22T22:40:00+00:00,model_production_20260822T054104658649Z,production,raw_lgbm,f7b699332e6fe1aa81b7c144be562e412d6492878fc2541c2efa712149f9d409,features_20260822T131031592962Z,fb401dc56db0b73ca3235900fdffcc70a8c1b61001694bce7e97652fabffe60b,features_20260822T054058128142Z,paper
predict_20260822T224000582468Z_823100,predict_20260822T224000582468Z,2026-08-22T22:40:00+00:00,2026-08-22 00:00:00,823100,2026-08-22T23:15:00Z,SEA,CHC,Kade Anderson,David Peterson,0.4714272705990603,0.4875621890547263,0.4948905109489051,0.0073283218941787,0.5185243789416578,-0.0470971083425975,-110.0,106.0,False,,True,,eligible_no_edge,True,True,True,True,9.0,9.0,0.0049354968369369,0.0159605792842769,betrivers,BetRivers,fanduel,FanDuel,best_available_across_quoted_books,all_quoted_books,41ad7c33eb3de5730091e2b719e433d2,2026-08-22T22:40:00+00:00,model_production_20260822T054104658649Z,production,raw_lgbm,f7b699332e6fe1aa81b7c144be562e412d6492878fc2541c2efa712149f9d409,features_20260822T131031592962Z,fb401dc56db0b73ca3235900fdffcc70a8c1b61001694bce7e97652fabffe60b,features_20260822T054058128142Z,paper
predict_20260822T224000582468Z_822858,predict_20260822T224000582468Z,2026-08-22T22:40:00+00:00,2026-08-22 00:00:00,822858,2026-08-22T23:05:00Z,TEX,LAA,Cody Bradford,Ryan Johnson,0.5376207345375014,0.5142857142857142,0.5307557117750439,0.0164699974893296,0.6080216101943743,-0.0704008756568729,-161.0,153.0,True,AWAY,True,,bet_candidate,True,True,True,True,9.0,9.0,0.0039026446921485,0.0114585481164167,betus,BetUS,draftkings,DraftKings,best_available_across_quoted_books,all_quoted_books,ba9273aecfb41580e1f1da93be63376c,2026-08-22T22:40:00+00:00,model_production_20260822T054104658649Z,production,raw_lgbm,f7b699332e6fe1aa81b7c144be562e412d6492878fc2541c2efa712149f9d409,features_20260822T131031592962Z,fb401dc56db0b73ca3235900fdffcc70a8c1b61001694bce7e97652fabffe60b,features_20260822T054058128142Z,paper
predict_20260823T130931673012Z_825043,predict_20260823T130931673012Z,2026-08-23T13:09:31+00:00,2026-08-23 00:00:00,825043,2026-08-23T20:15:00Z,ARI,CIN,Mitch Bratt,Andrew Abbott,0.5158320008255763,0.5365853658536586,0.5307557117750439,0.0058296540786146,0.5520062329567589,-0.0361742321311825,-129.0,120.0,False,,False,lineups_not_posted,ineligible,True,False,False,True,9.0,9.0,0.0024141579821955,0.0080447755911489,draftkings,DraftKings,fanduel,FanDuel,best_available_across_quoted_books,all_quoted_books,48805e1d6ad752f8943b4149bd983ec2,2026-08-23T13:09:31+00:00,model_production_20260822T054104658649Z,production,raw_lgbm,63e6fb180fed2fece8bb065958c060f85ff789d445f484759597a159582ec117,features_20260823T130930123748Z,fb401dc56db0b73ca3235900fdffcc70a8c1b61001694bce7e97652fabffe60b,features_20260822T054058128142Z,paper
predict_20260823T130931673012Z_824799,predict_20260823T130931673012Z,2026-08-23T13:09:31+00:00,2026-08-23 00:00:00,824799,2026-08-23T17:35:00Z,BAL,TB,Shane Baz,Nick Martinez,0.4931146488128373,0.5121951219512196,0.4996741630595008,0.0125209588917187,0.4930284439486894,8.620486414795403e-05,100.0,-106.0,False,,False,lineups_not_posted,ineligible,True,False,False,True,9.0,9.0,0.0036664027008718,0.0130291440002206,draftkings,DraftKings,fanduel,FanDuel,best_available_across_quoted_books,all_quoted_books,919b54b699710c4b1f18913861564941,2026-08-23T13:09:31+00:00,model_production_20260822T054104658649Z,production,raw_lgbm,63e6fb180fed2fece8bb065958c060f85ff789d445f484759597a159582ec117,features_20260823T130930123748Z,fb401dc56db0b73ca3235900fdffcc70a8c1b61001694bce7e97652fabffe60b,features_20260822T054058128142Z,paper
predict_20260823T130931673012Z_824720,predict_20260823T130931673012Z,2026-08-23T13:09:31+00:00,2026-08-23 00:00:00,824720,2026-08-23T19:15:00Z,BOS,SF,Jake Bennett,Matt Wilkinson,0.6057380114294428,0.5904159132007233,0.6186440677966102,0.0282281545958869,0.6612538982686311,-0.0555158868391882,-210.0,195.0,False,,False,lineups_not_posted,ineligible,True,False,False,True,9.0,9.0,0.0055254822335629,0.0161231355134933,fanduel,FanDuel,draftkings,DraftKings,best_available_across_quoted_books,all_quoted_books,6f52474e91dc8f86fc924dc34be66354,2026-08-23T13:09:31+00:00,model_production_20260822T054104658649Z,production,raw_lgbm,63e6fb180fed2fece8bb065958c060f85ff789d445f484759597a159582ec117,features_20260823T130930123748Z,fb401dc56db0b73ca3235900fdffcc70a8c1b61001694bce7e97652fabffe60b,features_20260822T054058128142Z,paper
predict_20260823T130931673012Z_824315,predict_20260823T130931673012Z,2026-08-23T13:09:31+00:00,2026-08-23 00:00:00,824315,2026-08-23T19:10:00Z,COL,CLE,Tomoyuki Sugano,Foster Griffin,0.4436650912222155,0.4468085106382978,0.427797833935018,0.0190106767032798,0.3936068702290076,0.0500582209932078,154.0,-155.0,False,,False,lineups_not_posted,ineligible,True,False,False,True,9.0,9.0,0.0068663324942096,0.0218212255316965,betus,BetUS,draftkings,DraftKings,best_available_across_quoted_books,all_quoted_books,8382b682e2f2b236e23d2867f1ad2174,2026-08-23T13:09:31+00:00,model_production_20260822T054104658649Z,production,raw_lgbm,63e6fb180fed2fece8bb065958c060f85ff789d445f484759597a159582ec117,features_20260823T130930123748Z,fb401dc56db0b73ca3235900fdffcc70a8c1b61001694bce7e97652fabffe60b,features_20260822T054058128142Z,paper
predict_20260823T130931673012Z_824558,predict_20260823T130931673012Z,2026-08-23T13:09:31+00:00,2026-08-23 00:00:00,824558,2026-08-23T18:10:00Z,CWS,NYM,Sean Newcomb,Nolan McLean,0.4599019545543422,0.4421768707482993,0.4942528735632184,0.052076002814919,0.4907015667859966,-0.0307996122316543,101.0,-108.0,False,,False,lineups_not_posted,ineligible,True,False,False,True,9.0,9.0,0.0019892833234962,0.00650448211638,draftkings,DraftKings,fanduel,FanDuel,best_available_across_quoted_books,all_quoted_books,4540181038b62ff0f7b86c43d390b7d1,2026-08-23T13:09:31+00:00,model_production_20260822T054104658649Z,production,raw_lgbm,63e6fb180fed2fece8bb065958c060f85ff789d445f484759597a159582ec117,features_20260823T130930123748Z,fb401dc56db0b73ca3235900fdffcc70a8c1b61001694bce7e97652fabffe60b,features_20260822T054058128142Z,paper
predict_20260823T130931673012Z_824150,predict_20260823T130931673012Z,2026-08-23T13:09:31+00:00,2026-08-23 00:00:00,824150,2026-08-23T18:10:00Z,HOU,OAK,Cristian Javier,Brady Basso,0.6329746792115948,0.5904159132007233,0.6186440677966102,0.0282281545958869,0.6247068021892103,0.0082678770223845,-176.0,166.0,False,,False,lineups_not_posted,ineligible,True,False,False,True,9.0,9.0,0.0045644885675517,0.0161935634581412,draftkings,DraftKings,fanduel,FanDuel,best_available_across_quoted_books,all_quoted_books,4731bd370d2e9b625c4bc720b6dbddba,2026-08-23T13:09:31+00:00,model_production_20260822T054104658649Z,production,raw_lgbm,63e6fb180fed2fece8bb065958c060f85ff789d445f484759597a159582ec117,features_20260823T130930123748Z,fb401dc56db0b73ca3235900fdffcc70a8c1b61001694bce7e97652fabffe60b,features_20260822T054058128142Z,paper
predict_20260823T130931673012Z_824071,predict_20260823T130931673012Z,2026-08-23T13:09:31+00:00,2026-08-23 00:00:00,824071,2026-08-23T18:10:00Z,KC,DET,Daniel Lynch IV,,0.4867671694359508,0.4805194805194805,0.4948905109489051,0.0143710304294246,0.4837531945965681,0.0030139748393826,104.0,-108.0,False,,False,probable_starter_missing;lineups_not_posted,ineligible,False,False,False,True,9.0,9.0,0.0055471416801308,0.0187068652379222,draftkings,DraftKings,betrivers,BetRivers,best_available_across_quoted_books,all_quoted_books,15cfe72fafc6b5bc917827c3d0fb3a3e,2026-08-23T13:09:31+00:00,model_production_20260822T054104658649Z,production,raw_lgbm,63e6fb180fed2fece8bb065958c060f85ff789d445f484759597a159582ec117,features_20260823T130930123748Z,fb401dc56db0b73ca3235900fdffcc70a8c1b61001694bce7e97652fabffe60b,features_20260822T054058128142Z,paper
predict_20260823T130931673012Z_823909,predict_20260823T130931673012Z,2026-08-23T13:09:31+00:00,2026-08-23 00:00:00,823909,2026-08-23T20:10:00Z,LAD,PIT,Blake Snell,Lake Bachar,0.7220656696453552,0.68,0.7368421052631579,0.0568421052631578,0.7153024911032029,0.0067631785421523,-265.0,255.0,False,,False,lineups_not_posted,ineligible,True,False,False,True,9.0,9.0,0.0077878619378466,0.0302399584693727,mybookieag,MyBookie.ag,betrivers,BetRivers,best_available_across_quoted_books,all_quoted_books,a0767b1624cd67e6552807bd00d4b2ee,2026-08-23T13:09:31+00:00,model_production_20260822T054104658649Z,production,raw_lgbm,63e6fb180fed2fece8bb065958c060f85ff789d445f484759597a159582ec117,features_20260823T130930123748Z,fb401dc56db0b73ca3235900fdffcc70a8c1b61001694bce7e97652fabffe60b,features_20260822T054058128142Z,paper
predict_20260823T130931673012Z_823827,predict_20260823T130931673012Z,2026-08-23T13:09:31+00:00,2026-08-23 00:00:00,823827,2026-08-23T17:40:00Z,MIA,WSH,Janson Junk,Jackson Kent,0.6011206246237343,0.5904159132007233,0.6186440677966102,0.0282281545958869,0.5945093089302619,0.0066113156934723,-154.0,143.0,False,,False,lineups_not_posted,ineligible,True,False,False,True,9.0,9.0,0.0020222590972409,0.0070842299294985,fanduel,FanDuel,draftkings,DraftKings,best_available_across_quoted_books,all_quoted_books,7ef0cb74e5060370ebecf7de3a8a3ee2,2026-08-23T13:09:31+00:00,model_production_20260822T054104658649Z,production,raw_lgbm,63e6fb180fed2fece8bb065958c060f85ff789d445f484759597a159582ec117,features_20260823T130930123748Z,fb401dc56db0b73ca3235900fdffcc70a8c1b61001694bce7e97652fabffe60b,features_20260822T054058128142Z,paper
predict_20260823T130931673012Z_823745,predict_20260823T130931673012Z,2026-08-23T13:09:31+00:00,2026-08-23 00:00:00,823745,2026-08-23T23:10:00Z,MIL,ATL,Shane Drohan,Tyler Mahle,0.5437445303092457,0.5142857142857142,0.5407098121085596,0.0264240978228453,0.5369404697342622,0.0068040605749835,-120.0,112.0,False,,False,lineups_not_posted,ineligible,True,False,False,True,9.0,9.0,0.0016700197084254,0.0053612809537558,fanduel,FanDuel,draftkings,DraftKings,best_available_across_quoted_books,all_quoted_books,bda345f597a8317d5812e066bfdd364a,2026-08-23T13:09:31+00:00,model_production_20260822T054104658649Z,production,raw_lgbm,63e6fb180fed2fece8bb065958c060f85ff789d445f484759597a159582ec117,features_20260823T130930123748Z,fb401dc56db0b73ca3235900fdffcc70a8c1b61001694bce7e97652fabffe60b,features_20260822T054058128142Z,paper
predict_20260823T130931673012Z_823507,predict_20260823T130931673012Z,2026-08-23T13:09:31+00:00,2026-08-23 00:00:00,823507,2026-08-23T17:35:00Z,NYY,TOR,Carlos Rodon,Jose Soriano,0.5655132013057456,0.5904159132007233,0.5753424657534246,0.0150734474472986,0.560523724424669,0.0049894768810765,-133.0,125.0,False,,False,lineups_not_posted,ineligible,True,False,False,True,9.0,9.0,0.0030230886257369,0.0099890301453117,betonlineag,BetOnline.ag,draftkings,DraftKings,best_available_across_quoted_books,all_quoted_books,d9bbd7d0eafee71f6c247c16a8110194,2026-08-23T13:09:31+00:00,model_production_20260822T054104658649Z,production,raw_lgbm,63e6fb180fed2fece8bb065958c060f85ff789d445f484759597a159582ec117,features_20260823T130930123748Z,fb401dc56db0b73ca3235900fdffcc70a8c1b61001694bce7e97652fabffe60b,features_20260822T054058128142Z,paper
predict_20260823T130931673012Z_823421,predict_20260823T130931673012Z,2026-08-23T13:09:31+00:00,2026-08-23 00:00:00,823421,2026-08-23T17:35:00Z,PHI,STL,Cristopher Sanchez,Kyle Leahy,0.6572963116814832,0.6982758620689655,0.6610169491525424,0.0372589129164231,0.665732154410179,-0.0084358427286957,-205.0,201.0,False,,False,lineups_not_posted,ineligible,True,False,False,True,9.0,9.0,0.0074300534657332,0.0243322778927048,betrivers,BetRivers,draftkings,DraftKings,best_available_across_quoted_books,all_quoted_books,e8147bd69a2caf63f87fb43a5fe6e09a,2026-08-23T13:09:31+00:00,model_production_20260822T054104658649Z,production,raw_lgbm,63e6fb180fed2fece8bb065958c060f85ff789d445f484759597a159582ec117,features_20260823T130930123748Z,fb401dc56db0b73ca3235900fdffcc70a8c1b61001694bce7e97652fabffe60b,features_20260822T054058128142Z,paper
predict_20260823T130931673012Z_823258,predict_20260823T130931673012Z,2026-08-23T13:09:31+00:00,2026-08-23 00:00:00,823258,2026-08-23T20:10:00Z,SD,MIN,Walker Buehler,Bailey Ober,0.6028984233918673,0.5904159132007233,0.6186440677966102,0.0282281545958869,0.5656654888103652,0.0372329345815021,-134.0,126.0,False,,False,lineups_not_posted,ineligible,True,False,False,True,9.0,9.0,0.0044146137393307,0.0142793364641112,betrivers,BetRivers,fanduel,FanDuel,best_available_across_quoted_books,all_quoted_books,e51668b233a9e89462f303ece6fac37e,2026-08-23T13:09:31+00:00,model_production_20260822T054104658649Z,production,raw_lgbm,63e6fb180fed2fece8bb065958c060f85ff789d445f484759597a159582ec117,features_20260823T130930123748Z,fb401dc56db0b73ca3235900fdffcc70a8c1b61001694bce7e97652fabffe60b,features_20260822T054058128142Z,paper
predict_20260823T130931673012Z_823099,predict_20260823T130931673012Z,2026-08-23T13:09:31+00:00,2026-08-23 00:00:00,823099,2026-08-23T20:10:00Z,SEA,CHC,Bryce Miller,Shota Imanaga,0.4915761349437555,0.5102040816326532,0.4948905109489051,0.015313570683748,0.4952856873467848,-0.0037095524030293,-101.0,-106.0,False,,False,lineups_not_posted,ineligible,True,False,False,True,9.0,9.0,0.0033291812006636,0.0130072840790843,draftkings,DraftKings,fanduel,FanDuel,best_available_across_quoted_books,all_quoted_books,e6f26058dfb5f8b200172c931504958b,2026-08-23T13:09:31+00:00,model_production_20260822T054104658649Z,production,raw_lgbm,63e6fb180fed2fece8bb065958c060f85ff789d445f484759597a159582ec117,features_20260823T130930123748Z,fb401dc56db0b73ca3235900fdffcc70a8c1b61001694bce7e97652fabffe60b,features_20260822T054058128142Z,paper
predict_20260823T130931673012Z_822856,predict_20260823T130931673012Z,2026-08-23T13:09:31+00:00,2026-08-23 00:00:00,822856,2026-08-23T18:35:00Z,TEX,LAA,Cal Quantrill,Yusei Kikuchi,0.5343527854598813,0.5121951219512196,0.5307557117750439,0.0185605898238242,0.5940252776713902,-0.0596724922115089,-154.0,143.0,False,,False,lineups_not_posted,ineligible,True,False,False,True,9.0,9.0,0.0017046052371929,0.0059167705610748,fanduel,FanDuel,draftkings,DraftKings,best_available_across_quoted_books,all_quoted_books,b6073dfd7753c58a0019a50ee954f355,2026-08-23T13:09:31+00:00,model_production_20260822T054104658649Z,production,raw_lgbm,63e6fb180fed2fece8bb065958c060f85ff789d445f484759597a159582ec117,features_20260823T130930123748Z,fb401dc56db0b73ca3235900fdffcc70a8c1b61001694bce7e97652fabffe60b,features_20260822T054058128142Z,paper
predict_20260823T153502306391Z_825043,predict_20260823T153502306391Z,2026-08-23T15:35:02+00:00,2026-08-23 00:00:00,825043,2026-08-23T20:15:00Z,ARI,CIN,Mitch Bratt,Andrew Abbott,0.5158320008255763,0.5365853658536586,0.5307557117750439,0.0058296540786146,0.5539593349939177,-0.0381273341683413,-128.0,120.0,False,,False,lineups_not_posted,ineligible,True,False,False,True,9.0,9.0,0.0025116388178742,0.0076738313079641,betus,BetUS,fanduel,FanDuel,best_available_across_quoted_books,all_quoted_books,48805e1d6ad752f8943b4149bd983ec2,2026-08-23T15:35:02+00:00,model_production_20260822T054104658649Z,production,raw_lgbm,63e6fb180fed2fece8bb065958c060f85ff789d445f484759597a159582ec117,features_20260823T130930123748Z,fb401dc56db0b73ca3235900fdffcc70a8c1b61001694bce7e97652fabffe60b,features_20260822T054058128142Z,paper
predict_20260823T153502306391Z_824799,predict_20260823T153502306391Z,2026-08-23T15:35:02+00:00,2026-08-23 00:00:00,824799,2026-08-23T17:35:00Z,BAL,TB,Shane Baz,Nick Martinez,0.4819388108519885,0.5102040816326532,0.4948905109489051,0.015313570683748,0.5187068652379223,-0.0367680543859338,-108.0,105.0,False,,True,,eligible_no_edge,True,True,True,True,9.0,9.0,0.00552864256862,0.0153846045920984,fanduel,FanDuel,betus,BetUS,best_available_across_quoted_books,all_quoted_books,919b54b699710c4b1f18913861564941,2026-08-23T15:35:02+00:00,model_production_20260822T054104658649Z,production,raw_lgbm,63e6fb180fed2fece8bb065958c060f85ff789d445f484759597a159582ec117,features_20260823T130930123748Z,fb401dc56db0b73ca3235900fdffcc70a8c1b61001694bce7e97652fabffe60b,features_20260822T054058128142Z,paper
predict_20260823T153502306391Z_824720,predict_20260823T153502306391Z,2026-08-23T15:35:02+00:00,2026-08-23 00:00:00,824720,2026-08-23T19:15:00Z,BOS,SF,Jake Bennett,Matt Wilkinson,0.6057380114294428,0.5904159132007233,0.6186440677966102,0.0282281545958869,0.6511627906976745,-0.0454247792682316,-200.0,189.0,False,,False,lineups_not_posted,ineligible,True,False,True,True,9.0,9.0,0.005634555162616,0.0174217090971222,betonlineag,BetOnline.ag,draftkings,DraftKings,best_available_across_quoted_books,all_quoted_books,6f52474e91dc8f86fc924dc34be66354,2026-08-23T15:35:02+00:00,model_production_20260822T054104658649Z,production,raw_lgbm,63e6fb180fed2fece8bb065958c060f85ff789d445f484759597a159582ec117,features_20260823T130930123748Z,fb401dc56db0b73ca3235900fdffcc70a8c1b61001694bce7e97652fabffe60b,features_20260822T054058128142Z,paper
predict_20260823T153502306391Z_824315,predict_20260823T153502306391Z,2026-08-23T15:35:02+00:00,2026-08-23 00:00:00,824315,2026-08-23T19:10:00Z,COL,CLE,Tomoyuki Sugano,Foster Griffin,0.4436650912222155,0.4468085106382978,0.427797833935018,0.0190106767032798,0.3949918020569385,0.048673289165277,152.0,-160.0,False,,False,lineups_not_posted,ineligible,True,False,False,True,9.0,9.0,0.0043568441094495,0.0137834300404592,draftkings,DraftKings,lowvig,LowVig.ag,best_available_across_quoted_books,all_quoted_books,8382b682e2f2b236e23d2867f1ad2174,2026-08-23T15:35:02+00:00,model_production_20260822T054104658649Z,production,raw_lgbm,63e6fb180fed2fece8bb065958c060f85ff789d445f484759597a159582ec117,features_20260823T130930123748Z,fb401dc56db0b73ca3235900fdffcc70a8c1b61001694bce7e97652fabffe60b,features_20260822T054058128142Z,paper
predict_20260823T153502306391Z_824558,predict_20260823T153502306391Z,2026-08-23T15:35:02+00:00,2026-08-23 00:00:00,824558,2026-08-23T18:10:00Z,CWS,NYM,Sean Newcomb,Nolan McLean,0.4728512383379705,0.4736842105263157,0.4948905109489051,0.0212063004225893,0.5,-0.0271487616620294,-104.0,-104.0,False,,True,,eligible_no_edge,True,True,True,True,9.0,9.0,0.0016006246736709,0.0065246618838406,fanduel,FanDuel,fanduel,FanDuel,best_available_across_quoted_books,all_quoted_books,4540181038b62ff0f7b86c43d390b7d1,2026-08-23T15:35:02+00:00,model_production_20260822T054104658649Z,production,raw_lgbm,63e6fb180fed2fece8bb065958c060f85ff789d445f484759597a159582ec117,features_20260823T130930123748Z,fb401dc56db0b73ca3235900fdffcc70a8c1b61001694bce7e97652fabffe60b,features_20260822T054058128142Z,paper
predict_20260823T153502306391Z_824150,predict_20260823T153502306391Z,2026-08-23T15:35:02+00:00,2026-08-23 00:00:00,824150,2026-08-23T18:10:00Z,HOU,OAK,Cristian Javier,Brady Basso,0.6339835624184955,0.5904159132007233,0.6186440677966102,0.0282281545958869,0.6186511705872493,0.0153323918312462,-171.0,162.0,False,,False,lineups_not_posted,ineligible,True,False,True,True,9.0,9.0,0.0043826592217565,0.0173127107971972,draftkings,DraftKings,fanduel,FanDuel,best_available_across_quoted_books,all_quoted_books,4731bd370d2e9b625c4bc720b6dbddba,2026-08-23T15:35:02+00:00,model_production_20260822T054104658649Z,production,raw_lgbm,63e6fb180fed2fece8bb065958c060f85ff789d445f484759597a159582ec117,features_20260823T130930123748Z,fb401dc56db0b73ca3235900fdffcc70a8c1b61001694bce7e97652fabffe60b,features_20260822T054058128142Z,paper
predict_20260823T153502306391Z_824071,predict_20260823T153502306391Z,2026-08-23T15:35:02+00:00,2026-08-23 00:00:00,824071,2026-08-23T18:10:00Z,KC,DET,Daniel Lynch IV,Jacob Waguespack,0.4867671694359508,0.4805194805194805,0.4948905109489051,0.0143710304294246,0.4905660377358491,-0.0037988682998983,100.0,-107.0,False,,True,,eligible_no_edge,True,True,True,True,9.0,9.0,0.0046830182275727,0.0180629866348342,draftkings,DraftKings,mybookieag,MyBookie.ag,best_available_across_quoted_books,all_quoted_books,15cfe72fafc6b5bc917827c3d0fb3a3e,2026-08-23T15:35:02+00:00,model_production_20260822T054104658649Z,production,raw_lgbm,63e6fb180fed2fece8bb065958c060f85ff789d445f484759597a159582ec117,features_20260823T130930123748Z,fb401dc56db0b73ca3235900fdffcc70a8c1b61001694bce7e97652fabffe60b,features_20260822T054058128142Z,paper
predict_20260823T153502306391Z_823909,predict_20260823T153502306391Z,2026-08-23T15:35:02+00:00,2026-08-23 00:00:00,823909,2026-08-23T20:10:00Z,LAD,PIT,Blake Snell,Lake Bachar,0.7220656696453552,0.68,0.7368421052631579,0.0568421052631578,0.7127329192546584,0.0093327503906968,-265.0,255.0,False,,False,lineups_not_posted,ineligible,True,False,False,True,9.0,9.0,0.0084025687069357,0.0315604902781476,mybookieag,MyBookie.ag,betrivers,BetRivers,best_available_across_quoted_books,all_quoted_books,a0767b1624cd67e6552807bd00d4b2ee,2026-08-23T15:35:02+00:00,model_production_20260822T054104658649Z,production,raw_lgbm,63e6fb180fed2fece8bb065958c060f85ff789d445f484759597a159582ec117,features_20260823T130930123748Z,fb401dc56db0b73ca3235900fdffcc70a8c1b61001694bce7e97652fabffe60b,features_20260822T054058128142Z,paper
predict_20260823T153502306391Z_823827,predict_20260823T153502306391Z,2026-08-23T15:35:02+00:00,2026-08-23 00:00:00,823827,2026-08-23T17:40:00Z,MIA,WSH,Janson Junk,Jackson Kent,0.6348032777563308,0.5904159132007233,0.6186440677966102,0.0282281545958869,0.5949110703209063,0.0398922074354245,-154.0,148.0,False,,True,,eligible_no_edge,True,True,True,True,9.0,9.0,0.005761770041065,0.02035686587985,draftkings,DraftKings,betrivers,BetRivers,best_available_across_quoted_books,all_quoted_books,7ef0cb74e5060370ebecf7de3a8a3ee2,2026-08-23T15:35:02+00:00,model_production_20260822T054104658649Z,production,raw_lgbm,63e6fb180fed2fece8bb065958c060f85ff789d445f484759597a159582ec117,features_20260823T130930123748Z,fb401dc56db0b73ca3235900fdffcc70a8c1b61001694bce7e97652fabffe60b,features_20260822T054058128142Z,paper
predict_20260823T153502306391Z_823745,predict_20260823T153502306391Z,2026-08-23T15:35:02+00:00,2026-08-23 00:00:00,823745,2026-08-23T23:10:00Z,MIL,ATL,Shane Drohan,Tyler Mahle,0.5437445303092457,0.5142857142857142,0.5407098121085596,0.0264240978228453,0.5374878286270691,0.0062567016821766,-122.0,114.0,False,,False,lineups_not_posted,ineligible,True,False,False,True,9.0,9.0,0.0030676847237184,0.0111667926360699,fanduel,FanDuel,fanduel,FanDuel,best_available_across_quoted_books,all_quoted_books,bda345f597a8317d5812e066bfdd364a,2026-08-23T15:35:02+00:00,model_production_20260822T054104658649Z,production,raw_lgbm,63e6fb180fed2fece8bb065958c060f85ff789d445f484759597a159582ec117,features_20260823T130930123748Z,fb401dc56db0b73ca3235900fdffcc70a8c1b61001694bce7e97652fabffe60b,features_20260822T054058128142Z,paper
predict_20260823T153502306391Z_823507,predict_20260823T153502306391Z,2026-08-23T15:35:02+00:00,2026-08-23 00:00:00,823507,2026-08-23T17:35:00Z,NYY,TOR,Carlos Rodon,Jose Soriano,0.5655132013057456,0.5904159132007233,0.5753424657534246,0.0150734474472986,0.5520062329567589,0.0135069683489866,-126.0,120.0,False,,True,,eligible_no_edge,True,True,True,True,9.0,9.0,0.0035804484097025,0.0134640745735944,fanduel,FanDuel,draftkings,DraftKings,best_available_across_quoted_books,all_quoted_books,d9bbd7d0eafee71f6c247c16a8110194,2026-08-23T15:35:02+00:00,model_production_20260822T054104658649Z,production,raw_lgbm,63e6fb180fed2fece8bb065958c060f85ff789d445f484759597a159582ec117,features_20260823T130930123748Z,fb401dc56db0b73ca3235900fdffcc70a8c1b61001694bce7e97652fabffe60b,features_20260822T054058128142Z,paper
predict_20260823T153502306391Z_823421,predict_20260823T153502306391Z,2026-08-23T15:35:02+00:00,2026-08-23 00:00:00,823421,2026-08-23T17:35:00Z,PHI,STL,Cristopher Sanchez,Kyle Leahy,0.6572963116814832,0.6982758620689655,0.6610169491525424,0.0372589129164231,0.6633577902460077,-0.0060614785645245,-210.0,200.0,False,,True,,eligible_no_edge,True,True,True,True,9.0,9.0,0.0052369274977501,0.016044987032059,fanduel,FanDuel,draftkings,DraftKings,best_available_across_quoted_books,all_quoted_books,e8147bd69a2caf63f87fb43a5fe6e09a,2026-08-23T15:35:02+00:00,model_production_20260822T054104658649Z,production,raw_lgbm,63e6fb180fed2fece8bb065958c060f85ff789d445f484759597a159582ec117,features_20260823T130930123748Z,fb401dc56db0b73ca3235900fdffcc70a8c1b61001694bce7e97652fabffe60b,features_20260822T054058128142Z,paper
predict_20260823T153502306391Z_823258,predict_20260823T153502306391Z,2026-08-23T15:35:02+00:00,2026-08-23 00:00:00,823258,2026-08-23T20:10:00Z,SD,MIN,Walker Buehler,Bailey Ober,0.6028984233918673,0.5904159132007233,0.6186440677966102,0.0282281545958869,0.5623711526637492,0.0405272707281181,-135.0,126.0,False,,False,lineups_not_posted,ineligible,True,False,False,True,9.0,9.0,0.0032041027882223,0.0103851465451095,betonlineag,BetOnline.ag,fanduel,FanDuel,best_available_across_quoted_books,all_quoted_books,e51668b233a9e89462f303ece6fac37e,2026-08-23T15:35:02+00:00,model_production_20260822T054104658649Z,production,raw_lgbm,63e6fb180fed2fece8bb065958c060f85ff789d445f484759597a159582ec117,features_20260823T130930123748Z,fb401dc56db0b73ca3235900fdffcc70a8c1b61001694bce7e97652fabffe60b,features_20260822T054058128142Z,paper
predict_20260823T153502306391Z_823099,predict_20260823T153502306391Z,2026-08-23T15:35:02+00:00,2026-08-23 00:00:00,823099,2026-08-23T20:10:00Z,SEA,CHC,Bryce Miller,Shota Imanaga,0.4915761349437555,0.5102040816326532,0.4948905109489051,0.015313570683748,0.4782608695652174,0.0133152653785381,106.0,-112.0,False,,False,lineups_not_posted,ineligible,True,False,False,True,9.0,9.0,0.0047561817129957,0.0151004717092501,betus,BetUS,fanduel,FanDuel,best_available_across_quoted_books,all_quoted_books,e6f26058dfb5f8b200172c931504958b,2026-08-23T15:35:02+00:00,model_production_20260822T054104658649Z,production,raw_lgbm,63e6fb180fed2fece8bb065958c060f85ff789d445f484759597a159582ec117,features_20260823T130930123748Z,fb401dc56db0b73ca3235900fdffcc70a8c1b61001694bce7e97652fabffe60b,features_20260822T054058128142Z,paper
predict_20260823T153502306391Z_822856,predict_20260823T153502306391Z,2026-08-23T15:35:02+00:00,2026-08-23 00:00:00,822856,2026-08-23T18:35:00Z,TEX,LAA,Cal Quantrill,Yusei Kikuchi,0.5343527854598813,0.5121951219512196,0.5307557117750439,0.0185605898238242,0.5956830409729075,-0.0613302555130261,-154.0,143.0,False,,False,lineups_not_posted,ineligible,True,False,False,True,9.0,9.0,0.0025987082124431,0.0089283499913196,fanduel,FanDuel,draftkings,DraftKings,best_available_across_quoted_books,all_quoted_books,b6073dfd7753c58a0019a50ee954f355,2026-08-23T15:35:02+00:00,model_production_20260822T054104658649Z,production,raw_lgbm,63e6fb180fed2fece8bb065958c060f85ff789d445f484759597a159582ec117,features_20260823T130930123748Z,fb401dc56db0b73ca3235900fdffcc70a8c1b61001694bce7e97652fabffe60b,features_20260822T054058128142Z,paper
predict_20260823T154001110390Z_825043,predict_20260823T154001110390Z,2026-08-23T15:40:01+00:00,2026-08-23 00:00:00,825043,2026-08-23T20:15:00Z,ARI,CIN,Mitch Bratt,Andrew Abbott,0.5158320008255763,0.5365853658536586,0.5307557117750439,0.0058296540786146,0.5534321372854915,-0.0376001364599151,-128.0,120.0,False,,False,lineups_not_posted,ineligible,True,False,False,True,9.0,9.0,0.0024057889633968,0.0076738313079641,betus,BetUS,fanduel,FanDuel,best_available_across_quoted_books,all_quoted_books,48805e1d6ad752f8943b4149bd983ec2,2026-08-23T15:40:01+00:00,model_production_20260822T054104658649Z,production,raw_lgbm,63e6fb180fed2fece8bb065958c060f85ff789d445f484759597a159582ec117,features_20260823T130930123748Z,fb401dc56db0b73ca3235900fdffcc70a8c1b61001694bce7e97652fabffe60b,features_20260822T054058128142Z,paper
predict_20260823T154001110390Z_824799,predict_20260823T154001110390Z,2026-08-23T15:40:01+00:00,2026-08-23 00:00:00,824799,2026-08-23T17:35:00Z,BAL,TB,Shane Baz,Nick Martinez,0.4819388108519885,0.5102040816326532,0.4948905109489051,0.015313570683748,0.5187068652379223,-0.0367680543859338,-108.0,105.0,False,,True,,eligible_no_edge,True,True,True,True,9.0,9.0,0.006678881746045,0.0208222857524066,fanduel,FanDuel,betus,BetUS,best_available_across_quoted_books,all_quoted_books,919b54b699710c4b1f18913861564941,2026-08-23T15:40:01+00:00,model_production_20260822T054104658649Z,production,raw_lgbm,63e6fb180fed2fece8bb065958c060f85ff789d445f484759597a159582ec117,features_20260823T130930123748Z,fb401dc56db0b73ca3235900fdffcc70a8c1b61001694bce7e97652fabffe60b,features_20260822T054058128142Z,paper
predict_20260823T154001110390Z_824720,predict_20260823T154001110390Z,2026-08-23T15:40:01+00:00,2026-08-23 00:00:00,824720,2026-08-23T19:15:00Z,BOS,SF,Jake Bennett,Matt Wilkinson,0.6057380114294428,0.5904159132007233,0.6186440677966102,0.0282281545958869,0.6511627906976745,-0.0454247792682316,-200.0,189.0,False,,False,lineups_not_posted,ineligible,True,False,True,True,9.0,9.0,0.005634555162616,0.0174217090971222,betonlineag,BetOnline.ag,draftkings,DraftKings,best_available_across_quoted_books,all_quoted_books,6f52474e91dc8f86fc924dc34be66354,2026-08-23T15:40:01+00:00,model_production_20260822T054104658649Z,production,raw_lgbm,63e6fb180fed2fece8bb065958c060f85ff789d445f484759597a159582ec117,features_20260823T130930123748Z,fb401dc56db0b73ca3235900fdffcc70a8c1b61001694bce7e97652fabffe60b,features_20260822T054058128142Z,paper
predict_20260823T154001110390Z_824315,predict_20260823T154001110390Z,2026-08-23T15:40:01+00:00,2026-08-23 00:00:00,824315,2026-08-23T19:10:00Z,COL,CLE,Tomoyuki Sugano,Foster Griffin,0.4436650912222155,0.4468085106382978,0.427797833935018,0.0190106767032798,0.3949918020569385,0.048673289165277,152.0,-160.0,False,,False,lineups_not_posted,ineligible,True,False,False,True,9.0,9.0,0.0043568441094495,0.0137834300404592,draftkings,DraftKings,lowvig,LowVig.ag,best_available_across_quoted_books,all_quoted_books,8382b682e2f2b236e23d2867f1ad2174,2026-08-23T15:40:01+00:00,model_production_20260822T054104658649Z,production,raw_lgbm,63e6fb180fed2fece8bb065958c060f85ff789d445f484759597a159582ec117,features_20260823T130930123748Z,fb401dc56db0b73ca3235900fdffcc70a8c1b61001694bce7e97652fabffe60b,features_20260822T054058128142Z,paper
predict_20260823T154001110390Z_824558,predict_20260823T154001110390Z,2026-08-23T15:40:01+00:00,2026-08-23 00:00:00,824558,2026-08-23T18:10:00Z,CWS,NYM,Sean Newcomb,Nolan McLean,0.4728512383379705,0.4736842105263157,0.4948905109489051,0.0212063004225893,0.5,-0.0271487616620294,-104.0,-104.0,False,,True,,eligible_no_edge,True,True,True,True,9.0,9.0,0.0026056231019218,0.0076325889741799,fanduel,FanDuel,fanduel,FanDuel,best_available_across_quoted_books,all_quoted_books,4540181038b62ff0f7b86c43d390b7d1,2026-08-23T15:40:01+00:00,model_production_20260822T054104658649Z,production,raw_lgbm,63e6fb180fed2fece8bb065958c060f85ff789d445f484759597a159582ec117,features_20260823T130930123748Z,fb401dc56db0b73ca3235900fdffcc70a8c1b61001694bce7e97652fabffe60b,features_20260822T054058128142Z,paper
predict_20260823T154001110390Z_824150,predict_20260823T154001110390Z,2026-08-23T15:40:01+00:00,2026-08-23 00:00:00,824150,2026-08-23T18:10:00Z,HOU,OAK,Cristian Javier,Brady Basso,0.6339835624184955,0.5904159132007233,0.6186440677966102,0.0282281545958869,0.6186511705872493,0.0153323918312462,-171.0,162.0,False,,False,lineups_not_posted,ineligible,True,False,True,True,9.0,9.0,0.0043826592217565,0.0173127107971972,draftkings,DraftKings,fanduel,FanDuel,best_available_across_quoted_books,all_quoted_books,4731bd370d2e9b625c4bc720b6dbddba,2026-08-23T15:40:01+00:00,model_production_20260822T054104658649Z,production,raw_lgbm,63e6fb180fed2fece8bb065958c060f85ff789d445f484759597a159582ec117,features_20260823T130930123748Z,fb401dc56db0b73ca3235900fdffcc70a8c1b61001694bce7e97652fabffe60b,features_20260822T054058128142Z,paper
predict_20260823T154001110390Z_824071,predict_20260823T154001110390Z,2026-08-23T15:40:01+00:00,2026-08-23 00:00:00,824071,2026-08-23T18:10:00Z,KC,DET,Daniel Lynch IV,Jacob Waguespack,0.4867671694359508,0.4805194805194805,0.4948905109489051,0.0143710304294246,0.4883720930232558,-0.001604923587305,100.0,-107.0,False,,True,,eligible_no_edge,True,True,True,True,9.0,9.0,0.0046629723256025,0.0180629866348342,draftkings,DraftKings,mybookieag,MyBookie.ag,best_available_across_quoted_books,all_quoted_books,15cfe72fafc6b5bc917827c3d0fb3a3e,2026-08-23T15:40:01+00:00,model_production_20260822T054104658649Z,production,raw_lgbm,63e6fb180fed2fece8bb065958c060f85ff789d445f484759597a159582ec117,features_20260823T130930123748Z,fb401dc56db0b73ca3235900fdffcc70a8c1b61001694bce7e97652fabffe60b,features_20260822T054058128142Z,paper
predict_20260823T154001110390Z_823909,predict_20260823T154001110390Z,2026-08-23T15:40:01+00:00,2026-08-23 00:00:00,823909,2026-08-23T20:10:00Z,LAD,PIT,Blake Snell,Lake Bachar,0.7220656696453552,0.68,0.7368421052631579,0.0568421052631578,0.7127329192546584,0.0093327503906968,-265.0,255.0,False,,False,lineups_not_posted,ineligible,True,False,False,True,9.0,9.0,0.0084025687069357,0.0315604902781476,mybookieag,MyBookie.ag,betrivers,BetRivers,best_available_across_quoted_books,all_quoted_books,a0767b1624cd67e6552807bd00d4b2ee,2026-08-23T15:40:01+00:00,model_production_20260822T054104658649Z,production,raw_lgbm,63e6fb180fed2fece8bb065958c060f85ff789d445f484759597a159582ec117,features_20260823T130930123748Z,fb401dc56db0b73ca3235900fdffcc70a8c1b61001694bce7e97652fabffe60b,features_20260822T054058128142Z,paper
predict_20260823T154001110390Z_823827,predict_20260823T154001110390Z,2026-08-23T15:40:01+00:00,2026-08-23 00:00:00,823827,2026-08-23T17:40:00Z,MIA,WSH,Janson Junk,Jackson Kent,0.6348032777563308,0.5904159132007233,0.6186440677966102,0.0282281545958869,0.5949110703209063,0.0398922074354245,-154.0,148.0,False,,True,,eligible_no_edge,True,True,True,True,9.0,9.0,0.0057785337723543,0.02035686587985,draftkings,DraftKings,betrivers,BetRivers,best_available_across_quoted_books,all_quoted_books,7ef0cb74e5060370ebecf7de3a8a3ee2,2026-08-23T15:40:01+00:00,model_production_20260822T054104658649Z,production,raw_lgbm,63e6fb180fed2fece8bb065958c060f85ff789d445f484759597a159582ec117,features_20260823T130930123748Z,fb401dc56db0b73ca3235900fdffcc70a8c1b61001694bce7e97652fabffe60b,features_20260822T054058128142Z,paper
predict_20260823T154001110390Z_823745,predict_20260823T154001110390Z,2026-08-23T15:40:01+00:00,2026-08-23 00:00:00,823745,2026-08-23T23:10:00Z,MIL,ATL,Shane Drohan,Tyler Mahle,0.5437445303092457,0.5142857142857142,0.5407098121085596,0.0264240978228453,0.5374878286270691,0.0062567016821766,-122.0,114.0,False,,False,lineups_not_posted,ineligible,True,False,False,True,9.0,9.0,0.0030676847237184,0.0111667926360699,fanduel,FanDuel,fanduel,FanDuel,best_available_across_quoted_books,all_quoted_books,bda345f597a8317d5812e066bfdd364a,2026-08-23T15:40:01+00:00,model_production_20260822T054104658649Z,production,raw_lgbm,63e6fb180fed2fece8bb065958c060f85ff789d445f484759597a159582ec117,features_20260823T130930123748Z,fb401dc56db0b73ca3235900fdffcc70a8c1b61001694bce7e97652fabffe60b,features_20260822T054058128142Z,paper
predict_20260823T154001110390Z_823507,predict_20260823T154001110390Z,2026-08-23T15:40:01+00:00,2026-08-23 00:00:00,823507,2026-08-23T17:35:00Z,NYY,TOR,Carlos Rodon,Jose Soriano,0.5655132013057456,0.5904159132007233,0.5753424657534246,0.0150734474472986,0.549193293261626,0.0163199080441195,-126.0,120.0,False,,True,,eligible_no_edge,True,True,True,True,9.0,9.0,0.0032764788852377,0.0104603691585032,fanduel,FanDuel,draftkings,DraftKings,best_available_across_quoted_books,all_quoted_books,d9bbd7d0eafee71f6c247c16a8110194,2026-08-23T15:40:01+00:00,model_production_20260822T054104658649Z,production,raw_lgbm,63e6fb180fed2fece8bb065958c060f85ff789d445f484759597a159582ec117,features_20260823T130930123748Z,fb401dc56db0b73ca3235900fdffcc70a8c1b61001694bce7e97652fabffe60b,features_20260822T054058128142Z,paper
predict_20260823T154001110390Z_823421,predict_20260823T154001110390Z,2026-08-23T15:40:01+00:00,2026-08-23 00:00:00,823421,2026-08-23T17:35:00Z,PHI,STL,Cristopher Sanchez,Kyle Leahy,0.6572963116814832,0.6982758620689655,0.6610169491525424,0.0372589129164231,0.665732154410179,-0.0084358427286957,-210.0,200.0,False,,True,,eligible_no_edge,True,True,True,True,9.0,9.0,0.0047144548634918,0.016044987032059,fanduel,FanDuel,draftkings,DraftKings,best_available_across_quoted_books,all_quoted_books,e8147bd69a2caf63f87fb43a5fe6e09a,2026-08-23T15:40:01+00:00,model_production_20260822T054104658649Z,production,raw_lgbm,63e6fb180fed2fece8bb065958c060f85ff789d445f484759597a159582ec117,features_20260823T130930123748Z,fb401dc56db0b73ca3235900fdffcc70a8c1b61001694bce7e97652fabffe60b,features_20260822T054058128142Z,paper
predict_20260823T154001110390Z_823258,predict_20260823T154001110390Z,2026-08-23T15:40:01+00:00,2026-08-23 00:00:00,823258,2026-08-23T20:10:00Z,SD,MIN,Walker Buehler,Bailey Ober,0.6028984233918673,0.5904159132007233,0.6186440677966102,0.0282281545958869,0.5623711526637492,0.0405272707281181,-135.0,126.0,False,,False,lineups_not_posted,ineligible,True,False,False,True,9.0,9.0,0.0032041027882223,0.0103851465451095,betonlineag,BetOnline.ag,fanduel,FanDuel,best_available_across_quoted_books,all_quoted_books,e51668b233a9e89462f303ece6fac37e,2026-08-23T15:40:01+00:00,model_production_20260822T054104658649Z,production,raw_lgbm,63e6fb180fed2fece8bb065958c060f85ff789d445f484759597a159582ec117,features_20260823T130930123748Z,fb401dc56db0b73ca3235900fdffcc70a8c1b61001694bce7e97652fabffe60b,features_20260822T054058128142Z,paper
predict_20260823T154001110390Z_823099,predict_20260823T154001110390Z,2026-08-23T15:40:01+00:00,2026-08-23 00:00:00,823099,2026-08-23T20:10:00Z,SEA,CHC,Bryce Miller,Shota Imanaga,0.4915761349437555,0.5102040816326532,0.4948905109489051,0.015313570683748,0.4782608695652174,0.0133152653785381,106.0,-112.0,False,,False,lineups_not_posted,ineligible,True,False,False,True,9.0,9.0,0.0047561817129957,0.0151004717092501,betus,BetUS,fanduel,FanDuel,best_available_across_quoted_books,all_quoted_books,e6f26058dfb5f8b200172c931504958b,2026-08-23T15:40:01+00:00,model_production_20260822T054104658649Z,production,raw_lgbm,63e6fb180fed2fece8bb065958c060f85ff789d445f484759597a159582ec117,features_20260823T130930123748Z,fb401dc56db0b73ca3235900fdffcc70a8c1b61001694bce7e97652fabffe60b,features_20260822T054058128142Z,paper
predict_20260823T154001110390Z_822856,predict_20260823T154001110390Z,2026-08-23T15:40:01+00:00,2026-08-23 00:00:00,822856,2026-08-23T18:35:00Z,TEX,LAA,Cal Quantrill,Yusei Kikuchi,0.5343527854598813,0.5121951219512196,0.5307557117750439,0.0185605898238242,0.5956830409729075,-0.0613302555130261,-154.0,143.0,False,,False,lineups_not_posted,ineligible,True,False,False,True,9.0,9.0,0.0025987082124431,0.0089283499913196,fanduel,FanDuel,draftkings,DraftKings,best_available_across_quoted_books,all_quoted_books,b6073dfd7753c58a0019a50ee954f355,2026-08-23T15:40:01+00:00,model_production_20260822T054104658649Z,production,raw_lgbm,63e6fb180fed2fece8bb065958c060f85ff789d445f484759597a159582ec117,features_20260823T130930123748Z,fb401dc56db0b73ca3235900fdffcc70a8c1b61001694bce7e97652fabffe60b,features_20260822T054058128142Z,paper
predict_20260823T161001665755Z_825043,predict_20260823T161001665755Z,2026-08-23T16:10:01+00:00,2026-08-23 00:00:00,825043,2026-08-23T20:15:00Z,ARI,CIN,Mitch Bratt,Andrew Abbott,0.5158320008255763,0.5365853658536586,0.5307557117750439,0.0058296540786146,0.5534321372854915,-0.0376001364599151,-129.0,120.0,False,,False,lineups_not_posted,ineligible,True,False,False,True,9.0,9.0,0.0025732686455952,0.0083534560831575,draftkings,DraftKings,fanduel,FanDuel,best_available_across_quoted_books,all_quoted_books,48805e1d6ad752f8943b4149bd983ec2,2026-08-23T16:10:01+00:00,model_production_20260822T054104658649Z,production,raw_lgbm,63e6fb180fed2fece8bb065958c060f85ff789d445f484759597a159582ec117,features_20260823T130930123748Z,fb401dc56db0b73ca3235900fdffcc70a8c1b61001694bce7e97652fabffe60b,features_20260822T054058128142Z,paper
predict_20260823T161001665755Z_824799,predict_20260823T161001665755Z,2026-08-23T16:10:01+00:00,2026-08-23 00:00:00,824799,2026-08-23T17:35:00Z,BAL,TB,Shane Baz,Nick Martinez,0.4819388108519885,0.5102040816326532,0.4948905109489051,0.015313570683748,0.513948077676165,-0.0320092668241765,-108.0,104.0,False,,True,,eligible_no_edge,True,True,True,True,9.0,9.0,0.0058845109017065,0.0196022452110392,fanduel,FanDuel,lowvig,LowVig.ag,best_available_across_quoted_books,all_quoted_books,919b54b699710c4b1f18913861564941,2026-08-23T16:10:01+00:00,model_production_20260822T054104658649Z,production,raw_lgbm,63e6fb180fed2fece8bb065958c060f85ff789d445f484759597a159582ec117,features_20260823T130930123748Z,fb401dc56db0b73ca3235900fdffcc70a8c1b61001694bce7e97652fabffe60b,features_20260822T054058128142Z,paper
predict_20260823T161001665755Z_824720,predict_20260823T161001665755Z,2026-08-23T16:10:01+00:00,2026-08-23 00:00:00,824720,2026-08-23T19:15:00Z,BOS,SF,Jake Bennett,Matt Wilkinson,0.6057380114294428,0.5904159132007233,0.6186440677966102,0.0282281545958869,0.6512506108667645,-0.0455125994373216,-200.0,189.0,False,,True,,eligible_no_edge,True,True,True,True,9.0,9.0,0.0055743642124224,0.0174217090971222,betonlineag,BetOnline.ag,draftkings,DraftKings,best_available_across_quoted_books,all_quoted_books,6f52474e91dc8f86fc924dc34be66354,2026-08-23T16:10:01+00:00,model_production_20260822T054104658649Z,production,raw_lgbm,63e6fb180fed2fece8bb065958c060f85ff789d445f484759597a159582ec117,features_20260823T130930123748Z,fb401dc56db0b73ca3235900fdffcc70a8c1b61001694bce7e97652fabffe60b,features_20260822T054058128142Z,paper
predict_20260823T161001665755Z_824315,predict_20260823T161001665755Z,2026-08-23T16:10:01+00:00,2026-08-23 00:00:00,824315,2026-08-23T19:10:00Z,COL,CLE,Tomoyuki Sugano,Foster Griffin,0.4436650912222155,0.4468085106382978,0.427797833935018,0.0190106767032798,0.3949918020569385,0.048673289165277,152.0,-160.0,False,,False,lineups_not_posted,ineligible,True,False,False,True,9.0,9.0,0.0043568441094495,0.0137834300404592,draftkings,DraftKings,lowvig,LowVig.ag,best_available_across_quoted_books,all_quoted_books,8382b682e2f2b236e23d2867f1ad2174,2026-08-23T16:10:01+00:00,model_production_20260822T054104658649Z,production,raw_lgbm,63e6fb180fed2fece8bb065958c060f85ff789d445f484759597a159582ec117,features_20260823T130930123748Z,fb401dc56db0b73ca3235900fdffcc70a8c1b61001694bce7e97652fabffe60b,features_20260822T054058128142Z,paper
predict_20260823T161001665755Z_824558,predict_20260823T161001665755Z,2026-08-23T16:10:01+00:00,2026-08-23 00:00:00,824558,2026-08-23T18:10:00Z,CWS,NYM,Sean Newcomb,Nolan McLean,0.4728512383379705,0.4736842105263157,0.4948905109489051,0.0212063004225893,0.5,-0.0271487616620294,-102.0,-104.0,False,,True,,eligible_no_edge,True,True,True,True,9.0,9.0,0.0032394433101696,0.0123469016273951,draftkings,DraftKings,fanduel,FanDuel,best_available_across_quoted_books,all_quoted_books,4540181038b62ff0f7b86c43d390b7d1,2026-08-23T16:10:01+00:00,model_production_20260822T054104658649Z,production,raw_lgbm,63e6fb180fed2fece8bb065958c060f85ff789d445f484759597a159582ec117,features_20260823T130930123748Z,fb401dc56db0b73ca3235900fdffcc70a8c1b61001694bce7e97652fabffe60b,features_20260822T054058128142Z,paper
predict_20260823T161001665755Z_824150,predict_20260823T161001665755Z,2026-08-23T16:10:01+00:00,2026-08-23 00:00:00,824150,2026-08-23T18:10:00Z,HOU,OAK,Cristian Javier,Brady Basso,0.6391655454234252,0.5904159132007233,0.6186440677966102,0.0282281545958869,0.6214728148657949,0.0176927305576303,-174.0,162.0,False,,True,,eligible_no_edge,True,True,True,True,9.0,9.0,0.0049219230034876,0.0173127107971972,fanduel,FanDuel,fanduel,FanDuel,best_available_across_quoted_books,all_quoted_books,4731bd370d2e9b625c4bc720b6dbddba,2026-08-23T16:10:01+00:00,model_production_20260822T054104658649Z,production,raw_lgbm,63e6fb180fed2fece8bb065958c060f85ff789d445f484759597a159582ec117,features_20260823T130930123748Z,fb401dc56db0b73ca3235900fdffcc70a8c1b61001694bce7e97652fabffe60b,features_20260822T054058128142Z,paper
predict_20260823T161001665755Z_824071,predict_20260823T161001665755Z,2026-08-23T16:10:01+00:00,2026-08-23 00:00:00,824071,2026-08-23T18:10:00Z,KC,DET,Daniel Lynch IV,Jacob Waguespack,0.4867671694359508,0.4805194805194805,0.4948905109489051,0.0143710304294246,0.4891657638136511,-0.0023985943777003,100.0,-107.0,False,,True,,eligible_no_edge,True,True,True,True,9.0,9.0,0.0053295894396009,0.0210728892143207,draftkings,DraftKings,mybookieag,MyBookie.ag,best_available_across_quoted_books,all_quoted_books,15cfe72fafc6b5bc917827c3d0fb3a3e,2026-08-23T16:10:01+00:00,model_production_20260822T054104658649Z,production,raw_lgbm,63e6fb180fed2fece8bb065958c060f85ff789d445f484759597a159582ec117,features_20260823T130930123748Z,fb401dc56db0b73ca3235900fdffcc70a8c1b61001694bce7e97652fabffe60b,features_20260822T054058128142Z,paper
predict_20260823T161001665755Z_823909,predict_20260823T161001665755Z,2026-08-23T16:10:01+00:00,2026-08-23 00:00:00,823909,2026-08-23T20:10:00Z,LAD,PIT,Blake Snell,Lake Bachar,0.7220656696453552,0.68,0.7368421052631579,0.0568421052631578,0.7145393598946933,0.0075263097506619,-265.0,255.0,False,,False,lineups_not_posted,ineligible,True,False,False,True,9.0,9.0,0.008317525752491,0.0315604902781476,mybookieag,MyBookie.ag,betrivers,BetRivers,best_available_across_quoted_books,all_quoted_books,a0767b1624cd67e6552807bd00d4b2ee,2026-08-23T16:10:01+00:00,model_production_20260822T054104658649Z,production,raw_lgbm,63e6fb180fed2fece8bb065958c060f85ff789d445f484759597a159582ec117,features_20260823T130930123748Z,fb401dc56db0b73ca3235900fdffcc70a8c1b61001694bce7e97652fabffe60b,features_20260822T054058128142Z,paper
predict_20260823T161001665755Z_823827,predict_20260823T161001665755Z,2026-08-23T16:10:01+00:00,2026-08-23 00:00:00,823827,2026-08-23T17:40:00Z,MIA,WSH,Janson Junk,Jackson Kent,0.6348032777563308,0.5904159132007233,0.6186440677966102,0.0282281545958869,0.5940252776713902,0.0407780000849405,-154.0,144.0,False,,True,,eligible_no_edge,True,True,True,True,9.0,9.0,0.0015547842545704,0.0053985099379326,draftkings,DraftKings,fanduel,FanDuel,best_available_across_quoted_books,all_quoted_books,7ef0cb74e5060370ebecf7de3a8a3ee2,2026-08-23T16:10:01+00:00,model_production_20260822T054104658649Z,production,raw_lgbm,63e6fb180fed2fece8bb065958c060f85ff789d445f484759597a159582ec117,features_20260823T130930123748Z,fb401dc56db0b73ca3235900fdffcc70a8c1b61001694bce7e97652fabffe60b,features_20260822T054058128142Z,paper
predict_20260823T161001665755Z_823745,predict_20260823T161001665755Z,2026-08-23T16:10:01+00:00,2026-08-23 00:00:00,823745,2026-08-23T23:10:00Z,MIL,ATL,Shane Drohan,Tyler Mahle,0.5437445303092457,0.5142857142857142,0.5407098121085596,0.0264240978228453,0.5185243789416578,0.0252201513675879,-112.0,106.0,False,,False,lineups_not_posted,ineligible,True,False,False,True,9.0,9.0,0.0047782171102782,0.0163930230824341,betonlineag,BetOnline.ag,fanduel,FanDuel,best_available_across_quoted_books,all_quoted_books,bda345f597a8317d5812e066bfdd364a,2026-08-23T16:10:01+00:00,model_production_20260822T054104658649Z,production,raw_lgbm,63e6fb180fed2fece8bb065958c060f85ff789d445f484759597a159582ec117,features_20260823T130930123748Z,fb401dc56db0b73ca3235900fdffcc70a8c1b61001694bce7e97652fabffe60b,features_20260822T054058128142Z,paper
predict_20260823T161001665755Z_823507,predict_20260823T161001665755Z,2026-08-23T16:10:01+00:00,2026-08-23 00:00:00,823507,2026-08-23T17:35:00Z,NYY,TOR,Carlos Rodon,Jose Soriano,0.5655132013057456,0.5904159132007233,0.5753424657534246,0.0150734474472986,0.5502822696392691,0.0152309316664764,-128.0,120.0,False,,True,,eligible_no_edge,True,True,True,True,9.0,9.0,0.0031921516156913,0.0100213379014908,betonlineag,BetOnline.ag,fanduel,FanDuel,best_available_across_quoted_books,all_quoted_books,d9bbd7d0eafee71f6c247c16a8110194,2026-08-23T16:10:01+00:00,model_production_20260822T054104658649Z,production,raw_lgbm,63e6fb180fed2fece8bb065958c060f85ff789d445f484759597a159582ec117,features_20260823T130930123748Z,fb401dc56db0b73ca3235900fdffcc70a8c1b61001694bce7e97652fabffe60b,features_20260822T054058128142Z,paper
predict_20260823T161001665755Z_823421,predict_20260823T161001665755Z,2026-08-23T16:10:01+00:00,2026-08-23 00:00:00,823421,2026-08-23T17:35:00Z,PHI,STL,Cristopher Sanchez,Kyle Leahy,0.6572963116814832,0.6982758620689655,0.6610169491525424,0.0372589129164231,0.665732154410179,-0.0084358427286957,-210.0,200.0,False,,True,,eligible_no_edge,True,True,True,True,9.0,9.0,0.0037303607751621,0.0146611524397884,fanduel,FanDuel,draftkings,DraftKings,best_available_across_quoted_books,all_quoted_books,e8147bd69a2caf63f87fb43a5fe6e09a,2026-08-23T16:10:01+00:00,model_production_20260822T054104658649Z,production,raw_lgbm,63e6fb180fed2fece8bb065958c060f85ff789d445f484759597a159582ec117,features_20260823T130930123748Z,fb401dc56db0b73ca3235900fdffcc70a8c1b61001694bce7e97652fabffe60b,features_20260822T054058128142Z,paper
predict_20260823T161001665755Z_823258,predict_20260823T161001665755Z,2026-08-23T16:10:01+00:00,2026-08-23 00:00:00,823258,2026-08-23T20:10:00Z,SD,MIN,Walker Buehler,Bailey Ober,0.6028984233918673,0.5904159132007233,0.6186440677966102,0.0282281545958869,0.560523724424669,0.0423746989671982,-135.0,126.0,False,,False,lineups_not_posted,ineligible,True,False,False,True,9.0,9.0,0.0032388680744511,0.0103851465451095,betonlineag,BetOnline.ag,fanduel,FanDuel,best_available_across_quoted_books,all_quoted_books,e51668b233a9e89462f303ece6fac37e,2026-08-23T16:10:01+00:00,model_production_20260822T054104658649Z,production,raw_lgbm,63e6fb180fed2fece8bb065958c060f85ff789d445f484759597a159582ec117,features_20260823T130930123748Z,fb401dc56db0b73ca3235900fdffcc70a8c1b61001694bce7e97652fabffe60b,features_20260822T054058128142Z,paper
predict_20260823T161001665755Z_823099,predict_20260823T161001665755Z,2026-08-23T16:10:01+00:00,2026-08-23 00:00:00,823099,2026-08-23T20:10:00Z,SEA,CHC,Bryce Miller,Shota Imanaga,0.4915761349437555,0.5102040816326532,0.4948905109489051,0.015313570683748,0.4782608695652174,0.0133152653785381,105.0,-112.0,False,,False,lineups_not_posted,ineligible,True,False,False,True,9.0,9.0,0.0044119044417489,0.0151004717092501,betonlineag,BetOnline.ag,fanduel,FanDuel,best_available_across_quoted_books,all_quoted_books,e6f26058dfb5f8b200172c931504958b,2026-08-23T16:10:01+00:00,model_production_20260822T054104658649Z,production,raw_lgbm,63e6fb180fed2fece8bb065958c060f85ff789d445f484759597a159582ec117,features_20260823T130930123748Z,fb401dc56db0b73ca3235900fdffcc70a8c1b61001694bce7e97652fabffe60b,features_20260822T054058128142Z,paper
predict_20260823T161001665755Z_822856,predict_20260823T161001665755Z,2026-08-23T16:10:01+00:00,2026-08-23 00:00:00,822856,2026-08-23T18:35:00Z,TEX,LAA,Cal Quantrill,Yusei Kikuchi,0.5287753036912792,0.5121951219512196,0.5307557117750439,0.0185605898238242,0.5956830409729075,-0.0669077372816282,-154.0,145.0,False,,False,lineups_not_posted,ineligible,True,False,True,True,9.0,9.0,0.0048880691567049,0.0174633401124394,fanduel,FanDuel,betrivers,BetRivers,best_available_across_quoted_books,all_quoted_books,b6073dfd7753c58a0019a50ee954f355,2026-08-23T16:10:01+00:00,model_production_20260822T054104658649Z,production,raw_lgbm,63e6fb180fed2fece8bb065958c060f85ff789d445f484759597a159582ec117,features_20260823T130930123748Z,fb401dc56db0b73ca3235900fdffcc70a8c1b61001694bce7e97652fabffe60b,features_20260822T054058128142Z,paper
predict_20260823T171501445731Z_825043,predict_20260823T171501445731Z,2026-08-23T17:15:01+00:00,2026-08-23 00:00:00,825043,2026-08-23T20:15:00Z,ARI,CIN,Mitch Bratt,Andrew Abbott,0.5147467162456928,0.5365853658536586,0.5304990757855821,0.0060862900680764,0.5534321372854915,-0.0386854210397986,-129.0,120.0,False,,False,lineups_not_posted,ineligible,True,False,True,True,9.0,9.0,0.0016360488747214,0.004454750520817,draftkings,DraftKings,fanduel,FanDuel,best_available_across_quoted_books,all_quoted_books,48805e1d6ad752f8943b4149bd983ec2,2026-08-23T17:15:01+00:00,model_production_20260822T054104658649Z,production,raw_lgbm,63e6fb180fed2fece8bb065958c060f85ff789d445f484759597a159582ec117,features_20260823T130930123748Z,fb401dc56db0b73ca3235900fdffcc70a8c1b61001694bce7e97652fabffe60b,features_20260822T054058128142Z,paper
predict_20260823T171501445731Z_824799,predict_20260823T171501445731Z,2026-08-23T17:15:01+00:00,2026-08-23 00:00:00,824799,2026-08-23T17:35:00Z,BAL,TB,Shane Baz,Nick Martinez,0.4819388108519885,0.5102040816326532,0.4948905109489051,0.015313570683748,0.5069715560513107,-0.0250327451993222,-103.0,100.0,False,,True,,eligible_no_edge,True,True,True,True,9.0,9.0,0.0068487349714422,0.0208076309504773,lowvig,LowVig.ag,fanduel,FanDuel,best_available_across_quoted_books,all_quoted_books,919b54b699710c4b1f18913861564941,2026-08-23T17:15:01+00:00,model_production_20260822T054104658649Z,production,raw_lgbm,63e6fb180fed2fece8bb065958c060f85ff789d445f484759597a159582ec117,features_20260823T130930123748Z,fb401dc56db0b73ca3235900fdffcc70a8c1b61001694bce7e97652fabffe60b,features_20260822T054058128142Z,paper
predict_20260823T171501445731Z_824720,predict_20260823T171501445731Z,2026-08-23T17:15:01+00:00,2026-08-23 00:00:00,824720,2026-08-23T19:15:00Z,BOS,SF,Jake Bennett,Matt Wilkinson,0.6057380114294428,0.5904159132007233,0.6186440677966102,0.0282281545958869,0.6573731944910984,-0.0516351830616556,-200.0,189.0,False,,True,,eligible_no_edge,True,True,True,True,9.0,9.0,0.0052197760962916,0.0169306721748638,betrivers,BetRivers,draftkings,DraftKings,best_available_across_quoted_books,all_quoted_books,6f52474e91dc8f86fc924dc34be66354,2026-08-23T17:15:01+00:00,model_production_20260822T054104658649Z,production,raw_lgbm,63e6fb180fed2fece8bb065958c060f85ff789d445f484759597a159582ec117,features_20260823T130930123748Z,fb401dc56db0b73ca3235900fdffcc70a8c1b61001694bce7e97652fabffe60b,features_20260822T054058128142Z,paper
predict_20260823T171501445731Z_824315,predict_20260823T171501445731Z,2026-08-23T17:15:01+00:00,2026-08-23 00:00:00,824315,2026-08-23T19:10:00Z,COL,CLE,Tomoyuki Sugano,Foster Griffin,0.4799602914379011,0.4468085106382978,0.4948905109489051,0.0480820003106072,0.4019109729278834,0.0780493185100176,147.0,-156.0,True,HOME,True,,bet_candidate,True,True,True,True,9.0,9.0,0.0033541118363833,0.0119619405293427,draftkings,DraftKings,fanduel,FanDuel,best_available_across_quoted_books,all_quoted_books,8382b682e2f2b236e23d2867f1ad2174,2026-08-23T17:15:01+00:00,model_production_20260822T054104658649Z,production,raw_lgbm,63e6fb180fed2fece8bb065958c060f85ff789d445f484759597a159582ec117,features_20260823T130930123748Z,fb401dc56db0b73ca3235900fdffcc70a8c1b61001694bce7e97652fabffe60b,features_20260822T054058128142Z,paper
predict_20260823T171501445731Z_824558,predict_20260823T171501445731Z,2026-08-23T17:15:01+00:00,2026-08-23 00:00:00,824558,2026-08-23T18:10:00Z,CWS,NYM,Sean Newcomb,Nolan McLean,0.4728512383379705,0.4736842105263157,0.4948905109489051,0.0212063004225893,0.5,-0.0271487616620294,-102.0,-104.0,False,,True,,eligible_no_edge,True,True,True,True,9.0,9.0,0.0023846290187469,0.0090440667231839,draftkings,DraftKings,fanduel,FanDuel,best_available_across_quoted_books,all_quoted_books,4540181038b62ff0f7b86c43d390b7d1,2026-08-23T17:15:01+00:00,model_production_20260822T054104658649Z,production,raw_lgbm,63e6fb180fed2fece8bb065958c060f85ff789d445f484759597a159582ec117,features_20260823T130930123748Z,fb401dc56db0b73ca3235900fdffcc70a8c1b61001694bce7e97652fabffe60b,features_20260822T054058128142Z,paper
predict_20260823T171501445731Z_824150,predict_20260823T171501445731Z,2026-08-23T17:15:01+00:00,2026-08-23 00:00:00,824150,2026-08-23T18:10:00Z,HOU,OAK,Cristian Javier,Brady Basso,0.6391655454234252,0.5904159132007233,0.6186440677966102,0.0282281545958869,0.6183206106870229,0.0208449347364022,-172.0,162.0,False,,True,,eligible_no_edge,True,True,True,True,9.0,9.0,0.0049101985372457,0.0173127107971972,lowvig,LowVig.ag,fanduel,FanDuel,best_available_across_quoted_books,all_quoted_books,4731bd370d2e9b625c4bc720b6dbddba,2026-08-23T17:15:01+00:00,model_production_20260822T054104658649Z,production,raw_lgbm,63e6fb180fed2fece8bb065958c060f85ff789d445f484759597a159582ec117,features_20260823T130930123748Z,fb401dc56db0b73ca3235900fdffcc70a8c1b61001694bce7e97652fabffe60b,features_20260822T054058128142Z,paper
predict_20260823T171501445731Z_824071,predict_20260823T171501445731Z,2026-08-23T17:15:01+00:00,2026-08-23 00:00:00,824071,2026-08-23T18:10:00Z,KC,DET,Daniel Lynch IV,Jacob Waguespack,0.4867671694359508,0.4805194805194805,0.4948905109489051,0.0143710304294246,0.4883720930232558,-0.001604923587305,102.0,-107.0,False,,True,,eligible_no_edge,True,True,True,True,9.0,9.0,0.0063899005046749,0.0264473358496332,betrivers,BetRivers,mybookieag,MyBookie.ag,best_available_across_quoted_books,all_quoted_books,15cfe72fafc6b5bc917827c3d0fb3a3e,2026-08-23T17:15:01+00:00,model_production_20260822T054104658649Z,production,raw_lgbm,63e6fb180fed2fece8bb065958c060f85ff789d445f484759597a159582ec117,features_20260823T130930123748Z,fb401dc56db0b73ca3235900fdffcc70a8c1b61001694bce7e97652fabffe60b,features_20260822T054058128142Z,paper
predict_20260823T171501445731Z_823909,predict_20260823T171501445731Z,2026-08-23T17:15:01+00:00,2026-08-23 00:00:00,823909,2026-08-23T20:10:00Z,LAD,PIT,Blake Snell,Lake Bachar,0.7220656696453552,0.6982758620689655,0.7368421052631579,0.0385662431941923,0.7168493049937487,0.0052163646516065,-270.0,255.0,False,,False,lineups_not_posted,ineligible,True,False,True,True,9.0,9.0,0.0072567463634372,0.0242603672082318,fanduel,FanDuel,betrivers,BetRivers,best_available_across_quoted_books,all_quoted_books,a0767b1624cd67e6552807bd00d4b2ee,2026-08-23T17:15:01+00:00,model_production_20260822T054104658649Z,production,raw_lgbm,63e6fb180fed2fece8bb065958c060f85ff789d445f484759597a159582ec117,features_20260823T130930123748Z,fb401dc56db0b73ca3235900fdffcc70a8c1b61001694bce7e97652fabffe60b,features_20260822T054058128142Z,paper
predict_20260823T171501445731Z_823827,predict_20260823T171501445731Z,2026-08-23T17:15:01+00:00,2026-08-23 00:00:00,823827,2026-08-23T17:40:00Z,MIA,WSH,Janson Junk,Jackson Kent,0.6348032777563308,0.5904159132007233,0.6186440677966102,0.0282281545958869,0.5945093089302619,0.0402939688260689,-155.0,146.0,False,,True,,eligible_no_edge,True,True,True,True,9.0,9.0,0.0030270615449499,0.0085487469565428,lowvig,LowVig.ag,fanduel,FanDuel,best_available_across_quoted_books,all_quoted_books,7ef0cb74e5060370ebecf7de3a8a3ee2,2026-08-23T17:15:01+00:00,model_production_20260822T054104658649Z,production,raw_lgbm,63e6fb180fed2fece8bb065958c060f85ff789d445f484759597a159582ec117,features_20260823T130930123748Z,fb401dc56db0b73ca3235900fdffcc70a8c1b61001694bce7e97652fabffe60b,features_20260822T054058128142Z,paper
predict_20260823T171501445731Z_823745,predict_20260823T171501445731Z,2026-08-23T17:15:01+00:00,2026-08-23 00:00:00,823745,2026-08-23T23:10:00Z,MIL,ATL,Shane Drohan,Tyler Mahle,0.5437445303092457,0.5142857142857142,0.5407098121085596,0.0264240978228453,0.521797153024911,0.0219473772843347,-112.0,106.0,False,,False,lineups_not_posted,ineligible,True,False,False,True,9.0,9.0,0.0029782203776219,0.0110537786934481,draftkings,DraftKings,fanduel,FanDuel,best_available_across_quoted_books,all_quoted_books,bda345f597a8317d5812e066bfdd364a,2026-08-23T17:15:01+00:00,model_production_20260822T054104658649Z,production,raw_lgbm,63e6fb180fed2fece8bb065958c060f85ff789d445f484759597a159582ec117,features_20260823T130930123748Z,fb401dc56db0b73ca3235900fdffcc70a8c1b61001694bce7e97652fabffe60b,features_20260822T054058128142Z,paper
predict_20260823T171501445731Z_823507,predict_20260823T171501445731Z,2026-08-23T17:15:01+00:00,2026-08-23 00:00:00,823507,2026-08-23T17:35:00Z,NYY,TOR,Carlos Rodon,Jose Soriano,0.5655132013057456,0.5904159132007233,0.5753424657534246,0.0150734474472986,0.5390276170001653,0.0264855843055802,-121.0,115.0,False,,True,,eligible_no_edge,True,True,True,True,9.0,9.0,0.0039212609885073,0.0137422646830819,betonlineag,BetOnline.ag,betrivers,BetRivers,best_available_across_quoted_books,all_quoted_books,d9bbd7d0eafee71f6c247c16a8110194,2026-08-23T17:15:01+00:00,model_production_20260822T054104658649Z,production,raw_lgbm,63e6fb180fed2fece8bb065958c060f85ff789d445f484759597a159582ec117,features_20260823T130930123748Z,fb401dc56db0b73ca3235900fdffcc70a8c1b61001694bce7e97652fabffe60b,features_20260822T054058128142Z,paper
predict_20260823T171501445731Z_823421,predict_20260823T171501445731Z,2026-08-23T17:15:01+00:00,2026-08-23 00:00:00,823421,2026-08-23T17:35:00Z,PHI,STL,Cristopher Sanchez,Kyle Leahy,0.6572963116814832,0.6982758620689655,0.6610169491525424,0.0372589129164231,0.6622465491588744,-0.0049502374773912,-205.0,200.0,False,,True,,eligible_no_edge,True,True,True,True,9.0,9.0,0.005258510987409,0.0191843805909204,betrivers,BetRivers,draftkings,DraftKings,best_available_across_quoted_books,all_quoted_books,e8147bd69a2caf63f87fb43a5fe6e09a,2026-08-23T17:15:01+00:00,model_production_20260822T054104658649Z,production,raw_lgbm,63e6fb180fed2fece8bb065958c060f85ff789d445f484759597a159582ec117,features_20260823T130930123748Z,fb401dc56db0b73ca3235900fdffcc70a8c1b61001694bce7e97652fabffe60b,features_20260822T054058128142Z,paper
predict_20260823T171501445731Z_823258,predict_20260823T171501445731Z,2026-08-23T17:15:01+00:00,2026-08-23 00:00:00,823258,2026-08-23T20:10:00Z,SD,MIN,Walker Buehler,Bailey Ober,0.6064712929433572,0.5904159132007233,0.6186440677966102,0.0282281545958869,0.5810079557598683,0.0254633371834889,-137.0,138.0,False,,True,,eligible_no_edge,True,True,True,True,9.0,9.0,0.007347632039096,0.0270250988262447,betrivers,BetRivers,fanduel,FanDuel,best_available_across_quoted_books,all_quoted_books,e51668b233a9e89462f303ece6fac37e,2026-08-23T17:15:01+00:00,model_production_20260822T054104658649Z,production,raw_lgbm,63e6fb180fed2fece8bb065958c060f85ff789d445f484759597a159582ec117,features_20260823T130930123748Z,fb401dc56db0b73ca3235900fdffcc70a8c1b61001694bce7e97652fabffe60b,features_20260822T054058128142Z,paper
predict_20260823T171501445731Z_823099,predict_20260823T171501445731Z,2026-08-23T17:15:01+00:00,2026-08-23 00:00:00,823099,2026-08-23T20:10:00Z,SEA,CHC,Bryce Miller,Shota Imanaga,0.4915761349437555,0.5102040816326532,0.4948905109489051,0.015313570683748,0.4782608695652174,0.0133152653785381,105.0,-113.0,False,,False,lineups_not_posted,ineligible,True,False,True,True,9.0,9.0,0.0031642196985053,0.0109136372794858,betonlineag,BetOnline.ag,draftkings,DraftKings,best_available_across_quoted_books,all_quoted_books,e6f26058dfb5f8b200172c931504958b,2026-08-23T17:15:01+00:00,model_production_20260822T054104658649Z,production,raw_lgbm,63e6fb180fed2fece8bb065958c060f85ff789d445f484759597a159582ec117,features_20260823T130930123748Z,fb401dc56db0b73ca3235900fdffcc70a8c1b61001694bce7e97652fabffe60b,features_20260822T054058128142Z,paper
predict_20260823T171501445731Z_822856,predict_20260823T171501445731Z,2026-08-23T17:15:01+00:00,2026-08-23 00:00:00,822856,2026-08-23T18:35:00Z,TEX,LAA,Cal Quantrill,Yusei Kikuchi,0.5287753036912792,0.5121951219512196,0.5307557117750439,0.0185605898238242,0.5956830409729075,-0.0669077372816282,-154.0,143.0,False,,False,lineups_not_posted,ineligible,True,False,True,True,9.0,9.0,0.002905340960567,0.0102556941473653,fanduel,FanDuel,draftkings,DraftKings,best_available_across_quoted_books,all_quoted_books,b6073dfd7753c58a0019a50ee954f355,2026-08-23T17:15:01+00:00,model_production_20260822T054104658649Z,production,raw_lgbm,63e6fb180fed2fece8bb065958c060f85ff789d445f484759597a159582ec117,features_20260823T130930123748Z,fb401dc56db0b73ca3235900fdffcc70a8c1b61001694bce7e97652fabffe60b,features_20260822T054058128142Z,paper
predict_20260823T172001300102Z_825043,predict_20260823T172001300102Z,2026-08-23T17:20:01+00:00,2026-08-23 00:00:00,825043,2026-08-23T20:15:00Z,ARI,CIN,Mitch Bratt,Andrew Abbott,0.5147467162456928,0.5365853658536586,0.5304990757855821,0.0060862900680764,0.5534321372854915,-0.0386854210397986,-129.0,120.0,False,,False,lineups_not_posted,ineligible,True,False,True,True,9.0,9.0,0.0015176179227087,0.004454750520817,draftkings,DraftKings,fanduel,FanDuel,best_available_across_quoted_books,all_quoted_books,48805e1d6ad752f8943b4149bd983ec2,2026-08-23T17:20:01+00:00,model_production_20260822T054104658649Z,production,raw_lgbm,63e6fb180fed2fece8bb065958c060f85ff789d445f484759597a159582ec117,features_20260823T130930123748Z,fb401dc56db0b73ca3235900fdffcc70a8c1b61001694bce7e97652fabffe60b,features_20260822T054058128142Z,paper
predict_20260823T172001300102Z_824799,predict_20260823T172001300102Z,2026-08-23T17:20:01+00:00,2026-08-23 00:00:00,824799,2026-08-23T17:35:00Z,BAL,TB,Shane Baz,Nick Martinez,0.4819388108519885,0.5102040816326532,0.4948905109489051,0.015313570683748,0.5059365501519757,-0.0239977392999872,-103.0,-101.0,False,,True,,eligible_no_edge,True,True,True,True,9.0,9.0,0.0063968704001229,0.0208076309504773,lowvig,LowVig.ag,draftkings,DraftKings,best_available_across_quoted_books,all_quoted_books,919b54b699710c4b1f18913861564941,2026-08-23T17:20:01+00:00,model_production_20260822T054104658649Z,production,raw_lgbm,63e6fb180fed2fece8bb065958c060f85ff789d445f484759597a159582ec117,features_20260823T130930123748Z,fb401dc56db0b73ca3235900fdffcc70a8c1b61001694bce7e97652fabffe60b,features_20260822T054058128142Z,paper
predict_20260823T172001300102Z_824720,predict_20260823T172001300102Z,2026-08-23T17:20:01+00:00,2026-08-23 00:00:00,824720,2026-08-23T19:15:00Z,BOS,SF,Jake Bennett,Matt Wilkinson,0.6057380114294428,0.5904159132007233,0.6186440677966102,0.0282281545958869,0.6578032087961404,-0.0520651973666975,-200.0,189.0,False,,True,,eligible_no_edge,True,True,True,True,9.0,9.0,0.0053073943907853,0.0169306721748638,betrivers,BetRivers,draftkings,DraftKings,best_available_across_quoted_books,all_quoted_books,6f52474e91dc8f86fc924dc34be66354,2026-08-23T17:20:01+00:00,model_production_20260822T054104658649Z,production,raw_lgbm,63e6fb180fed2fece8bb065958c060f85ff789d445f484759597a159582ec117,features_20260823T130930123748Z,fb401dc56db0b73ca3235900fdffcc70a8c1b61001694bce7e97652fabffe60b,features_20260822T054058128142Z,paper
predict_20260823T172001300102Z_824315,predict_20260823T172001300102Z,2026-08-23T17:20:01+00:00,2026-08-23 00:00:00,824315,2026-08-23T19:10:00Z,COL,CLE,Tomoyuki Sugano,Foster Griffin,0.4799602914379011,0.4468085106382978,0.4948905109489051,0.0480820003106072,0.4021110831867303,0.0778492082511708,147.0,-156.0,True,HOME,True,,bet_candidate,True,True,True,True,9.0,9.0,0.0021623348044939,0.007986260908809,draftkings,DraftKings,fanduel,FanDuel,best_available_across_quoted_books,all_quoted_books,8382b682e2f2b236e23d2867f1ad2174,2026-08-23T17:20:01+00:00,model_production_20260822T054104658649Z,production,raw_lgbm,63e6fb180fed2fece8bb065958c060f85ff789d445f484759597a159582ec117,features_20260823T130930123748Z,fb401dc56db0b73ca3235900fdffcc70a8c1b61001694bce7e97652fabffe60b,features_20260822T054058128142Z,paper
predict_20260823T172001300102Z_824558,predict_20260823T172001300102Z,2026-08-23T17:20:01+00:00,2026-08-23 00:00:00,824558,2026-08-23T18:10:00Z,CWS,NYM,Sean Newcomb,Nolan McLean,0.4728512383379705,0.4736842105263157,0.4948905109489051,0.0212063004225893,0.5,-0.0271487616620294,-102.0,-104.0,False,,True,,eligible_no_edge,True,True,True,True,9.0,9.0,0.0023846290187469,0.0090440667231839,draftkings,DraftKings,fanduel,FanDuel,best_available_across_quoted_books,all_quoted_books,4540181038b62ff0f7b86c43d390b7d1,2026-08-23T17:20:01+00:00,model_production_20260822T054104658649Z,production,raw_lgbm,63e6fb180fed2fece8bb065958c060f85ff789d445f484759597a159582ec117,features_20260823T130930123748Z,fb401dc56db0b73ca3235900fdffcc70a8c1b61001694bce7e97652fabffe60b,features_20260822T054058128142Z,paper
predict_20260823T172001300102Z_824150,predict_20260823T172001300102Z,2026-08-23T17:20:01+00:00,2026-08-23 00:00:00,824150,2026-08-23T18:10:00Z,HOU,OAK,Cristian Javier,Brady Basso,0.6391655454234252,0.5904159132007233,0.6186440677966102,0.0282281545958869,0.6183206106870229,0.0208449347364022,-172.0,162.0,False,,True,,eligible_no_edge,True,True,True,True,9.0,9.0,0.0049101985372457,0.0173127107971972,lowvig,LowVig.ag,fanduel,FanDuel,best_available_across_quoted_books,all_quoted_books,4731bd370d2e9b625c4bc720b6dbddba,2026-08-23T17:20:01+00:00,model_production_20260822T054104658649Z,production,raw_lgbm,63e6fb180fed2fece8bb065958c060f85ff789d445f484759597a159582ec117,features_20260823T130930123748Z,fb401dc56db0b73ca3235900fdffcc70a8c1b61001694bce7e97652fabffe60b,features_20260822T054058128142Z,paper
predict_20260823T172001300102Z_824071,predict_20260823T172001300102Z,2026-08-23T17:20:01+00:00,2026-08-23 00:00:00,824071,2026-08-23T18:10:00Z,KC,DET,Daniel Lynch IV,Jacob Waguespack,0.4867671694359508,0.4805194805194805,0.4948905109489051,0.0143710304294246,0.4883720930232558,-0.001604923587305,102.0,-107.0,False,,True,,eligible_no_edge,True,True,True,True,9.0,9.0,0.0063899005046749,0.0264473358496332,betrivers,BetRivers,mybookieag,MyBookie.ag,best_available_across_quoted_books,all_quoted_books,15cfe72fafc6b5bc917827c3d0fb3a3e,2026-08-23T17:20:01+00:00,model_production_20260822T054104658649Z,production,raw_lgbm,63e6fb180fed2fece8bb065958c060f85ff789d445f484759597a159582ec117,features_20260823T130930123748Z,fb401dc56db0b73ca3235900fdffcc70a8c1b61001694bce7e97652fabffe60b,features_20260822T054058128142Z,paper
predict_20260823T172001300102Z_823909,predict_20260823T172001300102Z,2026-08-23T17:20:01+00:00,2026-08-23 00:00:00,823909,2026-08-23T20:10:00Z,LAD,PIT,Blake Snell,Lake Bachar,0.7220656696453552,0.6982758620689655,0.7368421052631579,0.0385662431941923,0.7157126392623895,0.0063530303829657,-270.0,255.0,False,,False,lineups_not_posted,ineligible,True,False,True,True,9.0,9.0,0.0072834912979764,0.0242603672082318,fanduel,FanDuel,betrivers,BetRivers,best_available_across_quoted_books,all_quoted_books,a0767b1624cd67e6552807bd00d4b2ee,2026-08-23T17:20:01+00:00,model_production_20260822T054104658649Z,production,raw_lgbm,63e6fb180fed2fece8bb065958c060f85ff789d445f484759597a159582ec117,features_20260823T130930123748Z,fb401dc56db0b73ca3235900fdffcc70a8c1b61001694bce7e97652fabffe60b,features_20260822T054058128142Z,paper
predict_20260823T172001300102Z_823827,predict_20260823T172001300102Z,2026-08-23T17:20:01+00:00,2026-08-23 00:00:00,823827,2026-08-23T17:40:00Z,MIA,WSH,Janson Junk,Jackson Kent,0.6348032777563308,0.5904159132007233,0.6186440677966102,0.0282281545958869,0.5945093089302619,0.0402939688260689,-155.0,146.0,False,,True,,eligible_no_edge,True,True,True,True,9.0,9.0,0.0030270615449499,0.0085487469565428,lowvig,LowVig.ag,fanduel,FanDuel,best_available_across_quoted_books,all_quoted_books,7ef0cb74e5060370ebecf7de3a8a3ee2,2026-08-23T17:20:01+00:00,model_production_20260822T054104658649Z,production,raw_lgbm,63e6fb180fed2fece8bb065958c060f85ff789d445f484759597a159582ec117,features_20260823T130930123748Z,fb401dc56db0b73ca3235900fdffcc70a8c1b61001694bce7e97652fabffe60b,features_20260822T054058128142Z,paper
predict_20260823T172001300102Z_823745,predict_20260823T172001300102Z,2026-08-23T17:20:01+00:00,2026-08-23 00:00:00,823745,2026-08-23T23:10:00Z,MIL,ATL,Shane Drohan,Tyler Mahle,0.5437445303092457,0.5142857142857142,0.5407098121085596,0.0264240978228453,0.521797153024911,0.0219473772843347,-112.0,106.0,False,,False,lineups_not_posted,ineligible,True,False,False,True,9.0,9.0,0.0029782203776219,0.0110537786934481,draftkings,DraftKings,fanduel,FanDuel,best_available_across_quoted_books,all_quoted_books,bda345f597a8317d5812e066bfdd364a,2026-08-23T17:20:01+00:00,model_production_20260822T054104658649Z,production,raw_lgbm,63e6fb180fed2fece8bb065958c060f85ff789d445f484759597a159582ec117,features_20260823T130930123748Z,fb401dc56db0b73ca3235900fdffcc70a8c1b61001694bce7e97652fabffe60b,features_20260822T054058128142Z,paper
predict_20260823T172001300102Z_823507,predict_20260823T172001300102Z,2026-08-23T17:20:01+00:00,2026-08-23 00:00:00,823507,2026-08-23T17:35:00Z,NYY,TOR,Carlos Rodon,Jose Soriano,0.5655132013057456,0.5904159132007233,0.5753424657534246,0.0150734474472986,0.5378288134212884,0.0276843878844571,-116.0,115.0,False,,True,,eligible_no_edge,True,True,True,True,9.0,9.0,0.0066197230028564,0.0245576445075517,betonlineag,BetOnline.ag,betrivers,BetRivers,best_available_across_quoted_books,all_quoted_books,d9bbd7d0eafee71f6c247c16a8110194,2026-08-23T17:20:01+00:00,model_production_20260822T054104658649Z,production,raw_lgbm,63e6fb180fed2fece8bb065958c060f85ff789d445f484759597a159582ec117,features_20260823T130930123748Z,fb401dc56db0b73ca3235900fdffcc70a8c1b61001694bce7e97652fabffe60b,features_20260822T054058128142Z,paper
predict_20260823T172001300102Z_823421,predict_20260823T172001300102Z,2026-08-23T17:20:01+00:00,2026-08-23 00:00:00,823421,2026-08-23T17:35:00Z,PHI,STL,Cristopher Sanchez,Kyle Leahy,0.6572963116814832,0.6982758620689655,0.6610169491525424,0.0372589129164231,0.6622465491588744,-0.0049502374773912,-200.0,200.0,False,,True,,eligible_no_edge,True,True,True,True,9.0,9.0,0.0063319360236622,0.0251403465950694,betrivers,BetRivers,draftkings,DraftKings,best_available_across_quoted_books,all_quoted_books,e8147bd69a2caf63f87fb43a5fe6e09a,2026-08-23T17:20:01+00:00,model_production_20260822T054104658649Z,production,raw_lgbm,63e6fb180fed2fece8bb065958c060f85ff789d445f484759597a159582ec117,features_20260823T130930123748Z,fb401dc56db0b73ca3235900fdffcc70a8c1b61001694bce7e97652fabffe60b,features_20260822T054058128142Z,paper
predict_20260823T172001300102Z_823258,predict_20260823T172001300102Z,2026-08-23T17:20:01+00:00,2026-08-23 00:00:00,823258,2026-08-23T20:10:00Z,SD,MIN,Walker Buehler,Bailey Ober,0.6064712929433572,0.5904159132007233,0.6186440677966102,0.0282281545958869,0.5810079557598683,0.0254633371834889,-137.0,138.0,False,,True,,eligible_no_edge,True,True,True,True,9.0,9.0,0.007347632039096,0.0270250988262447,betrivers,BetRivers,fanduel,FanDuel,best_available_across_quoted_books,all_quoted_books,e51668b233a9e89462f303ece6fac37e,2026-08-23T17:20:01+00:00,model_production_20260822T054104658649Z,production,raw_lgbm,63e6fb180fed2fece8bb065958c060f85ff789d445f484759597a159582ec117,features_20260823T130930123748Z,fb401dc56db0b73ca3235900fdffcc70a8c1b61001694bce7e97652fabffe60b,features_20260822T054058128142Z,paper
predict_20260823T172001300102Z_823099,predict_20260823T172001300102Z,2026-08-23T17:20:01+00:00,2026-08-23 00:00:00,823099,2026-08-23T20:10:00Z,SEA,CHC,Bryce Miller,Shota Imanaga,0.4915761349437555,0.5102040816326532,0.4948905109489051,0.015313570683748,0.4782608695652174,0.0133152653785381,105.0,-113.0,False,,False,lineups_not_posted,ineligible,True,False,True,True,9.0,9.0,0.0031642196985053,0.0109136372794858,betonlineag,BetOnline.ag,draftkings,DraftKings,best_available_across_quoted_books,all_quoted_books,e6f26058dfb5f8b200172c931504958b,2026-08-23T17:20:01+00:00,model_production_20260822T054104658649Z,production,raw_lgbm,63e6fb180fed2fece8bb065958c060f85ff789d445f484759597a159582ec117,features_20260823T130930123748Z,fb401dc56db0b73ca3235900fdffcc70a8c1b61001694bce7e97652fabffe60b,features_20260822T054058128142Z,paper
predict_20260823T172001300102Z_822856,predict_20260823T172001300102Z,2026-08-23T17:20:01+00:00,2026-08-23 00:00:00,822856,2026-08-23T18:35:00Z,TEX,LAA,Cal Quantrill,Yusei Kikuchi,0.5287753036912792,0.5121951219512196,0.5307557117750439,0.0185605898238242,0.5956830409729075,-0.0669077372816282,-154.0,143.0,False,,False,lineups_not_posted,ineligible,True,False,True,True,9.0,9.0,0.002905340960567,0.0102556941473653,fanduel,FanDuel,draftkings,DraftKings,best_available_across_quoted_books,all_quoted_books,b6073dfd7753c58a0019a50ee954f355,2026-08-23T17:20:01+00:00,model_production_20260822T054104658649Z,production,raw_lgbm,63e6fb180fed2fece8bb065958c060f85ff789d445f484759597a159582ec117,features_20260823T130930123748Z,fb401dc56db0b73ca3235900fdffcc70a8c1b61001694bce7e97652fabffe60b,features_20260822T054058128142Z,paper
predict_20260823T174524435328Z_825043,predict_20260823T174524435328Z,2026-08-23T17:45:24+00:00,2026-08-23 00:00:00,825043,2026-08-23T20:15:00Z,ARI,CIN,Mitch Bratt,Andrew Abbott,0.5091501156245495,0.5365853658536586,0.5304990757855821,0.0060862900680764,0.5542635658914729,-0.0451134502669233,-129.0,123.0,False,,True,,eligible_no_edge,True,True,True,True,9.0,9.0,0.0037260228387866,0.013198118757047,draftkings,DraftKings,betrivers,BetRivers,best_available_across_quoted_books,all_quoted_books,48805e1d6ad752f8943b4149bd983ec2,2026-08-23T17:45:24+00:00,model_production_20260822T054104658649Z,production,raw_lgbm,63e6fb180fed2fece8bb065958c060f85ff789d445f484759597a159582ec117,features_20260823T130930123748Z,fb401dc56db0b73ca3235900fdffcc70a8c1b61001694bce7e97652fabffe60b,features_20260822T054058128142Z,paper
predict_20260823T174524435328Z_824799,predict_20260823T174524435328Z,2026-08-23T17:45:24+00:00,2026-08-23 00:00:00,824799,2026-08-23T17:35:00Z,BAL,TB,Shane Baz,Nick Martinez,0.4819388108519885,0.5102040816326532,0.4948905109489051,0.015313570683748,0.5560173814471944,-0.0740785705952059,-108.0,125.0,True,AWAY,True,,bet_candidate,True,True,True,True,9.0,9.0,0.0306207832103631,0.0842693198610979,lowvig,LowVig.ag,fanduel,FanDuel,best_available_across_quoted_books,all_quoted_books,919b54b699710c4b1f18913861564941,2026-08-23T17:45:24+00:00,model_production_20260822T054104658649Z,production,raw_lgbm,63e6fb180fed2fece8bb065958c060f85ff789d445f484759597a159582ec117,features_20260823T130930123748Z,fb401dc56db0b73ca3235900fdffcc70a8c1b61001694bce7e97652fabffe60b,features_20260822T054058128142Z,paper
predict_20260823T174524435328Z_824720,predict_20260823T174524435328Z,2026-08-23T17:45:24+00:00,2026-08-23 00:00:00,824720,2026-08-23T19:15:00Z,BOS,SF,Jake Bennett,Matt Wilkinson,0.6057380114294428,0.5904159132007233,0.6186440677966102,0.0282281545958869,0.6578032087961404,-0.0520651973666975,-195.0,189.0,False,,True,,eligible_no_edge,True,True,True,True,9.0,9.0,0.0058959337961822,0.018887023796462,betrivers,BetRivers,draftkings,DraftKings,best_available_across_quoted_books,all_quoted_books,6f52474e91dc8f86fc924dc34be66354,2026-08-23T17:45:24+00:00,model_production_20260822T054104658649Z,production,raw_lgbm,63e6fb180fed2fece8bb065958c060f85ff789d445f484759597a159582ec117,features_20260823T130930123748Z,fb401dc56db0b73ca3235900fdffcc70a8c1b61001694bce7e97652fabffe60b,features_20260822T054058128142Z,paper
predict_20260823T174524435328Z_824315,predict_20260823T174524435328Z,2026-08-23T17:45:24+00:00,2026-08-23 00:00:00,824315,2026-08-23T19:10:00Z,COL,CLE,Tomoyuki Sugano,Foster Griffin,0.4799602914379011,0.4468085106382978,0.4948905109489051,0.0480820003106072,0.4019067202542293,0.0780535711836717,150.0,-158.0,True,HOME,True,,bet_candidate,True,True,True,True,9.0,9.0,0.0061701445978088,0.0228401191658391,betrivers,BetRivers,fanduel,FanDuel,best_available_across_quoted_books,all_quoted_books,8382b682e2f2b236e23d2867f1ad2174,2026-08-23T17:45:24+00:00,model_production_20260822T054104658649Z,production,raw_lgbm,63e6fb180fed2fece8bb065958c060f85ff789d445f484759597a159582ec117,features_20260823T130930123748Z,fb401dc56db0b73ca3235900fdffcc70a8c1b61001694bce7e97652fabffe60b,features_20260822T054058128142Z,paper
predict_20260823T174524435328Z_824558,predict_20260823T174524435328Z,2026-08-23T17:45:24+00:00,2026-08-23 00:00:00,824558,2026-08-23T18:10:00Z,CWS,NYM,Sean Newcomb,Nolan McLean,0.4728512383379705,0.4736842105263157,0.4948905109489051,0.0212063004225893,0.5,-0.0271487616620294,-104.0,-101.0,False,,True,,eligible_no_edge,True,True,True,True,9.0,9.0,0.0026711675094067,0.0092680440424754,fanduel,FanDuel,draftkings,DraftKings,best_available_across_quoted_books,all_quoted_books,4540181038b62ff0f7b86c43d390b7d1,2026-08-23T17:45:24+00:00,model_production_20260822T054104658649Z,production,raw_lgbm,63e6fb180fed2fece8bb065958c060f85ff789d445f484759597a159582ec117,features_20260823T130930123748Z,fb401dc56db0b73ca3235900fdffcc70a8c1b61001694bce7e97652fabffe60b,features_20260822T054058128142Z,paper
predict_20260823T174524435328Z_824150,predict_20260823T174524435328Z,2026-08-23T17:45:24+00:00,2026-08-23 00:00:00,824150,2026-08-23T18:10:00Z,HOU,OAK,Cristian Javier,Brady Basso,0.6391655454234252,0.5904159132007233,0.6186440677966102,0.0282281545958869,0.6183206106870229,0.0208449347364022,-172.0,162.0,False,,True,,eligible_no_edge,True,True,True,True,9.0,9.0,0.0043013660707812,0.0153595895128043,lowvig,LowVig.ag,fanduel,FanDuel,best_available_across_quoted_books,all_quoted_books,4731bd370d2e9b625c4bc720b6dbddba,2026-08-23T17:45:24+00:00,model_production_20260822T054104658649Z,production,raw_lgbm,63e6fb180fed2fece8bb065958c060f85ff789d445f484759597a159582ec117,features_20260823T130930123748Z,fb401dc56db0b73ca3235900fdffcc70a8c1b61001694bce7e97652fabffe60b,features_20260822T054058128142Z,paper
predict_20260823T174524435328Z_824071,predict_20260823T174524435328Z,2026-08-23T17:45:24+00:00,2026-08-23 00:00:00,824071,2026-08-23T18:10:00Z,KC,DET,Daniel Lynch IV,Jacob Waguespack,0.4867671694359508,0.4805194805194805,0.4948905109489051,0.0143710304294246,0.4913359902963091,-0.0045688208603583,100.0,-107.0,False,,True,,eligible_no_edge,True,True,True,True,9.0,9.0,0.0036724608237702,0.0130601187487849,draftkings,DraftKings,mybookieag,MyBookie.ag,best_available_across_quoted_books,all_quoted_books,15cfe72fafc6b5bc917827c3d0fb3a3e,2026-08-23T17:45:24+00:00,model_production_20260822T054104658649Z,production,raw_lgbm,63e6fb180fed2fece8bb065958c060f85ff789d445f484759597a159582ec117,features_20260823T130930123748Z,fb401dc56db0b73ca3235900fdffcc70a8c1b61001694bce7e97652fabffe60b,features_20260822T054058128142Z,paper
predict_20260823T174524435328Z_823909,predict_20260823T174524435328Z,2026-08-23T17:45:24+00:00,2026-08-23 00:00:00,823909,2026-08-23T20:10:00Z,LAD,PIT,Blake Snell,Lake Bachar,0.6988286609241728,0.6982758620689655,0.7368421052631579,0.0385662431941923,0.7205882352941176,-0.0217595743699448,-275.0,260.0,False,,True,,eligible_no_edge,True,True,True,True,9.0,9.0,0.0064235938940225,0.0254661734337067,mybookieag,MyBookie.ag,betrivers,BetRivers,best_available_across_quoted_books,all_quoted_books,a0767b1624cd67e6552807bd00d4b2ee,2026-08-23T17:45:24+00:00,model_production_20260822T054104658649Z,production,raw_lgbm,63e6fb180fed2fece8bb065958c060f85ff789d445f484759597a159582ec117,features_20260823T130930123748Z,fb401dc56db0b73ca3235900fdffcc70a8c1b61001694bce7e97652fabffe60b,features_20260822T054058128142Z,paper
predict_20260823T174524435328Z_823827,predict_20260823T174524435328Z,2026-08-23T17:45:24+00:00,2026-08-23 00:00:00,823827,2026-08-23T17:40:00Z,MIA,WSH,Janson Junk,Jackson Kent,0.6348032777563308,0.5904159132007233,0.6186440677966102,0.0282281545958869,0.606245756958588,0.0285575207977428,-157.0,170.0,False,,True,,eligible_no_edge,True,True,True,True,9.0,9.0,0.0171773130807744,0.0471845021446566,betus,BetUS,draftkings,DraftKings,best_available_across_quoted_books,all_quoted_books,7ef0cb74e5060370ebecf7de3a8a3ee2,2026-08-23T17:45:24+00:00,model_production_20260822T054104658649Z,production,raw_lgbm,63e6fb180fed2fece8bb065958c060f85ff789d445f484759597a159582ec117,features_20260823T130930123748Z,fb401dc56db0b73ca3235900fdffcc70a8c1b61001694bce7e97652fabffe60b,features_20260822T054058128142Z,paper
predict_20260823T174524435328Z_823745,predict_20260823T174524435328Z,2026-08-23T17:45:24+00:00,2026-08-23 00:00:00,823745,2026-08-23T23:10:00Z,MIL,ATL,Shane Drohan,Tyler Mahle,0.5437445303092457,0.5142857142857142,0.5407098121085596,0.0264240978228453,0.521797153024911,0.0219473772843347,-112.0,106.0,False,,False,lineups_not_posted,ineligible,True,False,False,True,9.0,9.0,0.0033536268646371,0.013223010690671,draftkings,DraftKings,fanduel,FanDuel,best_available_across_quoted_books,all_quoted_books,bda345f597a8317d5812e066bfdd364a,2026-08-23T17:45:24+00:00,model_production_20260822T054104658649Z,production,raw_lgbm,63e6fb180fed2fece8bb065958c060f85ff789d445f484759597a159582ec117,features_20260823T130930123748Z,fb401dc56db0b73ca3235900fdffcc70a8c1b61001694bce7e97652fabffe60b,features_20260822T054058128142Z,paper
predict_20260823T174524435328Z_823507,predict_20260823T174524435328Z,2026-08-23T17:45:24+00:00,2026-08-23 00:00:00,823507,2026-08-23T17:35:00Z,NYY,TOR,Carlos Rodon,Jose Soriano,0.5655132013057456,0.5904159132007233,0.5753424657534246,0.0150734474472986,0.5808885163453478,-0.0153753150396022,-121.0,145.0,False,,True,,eligible_no_edge,True,True,True,True,9.0,9.0,0.0296253223829834,0.0813134745675471,betonlineag,BetOnline.ag,bovada,Bovada,best_available_across_quoted_books,all_quoted_books,d9bbd7d0eafee71f6c247c16a8110194,2026-08-23T17:45:24+00:00,model_production_20260822T054104658649Z,production,raw_lgbm,63e6fb180fed2fece8bb065958c060f85ff789d445f484759597a159582ec117,features_20260823T130930123748Z,fb401dc56db0b73ca3235900fdffcc70a8c1b61001694bce7e97652fabffe60b,features_20260822T054058128142Z,paper
predict_20260823T174524435328Z_823421,predict_20260823T174524435328Z,2026-08-23T17:45:24+00:00,2026-08-23 00:00:00,823421,2026-08-23T17:35:00Z,PHI,STL,Cristopher Sanchez,Kyle Leahy,0.6572963116814832,0.6982758620689655,0.6610169491525424,0.0372589129164231,0.5968489341983318,0.0604473774831513,-145.0,189.0,True,HOME,True,,bet_candidate,True,True,True,True,9.0,9.0,0.0370220960517261,0.093281031917495,fanduel,FanDuel,lowvig,LowVig.ag,best_available_across_quoted_books,all_quoted_books,e8147bd69a2caf63f87fb43a5fe6e09a,2026-08-23T17:45:24+00:00,model_production_20260822T054104658649Z,production,raw_lgbm,63e6fb180fed2fece8bb065958c060f85ff789d445f484759597a159582ec117,features_20260823T130930123748Z,fb401dc56db0b73ca3235900fdffcc70a8c1b61001694bce7e97652fabffe60b,features_20260822T054058128142Z,paper
predict_20260823T174524435328Z_823258,predict_20260823T174524435328Z,2026-08-23T17:45:24+00:00,2026-08-23 00:00:00,823258,2026-08-23T20:10:00Z,SD,MIN,Walker Buehler,Bailey Ober,0.6064712929433572,0.5904159132007233,0.6186440677966102,0.0282281545958869,0.5792858120125872,0.02718548093077,-145.0,137.0,False,,True,,eligible_no_edge,True,True,True,True,9.0,9.0,0.0027094838603952,0.008654945968247,betus,BetUS,draftkings,DraftKings,best_available_across_quoted_books,all_quoted_books,e51668b233a9e89462f303ece6fac37e,2026-08-23T17:45:24+00:00,model_production_20260822T054104658649Z,production,raw_lgbm,63e6fb180fed2fece8bb065958c060f85ff789d445f484759597a159582ec117,features_20260823T130930123748Z,fb401dc56db0b73ca3235900fdffcc70a8c1b61001694bce7e97652fabffe60b,features_20260822T054058128142Z,paper
predict_20260823T174524435328Z_823099,predict_20260823T174524435328Z,2026-08-23T17:45:24+00:00,2026-08-23 00:00:00,823099,2026-08-23T20:10:00Z,SEA,CHC,Bryce Miller,Shota Imanaga,0.4915761349437555,0.5102040816326532,0.4948905109489051,0.015313570683748,0.4769828064337215,0.0145933285100339,108.0,-113.0,False,,False,lineups_not_posted,ineligible,True,False,True,True,9.0,9.0,0.0052447187077692,0.0189818067694036,betrivers,BetRivers,draftkings,DraftKings,best_available_across_quoted_books,all_quoted_books,e6f26058dfb5f8b200172c931504958b,2026-08-23T17:45:24+00:00,model_production_20260822T054104658649Z,production,raw_lgbm,63e6fb180fed2fece8bb065958c060f85ff789d445f484759597a159582ec117,features_20260823T130930123748Z,fb401dc56db0b73ca3235900fdffcc70a8c1b61001694bce7e97652fabffe60b,features_20260822T054058128142Z,paper
predict_20260823T174524435328Z_822856,predict_20260823T174524435328Z,2026-08-23T17:45:24+00:00,2026-08-23 00:00:00,822856,2026-08-23T18:35:00Z,TEX,LAA,Cal Quantrill,Yusei Kikuchi,0.5287753036912792,0.5121951219512196,0.5307557117750439,0.0185605898238242,0.5956830409729075,-0.0669077372816282,-154.0,143.0,True,AWAY,True,,bet_candidate,True,True,True,True,9.0,9.0,0.0022312954019504,0.0072784795838803,fanduel,FanDuel,draftkings,DraftKings,best_available_across_quoted_books,all_quoted_books,b6073dfd7753c58a0019a50ee954f355,2026-08-23T17:45:24+00:00,model_production_20260822T054104658649Z,production,raw_lgbm,63e6fb180fed2fece8bb065958c060f85ff789d445f484759597a159582ec117,features_20260823T130930123748Z,fb401dc56db0b73ca3235900fdffcc70a8c1b61001694bce7e97652fabffe60b,features_20260822T054058128142Z,paper
predict_20260823T181001737052Z_825043,predict_20260823T181001737052Z,2026-08-23T18:10:01+00:00,2026-08-23 00:00:00,825043,2026-08-23T20:15:00Z,ARI,CIN,Mitch Bratt,Andrew Abbott,0.5091501156245495,0.5365853658536586,0.5304990757855821,0.0060862900680764,0.5715403214336511,-0.0623902058091015,-136.0,131.0,True,AWAY,True,,bet_candidate,True,True,True,True,9.0,9.0,0.004643235239988,0.0165084344014962,betrivers,BetRivers,draftkings,DraftKings,best_available_across_quoted_books,all_quoted_books,48805e1d6ad752f8943b4149bd983ec2,2026-08-23T18:10:01+00:00,model_production_20260822T054104658649Z,production,raw_lgbm,63e6fb180fed2fece8bb065958c060f85ff789d445f484759597a159582ec117,features_20260823T130930123748Z,fb401dc56db0b73ca3235900fdffcc70a8c1b61001694bce7e97652fabffe60b,features_20260822T054058128142Z,paper
predict_20260823T181001737052Z_824799,predict_20260823T181001737052Z,2026-08-23T18:10:01+00:00,2026-08-23 00:00:00,824799,2026-08-23T17:35:00Z,BAL,TB,Shane Baz,Nick Martinez,0.4819388108519885,0.5102040816326532,0.4948905109489051,0.015313570683748,0.4813915117157776,0.0005472991362108,107.0,-115.0,False,,True,,eligible_no_edge,True,True,True,True,6.0,6.0,0.0128248212205327,0.0392069613368931,draftkings,DraftKings,fanduel,FanDuel,best_available_across_quoted_books,all_quoted_books,919b54b699710c4b1f18913861564941,2026-08-23T18:10:01+00:00,model_production_20260822T054104658649Z,production,raw_lgbm,63e6fb180fed2fece8bb065958c060f85ff789d445f484759597a159582ec117,features_20260823T130930123748Z,fb401dc56db0b73ca3235900fdffcc70a8c1b61001694bce7e97652fabffe60b,features_20260822T054058128142Z,paper
predict_20260823T181001737052Z_824720,predict_20260823T181001737052Z,2026-08-23T18:10:01+00:00,2026-08-23 00:00:00,824720,2026-08-23T19:15:00Z,BOS,SF,Jake Bennett,Matt Wilkinson,0.6057380114294428,0.5904159132007233,0.6186440677966102,0.0282281545958869,0.6578032087961404,-0.0520651973666975,-195.0,189.0,False,,True,,eligible_no_edge,True,True,True,True,9.0,9.0,0.0060210326444086,0.018887023796462,betrivers,BetRivers,draftkings,DraftKings,best_available_across_quoted_books,all_quoted_books,6f52474e91dc8f86fc924dc34be66354,2026-08-23T18:10:01+00:00,model_production_20260822T054104658649Z,production,raw_lgbm,63e6fb180fed2fece8bb065958c060f85ff789d445f484759597a159582ec117,features_20260823T130930123748Z,fb401dc56db0b73ca3235900fdffcc70a8c1b61001694bce7e97652fabffe60b,features_20260822T054058128142Z,paper
predict_20260823T181001737052Z_824315,predict_20260823T181001737052Z,2026-08-23T18:10:01+00:00,2026-08-23 00:00:00,824315,2026-08-23T19:10:00Z,COL,CLE,Tomoyuki Sugano,Foster Griffin,0.4799602914379011,0.4468085106382978,0.4948905109489051,0.0480820003106072,0.4019067202542293,0.0780535711836717,150.0,-158.0,True,HOME,True,,bet_candidate,True,True,True,True,9.0,9.0,0.0063530406969751,0.0228401191658391,betrivers,BetRivers,fanduel,FanDuel,best_available_across_quoted_books,all_quoted_books,8382b682e2f2b236e23d2867f1ad2174,2026-08-23T18:10:01+00:00,model_production_20260822T054104658649Z,production,raw_lgbm,63e6fb180fed2fece8bb065958c060f85ff789d445f484759597a159582ec117,features_20260823T130930123748Z,fb401dc56db0b73ca3235900fdffcc70a8c1b61001694bce7e97652fabffe60b,features_20260822T054058128142Z,paper
predict_20260823T181001737052Z_824558,predict_20260823T181001737052Z,2026-08-23T18:10:01+00:00,2026-08-23 00:00:00,824558,2026-08-23T18:10:00Z,CWS,NYM,Sean Newcomb,Nolan McLean,0.4728512383379705,0.4736842105263157,0.4948905109489051,0.0212063004225893,0.5,-0.0271487616620294,-102.0,-104.0,False,,True,,eligible_no_edge,True,True,True,True,9.0,9.0,0.0024730948304657,0.0090440667231839,draftkings,DraftKings,fanduel,FanDuel,best_available_across_quoted_books,all_quoted_books,4540181038b62ff0f7b86c43d390b7d1,2026-08-23T18:10:01+00:00,model_production_20260822T054104658649Z,production,raw_lgbm,63e6fb180fed2fece8bb065958c060f85ff789d445f484759597a159582ec117,features_20260823T130930123748Z,fb401dc56db0b73ca3235900fdffcc70a8c1b61001694bce7e97652fabffe60b,features_20260822T054058128142Z,paper
predict_20260823T181001737052Z_824150,predict_20260823T181001737052Z,2026-08-23T18:10:01+00:00,2026-08-23 00:00:00,824150,2026-08-23T18:10:00Z,HOU,OAK,Cristian Javier,Brady Basso,0.6391655454234252,0.5904159132007233,0.6186440677966102,0.0282281545958869,0.6242539338035812,0.014911611619844,-174.0,163.0,False,,True,,eligible_no_edge,True,True,True,True,9.0,9.0,0.002496652483528,0.0081410610323361,fanduel,FanDuel,draftkings,DraftKings,best_available_across_quoted_books,all_quoted_books,4731bd370d2e9b625c4bc720b6dbddba,2026-08-23T18:10:01+00:00,model_production_20260822T054104658649Z,production,raw_lgbm,63e6fb180fed2fece8bb065958c060f85ff789d445f484759597a159582ec117,features_20260823T130930123748Z,fb401dc56db0b73ca3235900fdffcc70a8c1b61001694bce7e97652fabffe60b,features_20260822T054058128142Z,paper
predict_20260823T181001737052Z_824071,predict_20260823T181001737052Z,2026-08-23T18:10:01+00:00,2026-08-23 00:00:00,824071,2026-08-23T18:10:00Z,KC,DET,Daniel Lynch IV,Jacob Waguespack,0.4867671694359508,0.4805194805194805,0.4948905109489051,0.0143710304294246,0.4922600619195047,-0.0054928924835539,100.0,-107.0,False,,True,,eligible_no_edge,True,True,True,True,9.0,9.0,0.0037816951630157,0.0138537895391802,draftkings,DraftKings,mybookieag,MyBookie.ag,best_available_across_quoted_books,all_quoted_books,15cfe72fafc6b5bc917827c3d0fb3a3e,2026-08-23T18:10:01+00:00,model_production_20260822T054104658649Z,production,raw_lgbm,63e6fb180fed2fece8bb065958c060f85ff789d445f484759597a159582ec117,features_20260823T130930123748Z,fb401dc56db0b73ca3235900fdffcc70a8c1b61001694bce7e97652fabffe60b,features_20260822T054058128142Z,paper
predict_20260823T181001737052Z_823909,predict_20260823T181001737052Z,2026-08-23T18:10:01+00:00,2026-08-23 00:00:00,823909,2026-08-23T20:10:00Z,LAD,PIT,Blake Snell,Lake Bachar,0.6988286609241728,0.6982758620689655,0.7368421052631579,0.0385662431941923,0.7205882352941176,-0.0217595743699448,-270.0,260.0,False,,True,,eligible_no_edge,True,True,True,True,9.0,9.0,0.0069839472952339,0.0277754260117295,mybookieag,MyBookie.ag,betrivers,BetRivers,best_available_across_quoted_books,all_quoted_books,a0767b1624cd67e6552807bd00d4b2ee,2026-08-23T18:10:01+00:00,model_production_20260822T054104658649Z,production,raw_lgbm,63e6fb180fed2fece8bb065958c060f85ff789d445f484759597a159582ec117,features_20260823T130930123748Z,fb401dc56db0b73ca3235900fdffcc70a8c1b61001694bce7e97652fabffe60b,features_20260822T054058128142Z,paper
predict_20260823T181001737052Z_823827,predict_20260823T181001737052Z,2026-08-23T18:10:01+00:00,2026-08-23 00:00:00,823827,2026-08-23T17:40:00Z,MIA,WSH,Janson Junk,Jackson Kent,0.6348032777563308,0.5904159132007233,0.6186440677966102,0.0282281545958869,0.7379725936503722,-0.1031693158940413,-250.0,280.0,True,AWAY,True,,bet_candidate,True,True,True,True,6.0,6.0,0.0237965293611231,0.0718390804597701,mybookieag,MyBookie.ag,fanduel,FanDuel,best_available_across_quoted_books,all_quoted_books,7ef0cb74e5060370ebecf7de3a8a3ee2,2026-08-23T18:10:01+00:00,model_production_20260822T054104658649Z,production,raw_lgbm,63e6fb180fed2fece8bb065958c060f85ff789d445f484759597a159582ec117,features_20260823T130930123748Z,fb401dc56db0b73ca3235900fdffcc70a8c1b61001694bce7e97652fabffe60b,features_20260822T054058128142Z,paper
predict_20260823T181001737052Z_823745,predict_20260823T181001737052Z,2026-08-23T18:10:01+00:00,2026-08-23 00:00:00,823745,2026-08-23T23:10:00Z,MIL,ATL,Shane Drohan,Tyler Mahle,0.5437445303092457,0.5142857142857142,0.5407098121085596,0.0264240978228453,0.521797153024911,0.0219473772843347,-113.0,106.0,False,,False,lineups_not_posted,ineligible,True,False,False,True,9.0,9.0,0.0035039187139533,0.013223010690671,draftkings,DraftKings,fanduel,FanDuel,best_available_across_quoted_books,all_quoted_books,bda345f597a8317d5812e066bfdd364a,2026-08-23T18:10:01+00:00,model_production_20260822T054104658649Z,production,raw_lgbm,63e6fb180fed2fece8bb065958c060f85ff789d445f484759597a159582ec117,features_20260823T130930123748Z,fb401dc56db0b73ca3235900fdffcc70a8c1b61001694bce7e97652fabffe60b,features_20260822T054058128142Z,paper
predict_20260823T181001737052Z_823507,predict_20260823T181001737052Z,2026-08-23T18:10:01+00:00,2026-08-23 00:00:00,823507,2026-08-23T17:35:00Z,NYY,TOR,Carlos Rodon,Jose Soriano,0.5655132013057456,0.5904159132007233,0.5753424657534246,0.0150734474472986,0.7426983137290617,-0.1771851124233161,-320.0,280.0,True,AWAY,True,,bet_candidate,True,True,True,True,6.0,6.0,0.0085752974552391,0.0248134843879526,fanduel,FanDuel,fanduel,FanDuel,best_available_across_quoted_books,all_quoted_books,d9bbd7d0eafee71f6c247c16a8110194,2026-08-23T18:10:01+00:00,model_production_20260822T054104658649Z,production,raw_lgbm,63e6fb180fed2fece8bb065958c060f85ff789d445f484759597a159582ec117,features_20260823T130930123748Z,fb401dc56db0b73ca3235900fdffcc70a8c1b61001694bce7e97652fabffe60b,features_20260822T054058128142Z,paper
predict_20260823T181001737052Z_823421,predict_20260823T181001737052Z,2026-08-23T18:10:01+00:00,2026-08-23 00:00:00,823421,2026-08-23T17:35:00Z,PHI,STL,Cristopher Sanchez,Kyle Leahy,0.6572963116814832,0.6982758620689655,0.6610169491525424,0.0372589129164231,0.5135299425663663,0.1437663691151168,-110.0,110.0,True,HOME,True,,bet_candidate,True,True,True,True,6.0,6.0,0.0168311864975113,0.0485347462226156,fanduel,FanDuel,bovada,Bovada,best_available_across_quoted_books,all_quoted_books,e8147bd69a2caf63f87fb43a5fe6e09a,2026-08-23T18:10:01+00:00,model_production_20260822T054104658649Z,production,raw_lgbm,63e6fb180fed2fece8bb065958c060f85ff789d445f484759597a159582ec117,features_20260823T130930123748Z,fb401dc56db0b73ca3235900fdffcc70a8c1b61001694bce7e97652fabffe60b,features_20260822T054058128142Z,paper
predict_20260823T181001737052Z_823258,predict_20260823T181001737052Z,2026-08-23T18:10:01+00:00,2026-08-23 00:00:00,823258,2026-08-23T20:10:00Z,SD,MIN,Walker Buehler,Bailey Ober,0.6064712929433572,0.5904159132007233,0.6186440677966102,0.0282281545958869,0.5792858120125872,0.02718548093077,-145.0,137.0,False,,True,,eligible_no_edge,True,True,True,True,9.0,9.0,0.0037399041253321,0.0130862352133147,betus,BetUS,draftkings,DraftKings,best_available_across_quoted_books,all_quoted_books,e51668b233a9e89462f303ece6fac37e,2026-08-23T18:10:01+00:00,model_production_20260822T054104658649Z,production,raw_lgbm,63e6fb180fed2fece8bb065958c060f85ff789d445f484759597a159582ec117,features_20260823T130930123748Z,fb401dc56db0b73ca3235900fdffcc70a8c1b61001694bce7e97652fabffe60b,features_20260822T054058128142Z,paper
predict_20260823T181001737052Z_823099,predict_20260823T181001737052Z,2026-08-23T18:10:01+00:00,2026-08-23 00:00:00,823099,2026-08-23T20:10:00Z,SEA,CHC,Bryce Miller,Shota Imanaga,0.4915761349437555,0.5102040816326532,0.4948905109489051,0.015313570683748,0.4769828064337215,0.0145933285100339,108.0,-113.0,False,,False,lineups_not_posted,ineligible,True,False,True,True,9.0,9.0,0.0052447187077692,0.0189818067694036,betrivers,BetRivers,draftkings,DraftKings,best_available_across_quoted_books,all_quoted_books,e6f26058dfb5f8b200172c931504958b,2026-08-23T18:10:01+00:00,model_production_20260822T054104658649Z,production,raw_lgbm,63e6fb180fed2fece8bb065958c060f85ff789d445f484759597a159582ec117,features_20260823T130930123748Z,fb401dc56db0b73ca3235900fdffcc70a8c1b61001694bce7e97652fabffe60b,features_20260822T054058128142Z,paper
predict_20260823T181001737052Z_822856,predict_20260823T181001737052Z,2026-08-23T18:10:01+00:00,2026-08-23 00:00:00,822856,2026-08-23T18:35:00Z,TEX,LAA,Cal Quantrill,Yusei Kikuchi,0.5287753036912792,0.5121951219512196,0.5307557117750439,0.0185605898238242,0.5965083053348824,-0.0677330016436031,-152.0,147.0,True,AWAY,True,,bet_candidate,True,True,True,True,9.0,9.0,0.0052226037732811,0.0184977461254099,betrivers,BetRivers,draftkings,DraftKings,best_available_across_quoted_books,all_quoted_books,b6073dfd7753c58a0019a50ee954f355,2026-08-23T18:10:01+00:00,model_production_20260822T054104658649Z,production,raw_lgbm,63e6fb180fed2fece8bb065958c060f85ff789d445f484759597a159582ec117,features_20260823T130930123748Z,fb401dc56db0b73ca3235900fdffcc70a8c1b61001694bce7e97652fabffe60b,features_20260822T054058128142Z,paper
predict_20260823T181502177856Z_825043,predict_20260823T181502177856Z,2026-08-23T18:15:02+00:00,2026-08-23 00:00:00,825043,2026-08-23T20:15:00Z,ARI,CIN,Mitch Bratt,Andrew Abbott,0.5091501156245495,0.5365853658536586,0.5304990757855821,0.0060862900680764,0.5715403214336511,-0.0623902058091015,-136.0,131.0,True,AWAY,True,,bet_candidate,True,True,True,True,9.0,9.0,0.0046242949121676,0.0165084344014962,betrivers,BetRivers,draftkings,DraftKings,best_available_across_quoted_books,all_quoted_books,48805e1d6ad752f8943b4149bd983ec2,2026-08-23T18:15:02+00:00,model_production_20260822T054104658649Z,production,raw_lgbm,63e6fb180fed2fece8bb065958c060f85ff789d445f484759597a159582ec117,features_20260823T130930123748Z,fb401dc56db0b73ca3235900fdffcc70a8c1b61001694bce7e97652fabffe60b,features_20260822T054058128142Z,paper
predict_20260823T181502177856Z_824799,predict_20260823T181502177856Z,2026-08-23T18:15:02+00:00,2026-08-23 00:00:00,824799,2026-08-23T17:35:00Z,BAL,TB,Shane Baz,Nick Martinez,0.4819388108519885,0.5102040816326532,0.4948905109489051,0.015313570683748,0.4473165942787275,0.0346222165732609,130.0,113.0,False,,True,,eligible_no_edge,True,True,True,True,6.0,6.0,0.0419650846264591,0.1322488512037072,betmgm,BetMGM,draftkings,DraftKings,best_available_across_quoted_books,all_quoted_books,919b54b699710c4b1f18913861564941,2026-08-23T18:15:02+00:00,model_production_20260822T054104658649Z,production,raw_lgbm,63e6fb180fed2fece8bb065958c060f85ff789d445f484759597a159582ec117,features_20260823T130930123748Z,fb401dc56db0b73ca3235900fdffcc70a8c1b61001694bce7e97652fabffe60b,features_20260822T054058128142Z,paper
predict_20260823T181502177856Z_824720,predict_20260823T181502177856Z,2026-08-23T18:15:02+00:00,2026-08-23 00:00:00,824720,2026-08-23T19:15:00Z,BOS,SF,Jake Bennett,Matt Wilkinson,0.6057380114294428,0.5904159132007233,0.6186440677966102,0.0282281545958869,0.6578032087961404,-0.0520651973666975,-195.0,189.0,False,,True,,eligible_no_edge,True,True,True,True,9.0,9.0,0.0060210326444086,0.018887023796462,betrivers,BetRivers,draftkings,DraftKings,best_available_across_quoted_books,all_quoted_books,6f52474e91dc8f86fc924dc34be66354,2026-08-23T18:15:02+00:00,model_production_20260822T054104658649Z,production,raw_lgbm,63e6fb180fed2fece8bb065958c060f85ff789d445f484759597a159582ec117,features_20260823T130930123748Z,fb401dc56db0b73ca3235900fdffcc70a8c1b61001694bce7e97652fabffe60b,features_20260822T054058128142Z,paper
predict_20260823T181502177856Z_824315,predict_20260823T181502177856Z,2026-08-23T18:15:02+00:00,2026-08-23 00:00:00,824315,2026-08-23T19:10:00Z,COL,CLE,Tomoyuki Sugano,Foster Griffin,0.4799602914379011,0.4468085106382978,0.4948905109489051,0.0480820003106072,0.4019067202542293,0.0780535711836717,147.0,-158.0,True,HOME,True,,bet_candidate,True,True,True,True,9.0,9.0,0.003647774346342,0.0122614724827194,draftkings,DraftKings,fanduel,FanDuel,best_available_across_quoted_books,all_quoted_books,8382b682e2f2b236e23d2867f1ad2174,2026-08-23T18:15:02+00:00,model_production_20260822T054104658649Z,production,raw_lgbm,63e6fb180fed2fece8bb065958c060f85ff789d445f484759597a159582ec117,features_20260823T130930123748Z,fb401dc56db0b73ca3235900fdffcc70a8c1b61001694bce7e97652fabffe60b,features_20260822T054058128142Z,paper
predict_20260823T181502177856Z_824558,predict_20260823T181502177856Z,2026-08-23T18:15:02+00:00,2026-08-23 00:00:00,824558,2026-08-23T18:10:00Z,CWS,NYM,Sean Newcomb,Nolan McLean,0.4728512383379705,0.4736842105263157,0.4948905109489051,0.0212063004225893,0.5046466242274987,-0.0317953858895281,115.0,115.0,False,,True,,eligible_no_edge,True,True,True,True,9.0,9.0,0.0290358107627086,0.1184891261152498,mybookieag,MyBookie.ag,betmgm,BetMGM,best_available_across_quoted_books,all_quoted_books,4540181038b62ff0f7b86c43d390b7d1,2026-08-23T18:15:02+00:00,model_production_20260822T054104658649Z,production,raw_lgbm,63e6fb180fed2fece8bb065958c060f85ff789d445f484759597a159582ec117,features_20260823T130930123748Z,fb401dc56db0b73ca3235900fdffcc70a8c1b61001694bce7e97652fabffe60b,features_20260822T054058128142Z,paper
predict_20260823T181502177856Z_824150,predict_20260823T181502177856Z,2026-08-23T18:15:02+00:00,2026-08-23 00:00:00,824150,2026-08-23T18:10:00Z,HOU,OAK,Cristian Javier,Brady Basso,0.6391655454234252,0.5904159132007233,0.6186440677966102,0.0282281545958869,0.625,0.0141655454234251,-177.0,182.0,False,,True,,eligible_no_edge,True,True,True,True,9.0,9.0,0.0145589302816178,0.0444984177933659,lowvig,LowVig.ag,draftkings,DraftKings,best_available_across_quoted_books,all_quoted_books,4731bd370d2e9b625c4bc720b6dbddba,2026-08-23T18:15:02+00:00,model_production_20260822T054104658649Z,production,raw_lgbm,63e6fb180fed2fece8bb065958c060f85ff789d445f484759597a159582ec117,features_20260823T130930123748Z,fb401dc56db0b73ca3235900fdffcc70a8c1b61001694bce7e97652fabffe60b,features_20260822T054058128142Z,paper
predict_20260823T181502177856Z_824071,predict_20260823T181502177856Z,2026-08-23T18:15:02+00:00,2026-08-23 00:00:00,824071,2026-08-23T18:10:00Z,KC,DET,Daniel Lynch IV,Jacob Waguespack,0.4867671694359508,0.4805194805194805,0.4948905109489051,0.0143710304294246,0.4930284439486894,-0.0062612745127386,-102.0,-108.0,False,,True,,eligible_no_edge,True,True,True,True,9.0,9.0,0.0060741063031472,0.0203045685279187,betonlineag,BetOnline.ag,betonlineag,BetOnline.ag,best_available_across_quoted_books,all_quoted_books,15cfe72fafc6b5bc917827c3d0fb3a3e,2026-08-23T18:15:02+00:00,model_production_20260822T054104658649Z,production,raw_lgbm,63e6fb180fed2fece8bb065958c060f85ff789d445f484759597a159582ec117,features_20260823T130930123748Z,fb401dc56db0b73ca3235900fdffcc70a8c1b61001694bce7e97652fabffe60b,features_20260822T054058128142Z,paper
predict_20260823T181502177856Z_823909,predict_20260823T181502177856Z,2026-08-23T18:15:02+00:00,2026-08-23 00:00:00,823909,2026-08-23T20:10:00Z,LAD,PIT,Blake Snell,Lake Bachar,0.6988286609241728,0.6982758620689655,0.7368421052631579,0.0385662431941923,0.7205882352941176,-0.0217595743699448,-270.0,260.0,False,,True,,eligible_no_edge,True,True,True,True,9.0,9.0,0.0069839472952339,0.0277754260117295,mybookieag,MyBookie.ag,betrivers,BetRivers,best_available_across_quoted_books,all_quoted_books,a0767b1624cd67e6552807bd00d4b2ee,2026-08-23T18:15:02+00:00,model_production_20260822T054104658649Z,production,raw_lgbm,63e6fb180fed2fece8bb065958c060f85ff789d445f484759597a159582ec117,features_20260823T130930123748Z,fb401dc56db0b73ca3235900fdffcc70a8c1b61001694bce7e97652fabffe60b,features_20260822T054058128142Z,paper
predict_20260823T181502177856Z_823827,predict_20260823T181502177856Z,2026-08-23T18:15:02+00:00,2026-08-23 00:00:00,823827,2026-08-23T17:40:00Z,MIA,WSH,Janson Junk,Jackson Kent,0.6348032777563308,0.5904159132007233,0.6186440677966102,0.0282281545958869,0.7022126068895068,-0.0674093291331759,-263.0,240.0,True,AWAY,True,,bet_candidate,True,True,True,True,6.0,6.0,0.0097791113262992,0.0322278033672173,draftkings,DraftKings,bovada,Bovada,best_available_across_quoted_books,all_quoted_books,7ef0cb74e5060370ebecf7de3a8a3ee2,2026-08-23T18:15:02+00:00,model_production_20260822T054104658649Z,production,raw_lgbm,63e6fb180fed2fece8bb065958c060f85ff789d445f484759597a159582ec117,features_20260823T130930123748Z,fb401dc56db0b73ca3235900fdffcc70a8c1b61001694bce7e97652fabffe60b,features_20260822T054058128142Z,paper
predict_20260823T181502177856Z_823745,predict_20260823T181502177856Z,2026-08-23T18:15:02+00:00,2026-08-23 00:00:00,823745,2026-08-23T23:10:00Z,MIL,ATL,Shane Drohan,Tyler Mahle,0.5437445303092457,0.5142857142857142,0.5407098121085596,0.0264240978228453,0.521797153024911,0.0219473772843347,-113.0,106.0,False,,False,lineups_not_posted,ineligible,True,False,False,True,9.0,9.0,0.0035039187139533,0.013223010690671,draftkings,DraftKings,fanduel,FanDuel,best_available_across_quoted_books,all_quoted_books,bda345f597a8317d5812e066bfdd364a,2026-08-23T18:15:02+00:00,model_production_20260822T054104658649Z,production,raw_lgbm,63e6fb180fed2fece8bb065958c060f85ff789d445f484759597a159582ec117,features_20260823T130930123748Z,fb401dc56db0b73ca3235900fdffcc70a8c1b61001694bce7e97652fabffe60b,features_20260822T054058128142Z,paper
predict_20260823T181502177856Z_823507,predict_20260823T181502177856Z,2026-08-23T18:15:02+00:00,2026-08-23 00:00:00,823507,2026-08-23T17:35:00Z,NYY,TOR,Carlos Rodon,Jose Soriano,0.5655132013057456,0.5904159132007233,0.5753424657534246,0.0150734474472986,0.7598202594068965,-0.1943070581011509,-356.0,350.0,True,AWAY,True,,bet_candidate,True,True,True,True,6.0,6.0,0.0134143644296807,0.0395247524752474,draftkings,DraftKings,bovada,Bovada,best_available_across_quoted_books,all_quoted_books,d9bbd7d0eafee71f6c247c16a8110194,2026-08-23T18:15:02+00:00,model_production_20260822T054104658649Z,production,raw_lgbm,63e6fb180fed2fece8bb065958c060f85ff789d445f484759597a159582ec117,features_20260823T130930123748Z,fb401dc56db0b73ca3235900fdffcc70a8c1b61001694bce7e97652fabffe60b,features_20260822T054058128142Z,paper
predict_20260823T181502177856Z_823421,predict_20260823T181502177856Z,2026-08-23T18:15:02+00:00,2026-08-23 00:00:00,823421,2026-08-23T17:35:00Z,PHI,STL,Cristopher Sanchez,Kyle Leahy,0.6572963116814832,0.6982758620689655,0.6610169491525424,0.0372589129164231,0.5436569195886196,0.1136393920928635,-125.0,125.0,True,HOME,True,,bet_candidate,True,True,True,True,6.0,6.0,0.0183914840886876,0.0571812635715025,mybookieag,MyBookie.ag,bovada,Bovada,best_available_across_quoted_books,all_quoted_books,e8147bd69a2caf63f87fb43a5fe6e09a,2026-08-23T18:15:02+00:00,model_production_20260822T054104658649Z,production,raw_lgbm,63e6fb180fed2fece8bb065958c060f85ff789d445f484759597a159582ec117,features_20260823T130930123748Z,fb401dc56db0b73ca3235900fdffcc70a8c1b61001694bce7e97652fabffe60b,features_20260822T054058128142Z,paper
predict_20260823T181502177856Z_823258,predict_20260823T181502177856Z,2026-08-23T18:15:02+00:00,2026-08-23 00:00:00,823258,2026-08-23T20:10:00Z,SD,MIN,Walker Buehler,Bailey Ober,0.6064712929433572,0.5904159132007233,0.6186440677966102,0.0282281545958869,0.5792858120125872,0.02718548093077,-145.0,137.0,False,,True,,eligible_no_edge,True,True,True,True,9.0,9.0,0.0037399041253321,0.0130862352133147,betus,BetUS,draftkings,DraftKings,best_available_across_quoted_books,all_quoted_books,e51668b233a9e89462f303ece6fac37e,2026-08-23T18:15:02+00:00,model_production_20260822T054104658649Z,production,raw_lgbm,63e6fb180fed2fece8bb065958c060f85ff789d445f484759597a159582ec117,features_20260823T130930123748Z,fb401dc56db0b73ca3235900fdffcc70a8c1b61001694bce7e97652fabffe60b,features_20260822T054058128142Z,paper
predict_20260823T181502177856Z_823099,predict_20260823T181502177856Z,2026-08-23T18:15:02+00:00,2026-08-23 00:00:00,823099,2026-08-23T20:10:00Z,SEA,CHC,Bryce Miller,Shota Imanaga,0.4915761349437555,0.5102040816326532,0.4948905109489051,0.015313570683748,0.4769828064337215,0.0145933285100339,108.0,-113.0,False,,False,lineups_not_posted,ineligible,True,False,True,True,9.0,9.0,0.0052447187077692,0.0189818067694036,betrivers,BetRivers,draftkings,DraftKings,best_available_across_quoted_books,all_quoted_books,e6f26058dfb5f8b200172c931504958b,2026-08-23T18:15:02+00:00,model_production_20260822T054104658649Z,production,raw_lgbm,63e6fb180fed2fece8bb065958c060f85ff789d445f484759597a159582ec117,features_20260823T130930123748Z,fb401dc56db0b73ca3235900fdffcc70a8c1b61001694bce7e97652fabffe60b,features_20260822T054058128142Z,paper
predict_20260823T181502177856Z_822856,predict_20260823T181502177856Z,2026-08-23T18:15:02+00:00,2026-08-23 00:00:00,822856,2026-08-23T18:35:00Z,TEX,LAA,Cal Quantrill,Yusei Kikuchi,0.5287753036912792,0.5121951219512196,0.5307557117750439,0.0185605898238242,0.5965083053348824,-0.0677330016436031,-152.0,151.0,True,AWAY,True,,bet_candidate,True,True,True,True,9.0,9.0,0.0064744782290082,0.0244384689928749,betrivers,BetRivers,draftkings,DraftKings,best_available_across_quoted_books,all_quoted_books,b6073dfd7753c58a0019a50ee954f355,2026-08-23T18:15:02+00:00,model_production_20260822T054104658649Z,production,raw_lgbm,63e6fb180fed2fece8bb065958c060f85ff789d445f484759597a159582ec117,features_20260823T130930123748Z,fb401dc56db0b73ca3235900fdffcc70a8c1b61001694bce7e97652fabffe60b,features_20260822T054058128142Z,paper
predict_20260823T183001808543Z_825043,predict_20260823T183001808543Z,2026-08-23T18:30:01+00:00,2026-08-23 00:00:00,825043,2026-08-23T20:15:00Z,ARI,CIN,Mitch Bratt,Andrew Abbott,0.5091501156245495,0.5365853658536586,0.5304990757855821,0.0060862900680764,0.5740149094781682,-0.0648647938536187,-136.0,131.0,True,AWAY,True,,bet_candidate,True,True,True,True,9.0,9.0,0.005003757001283,0.0165084344014962,betrivers,BetRivers,draftkings,DraftKings,best_available_across_quoted_books,all_quoted_books,48805e1d6ad752f8943b4149bd983ec2,2026-08-23T18:30:01+00:00,model_production_20260822T054104658649Z,production,raw_lgbm,63e6fb180fed2fece8bb065958c060f85ff789d445f484759597a159582ec117,features_20260823T130930123748Z,fb401dc56db0b73ca3235900fdffcc70a8c1b61001694bce7e97652fabffe60b,features_20260822T054058128142Z,paper
predict_20260823T183001808543Z_824799,predict_20260823T183001808543Z,2026-08-23T18:30:01+00:00,2026-08-23 00:00:00,824799,2026-08-23T17:35:00Z,BAL,TB,Shane Baz,Nick Martinez,0.4819388108519885,0.5102040816326532,0.4948905109489051,0.015313570683748,0.5271063925909194,-0.0451675817389309,-109.0,110.0,False,,True,,eligible_no_edge,True,True,True,True,6.0,6.0,0.0152973457233699,0.0482176044914555,draftkings,DraftKings,mybookieag,MyBookie.ag,best_available_across_quoted_books,all_quoted_books,919b54b699710c4b1f18913861564941,2026-08-23T18:30:01+00:00,model_production_20260822T054104658649Z,production,raw_lgbm,63e6fb180fed2fece8bb065958c060f85ff789d445f484759597a159582ec117,features_20260823T130930123748Z,fb401dc56db0b73ca3235900fdffcc70a8c1b61001694bce7e97652fabffe60b,features_20260822T054058128142Z,paper
predict_20260823T183001808543Z_824720,predict_20260823T183001808543Z,2026-08-23T18:30:01+00:00,2026-08-23 00:00:00,824720,2026-08-23T19:15:00Z,BOS,SF,Jake Bennett,Matt Wilkinson,0.6057380114294428,0.5904159132007233,0.6186440677966102,0.0282281545958869,0.6578032087961404,-0.0520651973666975,-195.0,189.0,False,,True,,eligible_no_edge,True,True,True,True,9.0,9.0,0.0060210326444086,0.018887023796462,betrivers,BetRivers,draftkings,DraftKings,best_available_across_quoted_books,all_quoted_books,6f52474e91dc8f86fc924dc34be66354,2026-08-23T18:30:01+00:00,model_production_20260822T054104658649Z,production,raw_lgbm,63e6fb180fed2fece8bb065958c060f85ff789d445f484759597a159582ec117,features_20260823T130930123748Z,fb401dc56db0b73ca3235900fdffcc70a8c1b61001694bce7e97652fabffe60b,features_20260822T054058128142Z,paper
predict_20260823T183001808543Z_824315,predict_20260823T183001808543Z,2026-08-23T18:30:01+00:00,2026-08-23 00:00:00,824315,2026-08-23T19:10:00Z,COL,CLE,Tomoyuki Sugano,Foster Griffin,0.4799602914379011,0.4468085106382978,0.4948905109489051,0.0480820003106072,0.4019067202542293,0.0780535711836717,147.0,-158.0,True,HOME,True,,bet_candidate,True,True,True,True,9.0,9.0,0.0035506256088263,0.0133443133743604,draftkings,DraftKings,fanduel,FanDuel,best_available_across_quoted_books,all_quoted_books,8382b682e2f2b236e23d2867f1ad2174,2026-08-23T18:30:01+00:00,model_production_20260822T054104658649Z,production,raw_lgbm,63e6fb180fed2fece8bb065958c060f85ff789d445f484759597a159582ec117,features_20260823T130930123748Z,fb401dc56db0b73ca3235900fdffcc70a8c1b61001694bce7e97652fabffe60b,features_20260822T054058128142Z,paper
predict_20260823T183001808543Z_824558,predict_20260823T183001808543Z,2026-08-23T18:30:01+00:00,2026-08-23 00:00:00,824558,2026-08-23T18:10:00Z,CWS,NYM,Sean Newcomb,Nolan McLean,0.4728512383379705,0.4736842105263157,0.4948905109489051,0.0212063004225893,0.549395148631983,-0.0765439102940124,-111.0,115.0,True,AWAY,True,,bet_candidate,True,True,True,True,6.0,6.0,0.0223147757739179,0.0678002870206588,mybookieag,MyBookie.ag,fanduel,FanDuel,best_available_across_quoted_books,all_quoted_books,4540181038b62ff0f7b86c43d390b7d1,2026-08-23T18:30:01+00:00,model_production_20260822T054104658649Z,production,raw_lgbm,63e6fb180fed2fece8bb065958c060f85ff789d445f484759597a159582ec117,features_20260823T130930123748Z,fb401dc56db0b73ca3235900fdffcc70a8c1b61001694bce7e97652fabffe60b,features_20260822T054058128142Z,paper
predict_20260823T183001808543Z_824150,predict_20260823T183001808543Z,2026-08-23T18:30:01+00:00,2026-08-23 00:00:00,824150,2026-08-23T18:10:00Z,HOU,OAK,Cristian Javier,Brady Basso,0.6391655454234252,0.5904159132007233,0.6186440677966102,0.0282281545958869,0.868357124274278,-0.2291915788508528,-333.0,700.0,False,,True,,eligible_no_edge,True,True,True,True,6.0,6.0,0.050612737176959,0.1472409097532988,mybookieag,MyBookie.ag,bovada,Bovada,best_available_across_quoted_books,all_quoted_books,4731bd370d2e9b625c4bc720b6dbddba,2026-08-23T18:30:01+00:00,model_production_20260822T054104658649Z,production,raw_lgbm,63e6fb180fed2fece8bb065958c060f85ff789d445f484759597a159582ec117,features_20260823T130930123748Z,fb401dc56db0b73ca3235900fdffcc70a8c1b61001694bce7e97652fabffe60b,features_20260822T054058128142Z,paper
predict_20260823T183001808543Z_824071,predict_20260823T183001808543Z,2026-08-23T18:30:01+00:00,2026-08-23 00:00:00,824071,2026-08-23T18:10:00Z,KC,DET,Daniel Lynch IV,Jacob Waguespack,0.4867671694359508,0.4805194805194805,0.4948905109489051,0.0143710304294246,0.373177908047526,0.1135892613884247,169.0,-167.0,True,HOME,True,,bet_candidate,True,True,True,True,6.0,6.0,0.0161924981626403,0.050520327953223,draftkings,DraftKings,mybookieag,MyBookie.ag,best_available_across_quoted_books,all_quoted_books,15cfe72fafc6b5bc917827c3d0fb3a3e,2026-08-23T18:30:01+00:00,model_production_20260822T054104658649Z,production,raw_lgbm,63e6fb180fed2fece8bb065958c060f85ff789d445f484759597a159582ec117,features_20260823T130930123748Z,fb401dc56db0b73ca3235900fdffcc70a8c1b61001694bce7e97652fabffe60b,features_20260822T054058128142Z,paper
predict_20260823T183001808543Z_823909,predict_20260823T183001808543Z,2026-08-23T18:30:01+00:00,2026-08-23 00:00:00,823909,2026-08-23T20:10:00Z,LAD,PIT,Blake Snell,Lake Bachar,0.6988286609241728,0.6982758620689655,0.7368421052631579,0.0385662431941923,0.7205882352941176,-0.0217595743699448,-270.0,260.0,False,,True,,eligible_no_edge,True,True,True,True,9.0,9.0,0.0069839472952339,0.0277754260117295,mybookieag,MyBookie.ag,betrivers,BetRivers,best_available_across_quoted_books,all_quoted_books,a0767b1624cd67e6552807bd00d4b2ee,2026-08-23T18:30:01+00:00,model_production_20260822T054104658649Z,production,raw_lgbm,63e6fb180fed2fece8bb065958c060f85ff789d445f484759597a159582ec117,features_20260823T130930123748Z,fb401dc56db0b73ca3235900fdffcc70a8c1b61001694bce7e97652fabffe60b,features_20260822T054058128142Z,paper
predict_20260823T183001808543Z_823827,predict_20260823T183001808543Z,2026-08-23T18:30:01+00:00,2026-08-23 00:00:00,823827,2026-08-23T17:40:00Z,MIA,WSH,Janson Junk,Jackson Kent,0.6348032777563308,0.5904159132007233,0.6186440677966102,0.0282281545958869,0.7047186158334467,-0.0699153380771159,-260.0,290.0,True,AWAY,True,,bet_candidate,True,True,True,True,6.0,6.0,0.0239755608882685,0.0619045957414546,fanduel,FanDuel,bovada,Bovada,best_available_across_quoted_books,all_quoted_books,7ef0cb74e5060370ebecf7de3a8a3ee2,2026-08-23T18:30:01+00:00,model_production_20260822T054104658649Z,production,raw_lgbm,63e6fb180fed2fece8bb065958c060f85ff789d445f484759597a159582ec117,features_20260823T130930123748Z,fb401dc56db0b73ca3235900fdffcc70a8c1b61001694bce7e97652fabffe60b,features_20260822T054058128142Z,paper
predict_20260823T183001808543Z_823745,predict_20260823T183001808543Z,2026-08-23T18:30:01+00:00,2026-08-23 00:00:00,823745,2026-08-23T23:10:00Z,MIL,ATL,Shane Drohan,Tyler Mahle,0.5437445303092457,0.5142857142857142,0.5407098121085596,0.0264240978228453,0.521797153024911,0.0219473772843347,-113.0,106.0,False,,False,lineups_not_posted,ineligible,True,False,False,True,9.0,9.0,0.003056170571164,0.0109983583040137,draftkings,DraftKings,fanduel,FanDuel,best_available_across_quoted_books,all_quoted_books,bda345f597a8317d5812e066bfdd364a,2026-08-23T18:30:01+00:00,model_production_20260822T054104658649Z,production,raw_lgbm,63e6fb180fed2fece8bb065958c060f85ff789d445f484759597a159582ec117,features_20260823T130930123748Z,fb401dc56db0b73ca3235900fdffcc70a8c1b61001694bce7e97652fabffe60b,features_20260822T054058128142Z,paper
predict_20260823T183001808543Z_823507,predict_20260823T183001808543Z,2026-08-23T18:30:01+00:00,2026-08-23 00:00:00,823507,2026-08-23T17:35:00Z,NYY,TOR,Carlos Rodon,Jose Soriano,0.5655132013057456,0.5904159132007233,0.5753424657534246,0.0150734474472986,0.6899608047216061,-0.1244476034158605,-220.0,315.0,True,AWAY,True,,bet_candidate,True,True,True,True,6.0,6.0,0.0356574748197011,0.1030809066532686,fanduel,FanDuel,mybookieag,MyBookie.ag,best_available_across_quoted_books,all_quoted_books,d9bbd7d0eafee71f6c247c16a8110194,2026-08-23T18:30:01+00:00,model_production_20260822T054104658649Z,production,raw_lgbm,63e6fb180fed2fece8bb065958c060f85ff789d445f484759597a159582ec117,features_20260823T130930123748Z,fb401dc56db0b73ca3235900fdffcc70a8c1b61001694bce7e97652fabffe60b,features_20260822T054058128142Z,paper
predict_20260823T183001808543Z_823421,predict_20260823T183001808543Z,2026-08-23T18:30:01+00:00,2026-08-23 00:00:00,823421,2026-08-23T17:35:00Z,PHI,STL,Cristopher Sanchez,Kyle Leahy,0.6572963116814832,0.6982758620689655,0.6610169491525424,0.0372589129164231,0.3405576667160623,0.3167386449654208,200.0,100.0,False,,True,,eligible_no_edge,True,True,True,True,6.0,6.0,0.0739577451803887,0.2112270518047589,fanduel,FanDuel,mybookieag,MyBookie.ag,best_available_across_quoted_books,all_quoted_books,e8147bd69a2caf63f87fb43a5fe6e09a,2026-08-23T18:30:01+00:00,model_production_20260822T054104658649Z,production,raw_lgbm,63e6fb180fed2fece8bb065958c060f85ff789d445f484759597a159582ec117,features_20260823T130930123748Z,fb401dc56db0b73ca3235900fdffcc70a8c1b61001694bce7e97652fabffe60b,features_20260822T054058128142Z,paper
predict_20260823T183001808543Z_823258,predict_20260823T183001808543Z,2026-08-23T18:30:01+00:00,2026-08-23 00:00:00,823258,2026-08-23T20:10:00Z,SD,MIN,Walker Buehler,Bailey Ober,0.6064712929433572,0.5904159132007233,0.6186440677966102,0.0282281545958869,0.5810079557598683,0.0254633371834889,-145.0,137.0,False,,True,,eligible_no_edge,True,True,True,True,9.0,9.0,0.0037590294504417,0.0130862352133147,betus,BetUS,draftkings,DraftKings,best_available_across_quoted_books,all_quoted_books,e51668b233a9e89462f303ece6fac37e,2026-08-23T18:30:01+00:00,model_production_20260822T054104658649Z,production,raw_lgbm,63e6fb180fed2fece8bb065958c060f85ff789d445f484759597a159582ec117,features_20260823T130930123748Z,fb401dc56db0b73ca3235900fdffcc70a8c1b61001694bce7e97652fabffe60b,features_20260822T054058128142Z,paper
predict_20260823T183001808543Z_823099,predict_20260823T183001808543Z,2026-08-23T18:30:01+00:00,2026-08-23 00:00:00,823099,2026-08-23T20:10:00Z,SEA,CHC,Bryce Miller,Shota Imanaga,0.4915761349437555,0.5102040816326532,0.4948905109489051,0.015313570683748,0.4759806081974437,0.0155955267463118,107.0,-113.0,False,,True,,eligible_no_edge,True,True,True,True,9.0,9.0,0.0038614391490178,0.0133315241358255,betus,BetUS,draftkings,DraftKings,best_available_across_quoted_books,all_quoted_books,e6f26058dfb5f8b200172c931504958b,2026-08-23T18:30:01+00:00,model_production_20260822T054104658649Z,production,raw_lgbm,63e6fb180fed2fece8bb065958c060f85ff789d445f484759597a159582ec117,features_20260823T130930123748Z,fb401dc56db0b73ca3235900fdffcc70a8c1b61001694bce7e97652fabffe60b,features_20260822T054058128142Z,paper
predict_20260823T183001808543Z_822856,predict_20260823T183001808543Z,2026-08-23T18:30:01+00:00,2026-08-23 00:00:00,822856,2026-08-23T18:35:00Z,TEX,LAA,Cal Quantrill,Yusei Kikuchi,0.5287753036912792,0.5121951219512196,0.5307557117750439,0.0185605898238242,0.5980932797457705,-0.0693179760544913,-154.0,150.0,True,AWAY,True,,bet_candidate,True,True,True,True,9.0,9.0,0.0040773889244483,0.0141410927478733,fanduel,FanDuel,draftkings,DraftKings,best_available_across_quoted_books,all_quoted_books,b6073dfd7753c58a0019a50ee954f355,2026-08-23T18:30:01+00:00,model_production_20260822T054104658649Z,production,raw_lgbm,63e6fb180fed2fece8bb065958c060f85ff789d445f484759597a159582ec117,features_20260823T130930123748Z,fb401dc56db0b73ca3235900fdffcc70a8c1b61001694bce7e97652fabffe60b,features_20260822T054058128142Z,paper
predict_20260823T211002076602Z_825043,predict_20260823T211002076602Z,2026-08-23T21:10:02+00:00,2026-08-23 00:00:00,825043,2026-08-23T20:15:00Z,ARI,CIN,Mitch Bratt,Andrew Abbott,0.5091501156245495,0.5365853658536586,0.5304990757855821,0.0060862900680764,0.2886121330952063,0.2205379825293432,250.0,-259.0,False,,True,,eligible_no_edge,True,True,True,True,6.0,6.0,0.0119649894012314,0.0313115642545493,betmgm,BetMGM,draftkings,DraftKings,best_available_across_quoted_books,all_quoted_books,48805e1d6ad752f8943b4149bd983ec2,2026-08-23T21:10:02+00:00,model_production_20260822T054104658649Z,production,raw_lgbm,63e6fb180fed2fece8bb065958c060f85ff789d445f484759597a159582ec117,features_20260823T130930123748Z,fb401dc56db0b73ca3235900fdffcc70a8c1b61001694bce7e97652fabffe60b,features_20260822T054058128142Z,paper
predict_20260823T211002076602Z_824799,predict_20260823T211002076602Z,2026-08-23T21:10:02+00:00,2026-08-23 00:00:00,824799,2026-08-23T17:35:00Z,BAL,TB,Shane Baz,Nick Martinez,0.4819388108519885,0.5102040816326532,0.4948905109489051,0.015313570683748,,,,,False,,False,market_missing_or_thin,ineligible,True,True,True,False,,,,,,,,,,,,2026-08-23T21:10:02+00:00,model_production_20260822T054104658649Z,production,raw_lgbm,63e6fb180fed2fece8bb065958c060f85ff789d445f484759597a159582ec117,features_20260823T130930123748Z,fb401dc56db0b73ca3235900fdffcc70a8c1b61001694bce7e97652fabffe60b,features_20260822T054058128142Z,paper
predict_20260823T211002076602Z_824720,predict_20260823T211002076602Z,2026-08-23T21:10:02+00:00,2026-08-23 00:00:00,824720,2026-08-23T19:15:00Z,BOS,SF,Jake Bennett,Matt Wilkinson,0.5927291546631367,0.5904159132007233,0.5798969072164947,0.0105190059842286,0.8902221454880295,-0.2974929908248928,-833.0,810.0,False,,True,,eligible_no_edge,True,True,True,True,6.0,6.0,0.0208342005993574,0.0594478492478037,mybookieag,MyBookie.ag,draftkings,DraftKings,best_available_across_quoted_books,all_quoted_books,6f52474e91dc8f86fc924dc34be66354,2026-08-23T21:10:02+00:00,model_production_20260822T054104658649Z,production,raw_lgbm,63e6fb180fed2fece8bb065958c060f85ff789d445f484759597a159582ec117,features_20260823T130930123748Z,fb401dc56db0b73ca3235900fdffcc70a8c1b61001694bce7e97652fabffe60b,features_20260822T054058128142Z,paper
predict_20260823T211002076602Z_824315,predict_20260823T211002076602Z,2026-08-23T21:10:02+00:00,2026-08-23 00:00:00,824315,2026-08-23T19:10:00Z,COL,CLE,Tomoyuki Sugano,Foster Griffin,0.4799602914379011,0.4468085106382978,0.4948905109489051,0.0480820003106072,0.1168763102725366,0.3630839811653644,800.0,-720.0,False,,True,,eligible_no_edge,True,True,True,True,6.0,6.0,0.0154892221363134,0.0419791932106493,fanduel,FanDuel,draftkings,DraftKings,best_available_across_quoted_books,all_quoted_books,8382b682e2f2b236e23d2867f1ad2174,2026-08-23T21:10:02+00:00,model_production_20260822T054104658649Z,production,raw_lgbm,63e6fb180fed2fece8bb065958c060f85ff789d445f484759597a159582ec117,features_20260823T130930123748Z,fb401dc56db0b73ca3235900fdffcc70a8c1b61001694bce7e97652fabffe60b,features_20260822T054058128142Z,paper
predict_20260823T211002076602Z_824558,predict_20260823T211002076602Z,2026-08-23T21:10:02+00:00,2026-08-23 00:00:00,824558,2026-08-23T18:10:00Z,CWS,NYM,Sean Newcomb,Nolan McLean,0.4599019545543422,0.4468085106382978,0.4942528735632184,0.0474443629249205,,,,,False,,False,market_missing_or_thin,ineligible,True,True,True,False,,,,,,,,,,,,2026-08-23T21:10:02+00:00,model_production_20260822T054104658649Z,production,raw_lgbm,63e6fb180fed2fece8bb065958c060f85ff789d445f484759597a159582ec117,features_20260823T130930123748Z,fb401dc56db0b73ca3235900fdffcc70a8c1b61001694bce7e97652fabffe60b,features_20260822T054058128142Z,paper
predict_20260823T211002076602Z_824150,predict_20260823T211002076602Z,2026-08-23T21:10:02+00:00,2026-08-23 00:00:00,824150,2026-08-23T18:10:00Z,HOU,OAK,Cristian Javier,Brady Basso,0.6391655454234252,0.5904159132007233,0.6186440677966102,0.0282281545958869,0.346866815859141,0.2922987295642841,250.0,-195.0,False,,True,,eligible_no_edge,True,True,True,True,6.0,6.0,0.0335882193999483,0.0983703703703703,betmgm,BetMGM,fanduel,FanDuel,best_available_across_quoted_books,all_quoted_books,4731bd370d2e9b625c4bc720b6dbddba,2026-08-23T21:10:02+00:00,model_production_20260822T054104658649Z,production,raw_lgbm,63e6fb180fed2fece8bb065958c060f85ff789d445f484759597a159582ec117,features_20260823T130930123748Z,fb401dc56db0b73ca3235900fdffcc70a8c1b61001694bce7e97652fabffe60b,features_20260822T054058128142Z,paper
predict_20260823T211002076602Z_824071,predict_20260823T211002076602Z,2026-08-23T21:10:02+00:00,2026-08-23 00:00:00,824071,2026-08-23T18:10:00Z,KC,DET,Daniel Lynch IV,Jacob Waguespack,0.4927369313114947,0.4875621890547263,0.4948905109489051,0.0073283218941787,,,,,False,,False,market_missing_or_thin,ineligible,True,True,True,False,,,,,,,,,,,,2026-08-23T21:10:02+00:00,model_production_20260822T054104658649Z,production,raw_lgbm,63e6fb180fed2fece8bb065958c060f85ff789d445f484759597a159582ec117,features_20260823T130930123748Z,fb401dc56db0b73ca3235900fdffcc70a8c1b61001694bce7e97652fabffe60b,features_20260822T054058128142Z,paper
predict_20260823T211002076602Z_823909,predict_20260823T211002076602Z,2026-08-23T21:10:02+00:00,2026-08-23 00:00:00,823909,2026-08-23T20:10:00Z,LAD,PIT,Blake Snell,Lake Bachar,0.6988286609241728,0.6982758620689655,0.7368421052631579,0.0385662431941923,0.8035146839125338,-0.1046860229883609,-460.0,425.0,True,AWAY,True,,bet_candidate,True,True,True,True,6.0,6.0,0.0096517347646465,0.0275070771851591,fanduel,FanDuel,bovada,Bovada,best_available_across_quoted_books,all_quoted_books,a0767b1624cd67e6552807bd00d4b2ee,2026-08-23T21:10:02+00:00,model_production_20260822T054104658649Z,production,raw_lgbm,63e6fb180fed2fece8bb065958c060f85ff789d445f484759597a159582ec117,features_20260823T130930123748Z,fb401dc56db0b73ca3235900fdffcc70a8c1b61001694bce7e97652fabffe60b,features_20260822T054058128142Z,paper
predict_20260823T211002076602Z_823827,predict_20260823T211002076602Z,2026-08-23T21:10:02+00:00,2026-08-23 00:00:00,823827,2026-08-23T17:40:00Z,MIA,WSH,Janson Junk,Jackson Kent,0.6366850288328751,0.5904159132007233,0.6186440677966102,0.0282281545958869,,,,,False,,False,market_missing_or_thin,ineligible,True,True,True,False,,,,,,,,,,,,2026-08-23T21:10:02+00:00,model_production_20260822T054104658649Z,production,raw_lgbm,63e6fb180fed2fece8bb065958c060f85ff789d445f484759597a159582ec117,features_20260823T130930123748Z,fb401dc56db0b73ca3235900fdffcc70a8c1b61001694bce7e97652fabffe60b,features_20260822T054058128142Z,paper
predict_20260823T211002076602Z_823745,predict_20260823T211002076602Z,2026-08-23T21:10:02+00:00,2026-08-23 00:00:00,823745,2026-08-23T23:10:00Z,MIL,ATL,Shane Drohan,Tyler Mahle,0.5417278874386537,0.5142857142857142,0.5407098121085596,0.0264240978228453,0.5173641257162701,0.0243637617223836,-110.0,104.0,False,,True,,eligible_no_edge,True,True,True,True,9.0,9.0,0.0038136288183493,0.0108262107991127,betus,BetUS,fanduel,FanDuel,best_available_across_quoted_books,all_quoted_books,bda345f597a8317d5812e066bfdd364a,2026-08-23T21:10:02+00:00,model_production_20260822T054104658649Z,production,raw_lgbm,63e6fb180fed2fece8bb065958c060f85ff789d445f484759597a159582ec117,features_20260823T130930123748Z,fb401dc56db0b73ca3235900fdffcc70a8c1b61001694bce7e97652fabffe60b,features_20260822T054058128142Z,paper
predict_20260823T211002076602Z_823507,predict_20260823T211002076602Z,2026-08-23T21:10:02+00:00,2026-08-23 00:00:00,823507,2026-08-23T17:35:00Z,NYY,TOR,Carlos Rodon,Jose Soriano,0.5655132013057456,0.5904159132007233,0.5753424657534246,0.0150734474472986,,,,,False,,False,market_missing_or_thin,ineligible,True,True,True,False,,,,,,,,,,,,2026-08-23T21:10:02+00:00,model_production_20260822T054104658649Z,production,raw_lgbm,63e6fb180fed2fece8bb065958c060f85ff789d445f484759597a159582ec117,features_20260823T130930123748Z,fb401dc56db0b73ca3235900fdffcc70a8c1b61001694bce7e97652fabffe60b,features_20260822T054058128142Z,paper
predict_20260823T211002076602Z_823421,predict_20260823T211002076602Z,2026-08-23T21:10:02+00:00,2026-08-23 00:00:00,823421,2026-08-23T17:35:00Z,PHI,STL,Cristopher Sanchez,Kyle Leahy,0.6572963116814832,0.6982758620689655,0.6610169491525424,0.0372589129164231,,,,,False,,False,market_missing_or_thin,ineligible,True,True,True,False,,,,,,,,,,,,2026-08-23T21:10:02+00:00,model_production_20260822T054104658649Z,production,raw_lgbm,63e6fb180fed2fece8bb065958c060f85ff789d445f484759597a159582ec117,features_20260823T130930123748Z,fb401dc56db0b73ca3235900fdffcc70a8c1b61001694bce7e97652fabffe60b,features_20260822T054058128142Z,paper
predict_20260823T211002076602Z_823258,predict_20260823T211002076602Z,2026-08-23T21:10:02+00:00,2026-08-23 00:00:00,823258,2026-08-23T20:10:00Z,SD,MIN,Walker Buehler,Bailey Ober,0.6064712929433572,0.5904159132007233,0.6186440677966102,0.0282281545958869,0.7016340457855907,-0.0951627528422335,-250.0,230.0,True,AWAY,True,,bet_candidate,True,True,True,True,6.0,6.0,0.0085430963194838,0.0252444287204207,draftkings,DraftKings,fanduel,FanDuel,best_available_across_quoted_books,all_quoted_books,e51668b233a9e89462f303ece6fac37e,2026-08-23T21:10:02+00:00,model_production_20260822T054104658649Z,production,raw_lgbm,63e6fb180fed2fece8bb065958c060f85ff789d445f484759597a159582ec117,features_20260823T130930123748Z,fb401dc56db0b73ca3235900fdffcc70a8c1b61001694bce7e97652fabffe60b,features_20260822T054058128142Z,paper
predict_20260823T211002076602Z_823099,predict_20260823T211002076602Z,2026-08-23T21:10:02+00:00,2026-08-23 00:00:00,823099,2026-08-23T20:10:00Z,SEA,CHC,Bryce Miller,Shota Imanaga,0.4915761349437555,0.5102040816326532,0.4948905109489051,0.015313570683748,0.6004416505134356,-0.10886551556968,-161.0,155.0,True,AWAY,True,,bet_candidate,True,True,True,True,6.0,6.0,0.0142267254823488,0.0461325765844428,draftkings,DraftKings,mybookieag,MyBookie.ag,best_available_across_quoted_books,all_quoted_books,e6f26058dfb5f8b200172c931504958b,2026-08-23T21:10:02+00:00,model_production_20260822T054104658649Z,production,raw_lgbm,63e6fb180fed2fece8bb065958c060f85ff789d445f484759597a159582ec117,features_20260823T130930123748Z,fb401dc56db0b73ca3235900fdffcc70a8c1b61001694bce7e97652fabffe60b,features_20260822T054058128142Z,paper
predict_20260823T211002076602Z_822856,predict_20260823T211002076602Z,2026-08-23T21:10:02+00:00,2026-08-23 00:00:00,822856,2026-08-23T18:35:00Z,TEX,LAA,Cal Quantrill,Yusei Kikuchi,0.5363139434535431,0.5121951219512196,0.5307557117750439,0.0185605898238242,0.9297520661157024,-0.3934381226621594,-2000.0,1520.0,False,,True,,eligible_no_edge,True,True,True,True,5.0,5.0,0.0161278430421146,0.0447302578945492,fanduel,FanDuel,draftkings,DraftKings,best_available_across_quoted_books,all_quoted_books,b6073dfd7753c58a0019a50ee954f355,2026-08-23T21:10:02+00:00,model_production_20260822T054104658649Z,production,raw_lgbm,63e6fb180fed2fece8bb065958c060f85ff789d445f484759597a159582ec117,features_20260823T130930123748Z,fb401dc56db0b73ca3235900fdffcc70a8c1b61001694bce7e97652fabffe60b,features_20260822T054058128142Z,paper
predict_20260824T131018489356Z_825041,predict_20260824T131018489356Z,2026-08-24T13:10:18+00:00,2026-08-24 00:00:00,825041,2026-08-25T01:40:00Z,ARI,CHC,Merrill Kelly,Kevin Gausman,0.492042390473721,0.4875621890547263,0.4948905109489051,0.0073283218941787,0.4362128146453089,0.055829575828412,124.0,-137.0,False,,False,lineups_not_posted,ineligible,True,False,False,True,9.0,9.0,0.0027105414560648,0.0092875020336133,betonlineag,BetOnline.ag,betonlineag,BetOnline.ag,best_available_across_quoted_books,all_quoted_books,c5a5e268823c62f5cdee679faf9b778c,2026-08-24T13:10:18+00:00,model_production_20260822T054104658649Z,production,raw_lgbm,99ee972e306d035facb5e523e1cd6aee6b0eefd16a8c9aee49c803f999c62936,features_20260824T131017223772Z,fb401dc56db0b73ca3235900fdffcc70a8c1b61001694bce7e97652fabffe60b,features_20260822T054058128142Z,paper
predict_20260824T131018489356Z_824557,predict_20260824T131018489356Z,2026-08-24T13:10:18+00:00,2026-08-24 00:00:00,824557,2026-08-24T23:40:00Z,CWS,TEX,,Kumar Rocker,0.4808447588360086,0.5102040816326532,0.4948905109489051,0.015313570683748,0.5520062329567589,-0.0711614741207502,-124.0,120.0,False,,False,probable_starter_missing;lineups_not_posted,ineligible,False,False,False,True,9.0,9.0,0.0040206055290466,0.0141178020588662,fanduel,FanDuel,draftkings,DraftKings,best_available_across_quoted_books,all_quoted_books,e22d48c563e1729e04698e0cdbe8c548,2026-08-24T13:10:18+00:00,model_production_20260822T054104658649Z,production,raw_lgbm,99ee972e306d035facb5e523e1cd6aee6b0eefd16a8c9aee49c803f999c62936,features_20260824T131017223772Z,fb401dc56db0b73ca3235900fdffcc70a8c1b61001694bce7e97652fabffe60b,features_20260822T054058128142Z,paper
predict_20260824T131018489356Z_824235,predict_20260824T131018489356Z,2026-08-24T13:10:18+00:00,2026-08-24 00:00:00,824235,2026-08-24T22:40:00Z,DET,TB,Framber Valdez,Drew Rasmussen,0.5135267310735339,0.5365853658536586,0.5304990757855821,0.0060862900680764,0.44362292051756,0.0699038105559738,122.0,-128.0,False,,False,lineups_not_posted,ineligible,True,False,False,True,9.0,9.0,0.0038420159595038,0.0121689117436447,lowvig,LowVig.ag,fanduel,FanDuel,best_available_across_quoted_books,all_quoted_books,b5df91df571dbd961d2781f345abe770,2026-08-24T13:10:18+00:00,model_production_20260822T054104658649Z,production,raw_lgbm,99ee972e306d035facb5e523e1cd6aee6b0eefd16a8c9aee49c803f999c62936,features_20260824T131017223772Z,fb401dc56db0b73ca3235900fdffcc70a8c1b61001694bce7e97652fabffe60b,features_20260822T054058128142Z,paper
predict_20260824T131018489356Z_823992,predict_20260824T131018489356Z,2026-08-24T13:10:18+00:00,2026-08-24 00:00:00,823992,2026-08-25T01:38:00Z,LAA,CLE,George Klassen,Parker Messick,0.4873518454047472,0.4805194805194805,0.4948905109489051,0.0143710304294246,0.4002867726132154,0.0870650727915318,147.0,-157.0,False,,False,lineups_not_posted,ineligible,True,False,False,True,9.0,9.0,0.0053997401381804,0.018562476383093,betonlineag,BetOnline.ag,betrivers,BetRivers,best_available_across_quoted_books,all_quoted_books,edcd5c7c7dde7d1aa67403952e1dd586,2026-08-24T13:10:18+00:00,model_production_20260822T054104658649Z,production,raw_lgbm,99ee972e306d035facb5e523e1cd6aee6b0eefd16a8c9aee49c803f999c62936,features_20260824T131017223772Z,fb401dc56db0b73ca3235900fdffcc70a8c1b61001694bce7e97652fabffe60b,features_20260822T054058128142Z,paper
predict_20260824T131018489356Z_823828,predict_20260824T131018489356Z,2026-08-24T13:10:18+00:00,2026-08-24 00:00:00,823828,2026-08-24T22:40:00Z,MIA,BOS,Sandy Alcantara,Ranger Suarez,0.4535160716013474,0.4421768707482993,0.427797833935018,0.0143790368132812,0.449717730360731,0.0037983412406163,120.0,-128.0,False,,False,lineups_not_posted,ineligible,True,False,False,True,9.0,9.0,0.0025548603799911,0.0077457247065464,fanduel,FanDuel,betonlineag,BetOnline.ag,best_available_across_quoted_books,all_quoted_books,4849fd0ae15d275efe31050173d07d4e,2026-08-24T13:10:18+00:00,model_production_20260822T054104658649Z,production,raw_lgbm,99ee972e306d035facb5e523e1cd6aee6b0eefd16a8c9aee49c803f999c62936,features_20260824T131017223772Z,fb401dc56db0b73ca3235900fdffcc70a8c1b61001694bce7e97652fabffe60b,features_20260822T054058128142Z,paper
predict_20260824T131018489356Z_824964,predict_20260824T131018489356Z,2026-08-24T13:10:18+00:00,2026-08-24 00:00:00,824964,2026-08-25T01:40:00Z,OAK,MIN,Jeffrey Springs,Zebby Matthews,0.4513304168105758,0.5102040816326532,0.427797833935018,0.0824062476976351,0.4105839416058394,0.0407464752047363,138.0,-150.0,False,,False,lineups_not_posted,ineligible,True,False,False,True,9.0,9.0,0.0044613016335466,0.0140701916431172,lowvig,LowVig.ag,betrivers,BetRivers,best_available_across_quoted_books,all_quoted_books,8e1262b8729ca1c5b33dc4667cb1bd1a,2026-08-24T13:10:18+00:00,model_production_20260822T054104658649Z,production,raw_lgbm,99ee972e306d035facb5e523e1cd6aee6b0eefd16a8c9aee49c803f999c62936,features_20260824T131017223772Z,fb401dc56db0b73ca3235900fdffcc70a8c1b61001694bce7e97652fabffe60b,features_20260822T054058128142Z,paper
predict_20260824T131018489356Z_823260,predict_20260824T131018489356Z,2026-08-24T13:10:18+00:00,2026-08-24 00:00:00,823260,2026-08-25T01:40:00Z,SD,PIT,Robbie Ray,Braxton Ashcraft,0.6521337480270947,0.5904159132007233,0.6186440677966102,0.0282281545958869,0.5,0.1521337480270946,-105.0,-105.0,False,,False,lineups_not_posted,ineligible,True,False,False,True,9.0,9.0,0.0018568808272508,0.006616955620619,betonlineag,BetOnline.ag,betonlineag,BetOnline.ag,best_available_across_quoted_books,all_quoted_books,2ab56418bedb6fb0868a59b06da5a155,2026-08-24T13:10:18+00:00,model_production_20260822T054104658649Z,production,raw_lgbm,99ee972e306d035facb5e523e1cd6aee6b0eefd16a8c9aee49c803f999c62936,features_20260824T131017223772Z,fb401dc56db0b73ca3235900fdffcc70a8c1b61001694bce7e97652fabffe60b,features_20260822T054058128142Z,paper
predict_20260824T131018489356Z_823097,predict_20260824T131018489356Z,2026-08-24T13:10:18+00:00,2026-08-24 00:00:00,823097,2026-08-25T01:40:00Z,SEA,PHI,Logan Gilbert,Zack Wheeler,0.4466494733925063,0.5102040816326532,0.427797833935018,0.0824062476976351,0.4878275495750709,-0.0411780761825645,101.0,-110.0,False,,False,lineups_not_posted,ineligible,True,False,False,True,9.0,9.0,0.0026251980357505,0.0089895523599066,betus,BetUS,lowvig,LowVig.ag,best_available_across_quoted_books,all_quoted_books,2e44a824f3dff9caa3501c74ba68fe03,2026-08-24T13:10:18+00:00,model_production_20260822T054104658649Z,production,raw_lgbm,99ee972e306d035facb5e523e1cd6aee6b0eefd16a8c9aee49c803f999c62936,features_20260824T131017223772Z,fb401dc56db0b73ca3235900fdffcc70a8c1b61001694bce7e97652fabffe60b,features_20260822T054058128142Z,paper
predict_20260824T131018489356Z_823183,predict_20260824T131018489356Z,2026-08-24T13:10:18+00:00,2026-08-24 00:00:00,823183,2026-08-25T01:45:00Z,SF,CIN,,Chase Burns,0.5059241920617711,0.5365853658536586,0.5304990757855821,0.0060862900680764,0.4083207407645564,0.0976034512972146,139.0,-154.0,False,,False,probable_starter_missing;lineups_not_posted,ineligible,False,False,False,True,9.0,9.0,0.0021364630508033,0.0076005554338253,betonlineag,BetOnline.ag,betonlineag,BetOnline.ag,best_available_across_quoted_books,all_quoted_books,b8eb14e08e109af0db5e66685ac4a2ff,2026-08-24T13:10:18+00:00,model_production_20260822T054104658649Z,production,raw_lgbm,99ee972e306d035facb5e523e1cd6aee6b0eefd16a8c9aee49c803f999c62936,features_20260824T131017223772Z,fb401dc56db0b73ca3235900fdffcc70a8c1b61001694bce7e97652fabffe60b,features_20260822T054058128142Z,paper
predict_20260824T131018489356Z_822695,predict_20260824T131018489356Z,2026-08-24T13:10:18+00:00,2026-08-24 00:00:00,822695,2026-08-24T22:45:00Z,WSH,COL,Cade Cavalli,Ryan Feltner,0.6712724088153444,0.5365853658536586,0.7215909090909091,0.1850055432372505,0.6314864248974542,0.0397859839178902,-180.0,172.0,False,,False,lineups_not_posted,ineligible,True,False,False,True,9.0,9.0,0.0035619424760673,0.0128517649533328,fanduel,FanDuel,draftkings,DraftKings,best_available_across_quoted_books,all_quoted_books,e3da176886eb60e63e5b0017a5f213bc,2026-08-24T13:10:18+00:00,model_production_20260822T054104658649Z,production,raw_lgbm,99ee972e306d035facb5e523e1cd6aee6b0eefd16a8c9aee49c803f999c62936,features_20260824T131017223772Z,fb401dc56db0b73ca3235900fdffcc70a8c1b61001694bce7e97652fabffe60b,features_20260822T054058128142Z,paper
predict_20260824T204002257960Z_825041,predict_20260824T204002257960Z,2026-08-24T20:40:02+00:00,2026-08-24 00:00:00,825041,2026-08-25T01:40:00Z,ARI,CHC,Merrill Kelly,Kevin Gausman,0.492042390473721,0.4875621890547263,0.4948905109489051,0.0073283218941787,0.4339106654512306,0.0581317250224903,126.0,-133.0,False,,False,lineups_not_posted,ineligible,True,False,False,True,9.0,9.0,0.0027353087882761,0.0098247924567825,betonlineag,BetOnline.ag,draftkings,DraftKings,best_available_across_quoted_books,all_quoted_books,c5a5e268823c62f5cdee679faf9b778c,2026-08-24T20:40:02+00:00,model_production_20260822T054104658649Z,production,raw_lgbm,99ee972e306d035facb5e523e1cd6aee6b0eefd16a8c9aee49c803f999c62936,features_20260824T131017223772Z,fb401dc56db0b73ca3235900fdffcc70a8c1b61001694bce7e97652fabffe60b,features_20260822T054058128142Z,paper
predict_20260824T204002257960Z_824557,predict_20260824T204002257960Z,2026-08-24T20:40:02+00:00,2026-08-24 00:00:00,824557,2026-08-24T23:40:00Z,CWS,TEX,Jose Urquidy,Kumar Rocker,0.5181483174723769,0.5142857142857142,0.5307557117750439,0.0164699974893296,0.5467695274831245,-0.0286212100107475,-124.0,118.0,False,,True,,eligible_no_edge,True,True,True,True,9.0,9.0,0.0021129242673518,0.0074388939847355,draftkings,DraftKings,betus,BetUS,best_available_across_quoted_books,all_quoted_books,e22d48c563e1729e04698e0cdbe8c548,2026-08-24T20:40:02+00:00,model_production_20260822T054104658649Z,production,raw_lgbm,99ee972e306d035facb5e523e1cd6aee6b0eefd16a8c9aee49c803f999c62936,features_20260824T131017223772Z,fb401dc56db0b73ca3235900fdffcc70a8c1b61001694bce7e97652fabffe60b,features_20260822T054058128142Z,paper
predict_20260824T204002257960Z_824235,predict_20260824T204002257960Z,2026-08-24T20:40:02+00:00,2026-08-24 00:00:00,824235,2026-08-24T22:40:00Z,DET,TB,Framber Valdez,Drew Rasmussen,0.5135267310735339,0.5365853658536586,0.5304990757855821,0.0060862900680764,0.4536695037738878,0.0598572272996459,118.0,-124.0,False,,True,,eligible_no_edge,True,True,True,True,9.0,9.0,0.0052664821832253,0.0164998361186404,betrivers,BetRivers,draftkings,DraftKings,best_available_across_quoted_books,all_quoted_books,b5df91df571dbd961d2781f345abe770,2026-08-24T20:40:02+00:00,model_production_20260822T054104658649Z,production,raw_lgbm,99ee972e306d035facb5e523e1cd6aee6b0eefd16a8c9aee49c803f999c62936,features_20260824T131017223772Z,fb401dc56db0b73ca3235900fdffcc70a8c1b61001694bce7e97652fabffe60b,features_20260822T054058128142Z,paper
predict_20260824T204002257960Z_823992,predict_20260824T204002257960Z,2026-08-24T20:40:02+00:00,2026-08-24 00:00:00,823992,2026-08-25T01:38:00Z,LAA,CLE,George Klassen,Parker Messick,0.4873518454047472,0.4805194805194805,0.4948905109489051,0.0143710304294246,0.3989608461681203,0.0883909992366269,147.0,-158.0,False,,False,lineups_not_posted,ineligible,True,False,False,True,9.0,9.0,0.0029039218163249,0.0096667431857696,draftkings,DraftKings,fanduel,FanDuel,best_available_across_quoted_books,all_quoted_books,edcd5c7c7dde7d1aa67403952e1dd586,2026-08-24T20:40:02+00:00,model_production_20260822T054104658649Z,production,raw_lgbm,99ee972e306d035facb5e523e1cd6aee6b0eefd16a8c9aee49c803f999c62936,features_20260824T131017223772Z,fb401dc56db0b73ca3235900fdffcc70a8c1b61001694bce7e97652fabffe60b,features_20260822T054058128142Z,paper
predict_20260824T204002257960Z_823828,predict_20260824T204002257960Z,2026-08-24T20:40:02+00:00,2026-08-24 00:00:00,823828,2026-08-24T22:40:00Z,MIA,BOS,Sandy Alcantara,Ranger Suarez,0.4750937569665682,0.4468085106382978,0.4948905109489051,0.0480820003106072,0.4630595302657377,0.0120342267008305,112.0,-119.0,False,,True,,eligible_no_edge,True,True,True,True,9.0,9.0,0.0030179351195553,0.0091143917326316,fanduel,FanDuel,draftkings,DraftKings,best_available_across_quoted_books,all_quoted_books,4849fd0ae15d275efe31050173d07d4e,2026-08-24T20:40:02+00:00,model_production_20260822T054104658649Z,production,raw_lgbm,99ee972e306d035facb5e523e1cd6aee6b0eefd16a8c9aee49c803f999c62936,features_20260824T131017223772Z,fb401dc56db0b73ca3235900fdffcc70a8c1b61001694bce7e97652fabffe60b,features_20260822T054058128142Z,paper
predict_20260824T204002257960Z_824964,predict_20260824T204002257960Z,2026-08-24T20:40:02+00:00,2026-08-24 00:00:00,824964,2026-08-25T01:40:00Z,OAK,MIN,Jeffrey Springs,Zebby Matthews,0.4513304168105758,0.5102040816326532,0.427797833935018,0.0824062476976351,0.4220822725445531,0.0292481442660226,134.0,-142.0,False,,False,lineups_not_posted,ineligible,True,False,False,True,9.0,9.0,0.0028634223541132,0.0104064251576512,fanduel,FanDuel,draftkings,DraftKings,best_available_across_quoted_books,all_quoted_books,8e1262b8729ca1c5b33dc4667cb1bd1a,2026-08-24T20:40:02+00:00,model_production_20260822T054104658649Z,production,raw_lgbm,99ee972e306d035facb5e523e1cd6aee6b0eefd16a8c9aee49c803f999c62936,features_20260824T131017223772Z,fb401dc56db0b73ca3235900fdffcc70a8c1b61001694bce7e97652fabffe60b,features_20260822T054058128142Z,paper
predict_20260824T204002257960Z_823260,predict_20260824T204002257960Z,2026-08-24T20:40:02+00:00,2026-08-24 00:00:00,823260,2026-08-25T01:40:00Z,SD,PIT,Robbie Ray,Braxton Ashcraft,0.6521337480270947,0.5904159132007233,0.6186440677966102,0.0282281545958869,0.5162468054034319,0.1358869426236627,-108.0,103.0,False,,False,lineups_not_posted,ineligible,True,False,False,True,9.0,9.0,0.0031878038026364,0.0078440364178975,draftkings,DraftKings,betonlineag,BetOnline.ag,best_available_across_quoted_books,all_quoted_books,2ab56418bedb6fb0868a59b06da5a155,2026-08-24T20:40:02+00:00,model_production_20260822T054104658649Z,production,raw_lgbm,99ee972e306d035facb5e523e1cd6aee6b0eefd16a8c9aee49c803f999c62936,features_20260824T131017223772Z,fb401dc56db0b73ca3235900fdffcc70a8c1b61001694bce7e97652fabffe60b,features_20260822T054058128142Z,paper
predict_20260824T204002257960Z_823097,predict_20260824T204002257960Z,2026-08-24T20:40:02+00:00,2026-08-24 00:00:00,823097,2026-08-25T01:40:00Z,SEA,PHI,Logan Gilbert,Zack Wheeler,0.4466494733925063,0.5102040816326532,0.427797833935018,0.0824062476976351,0.4900451287496682,-0.0433956553571618,101.0,-108.0,False,,False,lineups_not_posted,ineligible,True,False,False,True,9.0,9.0,0.0013476913062256,0.0045257023209299,draftkings,DraftKings,draftkings,DraftKings,best_available_across_quoted_books,all_quoted_books,2e44a824f3dff9caa3501c74ba68fe03,2026-08-24T20:40:02+00:00,model_production_20260822T054104658649Z,production,raw_lgbm,99ee972e306d035facb5e523e1cd6aee6b0eefd16a8c9aee49c803f999c62936,features_20260824T131017223772Z,fb401dc56db0b73ca3235900fdffcc70a8c1b61001694bce7e97652fabffe60b,features_20260822T054058128142Z,paper
predict_20260824T204002257960Z_823183,predict_20260824T204002257960Z,2026-08-24T20:40:02+00:00,2026-08-24 00:00:00,823183,2026-08-25T01:45:00Z,SF,CIN,Carson Whisenhunt,Chase Burns,0.5059241920617711,0.5365853658536586,0.5304990757855821,0.0060862900680764,0.4019109729278834,0.1040132191338876,147.0,-154.0,False,,False,lineups_not_posted,ineligible,True,False,False,True,9.0,9.0,0.0031046955049994,0.0080865274995529,draftkings,DraftKings,fanduel,FanDuel,best_available_across_quoted_books,all_quoted_books,b8eb14e08e109af0db5e66685ac4a2ff,2026-08-24T20:40:02+00:00,model_production_20260822T054104658649Z,production,raw_lgbm,99ee972e306d035facb5e523e1cd6aee6b0eefd16a8c9aee49c803f999c62936,features_20260824T131017223772Z,fb401dc56db0b73ca3235900fdffcc70a8c1b61001694bce7e97652fabffe60b,features_20260822T054058128142Z,paper
predict_20260824T204002257960Z_822695,predict_20260824T204002257960Z,2026-08-24T20:40:02+00:00,2026-08-24 00:00:00,822695,2026-08-24T22:45:00Z,WSH,COL,Cade Cavalli,Ryan Feltner,0.5451338567736487,0.5102040816326532,0.5407098121085596,0.0305057304759064,0.6465222348916762,-0.1013883781180274,-194.0,182.0,True,AWAY,True,,bet_candidate,True,True,True,True,9.0,9.0,0.0046759077465883,0.016302985886573,draftkings,DraftKings,fanduel,FanDuel,best_available_across_quoted_books,all_quoted_books,e3da176886eb60e63e5b0017a5f213bc,2026-08-24T20:40:02+00:00,model_production_20260822T054104658649Z,production,raw_lgbm,99ee972e306d035facb5e523e1cd6aee6b0eefd16a8c9aee49c803f999c62936,features_20260824T131017223772Z,fb401dc56db0b73ca3235900fdffcc70a8c1b61001694bce7e97652fabffe60b,features_20260822T054058128142Z,paper
predict_20260824T204500709202Z_825041,predict_20260824T204500709202Z,2026-08-24T20:45:00+00:00,2026-08-24 00:00:00,825041,2026-08-25T01:40:00Z,ARI,CHC,Merrill Kelly,Kevin Gausman,0.492042390473721,0.4875621890547263,0.4948905109489051,0.0073283218941787,0.4339106654512306,0.0581317250224903,126.0,-133.0,False,,False,lineups_not_posted,ineligible,True,False,False,True,9.0,9.0,0.0027353087882761,0.0098247924567825,betonlineag,BetOnline.ag,draftkings,DraftKings,best_available_across_quoted_books,all_quoted_books,c5a5e268823c62f5cdee679faf9b778c,2026-08-24T20:45:00+00:00,model_production_20260822T054104658649Z,production,raw_lgbm,99ee972e306d035facb5e523e1cd6aee6b0eefd16a8c9aee49c803f999c62936,features_20260824T131017223772Z,fb401dc56db0b73ca3235900fdffcc70a8c1b61001694bce7e97652fabffe60b,features_20260822T054058128142Z,paper
predict_20260824T204500709202Z_824557,predict_20260824T204500709202Z,2026-08-24T20:45:00+00:00,2026-08-24 00:00:00,824557,2026-08-24T23:40:00Z,CWS,TEX,Jose Urquidy,Kumar Rocker,0.5181483174723769,0.5142857142857142,0.5307557117750439,0.0164699974893296,0.5480494766888677,-0.0299011592164908,-124.0,118.0,False,,True,,eligible_no_edge,True,True,True,True,9.0,9.0,0.0034936339197224,0.0122235264125919,draftkings,DraftKings,betrivers,BetRivers,best_available_across_quoted_books,all_quoted_books,e22d48c563e1729e04698e0cdbe8c548,2026-08-24T20:45:00+00:00,model_production_20260822T054104658649Z,production,raw_lgbm,99ee972e306d035facb5e523e1cd6aee6b0eefd16a8c9aee49c803f999c62936,features_20260824T131017223772Z,fb401dc56db0b73ca3235900fdffcc70a8c1b61001694bce7e97652fabffe60b,features_20260822T054058128142Z,paper
predict_20260824T204500709202Z_824235,predict_20260824T204500709202Z,2026-08-24T20:45:00+00:00,2026-08-24 00:00:00,824235,2026-08-24T22:40:00Z,DET,TB,Framber Valdez,Drew Rasmussen,0.5135267310735339,0.5365853658536586,0.5304990757855821,0.0060862900680764,0.450806706738374,0.0627200243351598,119.0,-126.0,True,HOME,True,,bet_candidate,True,True,True,True,9.0,9.0,0.0048465933420095,0.0164998361186404,draftkings,DraftKings,lowvig,LowVig.ag,best_available_across_quoted_books,all_quoted_books,b5df91df571dbd961d2781f345abe770,2026-08-24T20:45:00+00:00,model_production_20260822T054104658649Z,production,raw_lgbm,99ee972e306d035facb5e523e1cd6aee6b0eefd16a8c9aee49c803f999c62936,features_20260824T131017223772Z,fb401dc56db0b73ca3235900fdffcc70a8c1b61001694bce7e97652fabffe60b,features_20260822T054058128142Z,paper
predict_20260824T204500709202Z_823992,predict_20260824T204500709202Z,2026-08-24T20:45:00+00:00,2026-08-24 00:00:00,823992,2026-08-25T01:38:00Z,LAA,CLE,George Klassen,Parker Messick,0.4873518454047472,0.4805194805194805,0.4948905109489051,0.0143710304294246,0.3989608461681203,0.0883909992366269,147.0,-158.0,False,,False,lineups_not_posted,ineligible,True,False,False,True,9.0,9.0,0.0029039218163249,0.0096667431857696,draftkings,DraftKings,fanduel,FanDuel,best_available_across_quoted_books,all_quoted_books,edcd5c7c7dde7d1aa67403952e1dd586,2026-08-24T20:45:00+00:00,model_production_20260822T054104658649Z,production,raw_lgbm,99ee972e306d035facb5e523e1cd6aee6b0eefd16a8c9aee49c803f999c62936,features_20260824T131017223772Z,fb401dc56db0b73ca3235900fdffcc70a8c1b61001694bce7e97652fabffe60b,features_20260822T054058128142Z,paper
predict_20260824T204500709202Z_823828,predict_20260824T204500709202Z,2026-08-24T20:45:00+00:00,2026-08-24 00:00:00,823828,2026-08-24T22:40:00Z,MIA,BOS,Sandy Alcantara,Ranger Suarez,0.4750937569665682,0.4468085106382978,0.4948905109489051,0.0480820003106072,0.4630595302657377,0.0120342267008305,112.0,-119.0,False,,True,,eligible_no_edge,True,True,True,True,9.0,9.0,0.0030179351195553,0.0091143917326316,fanduel,FanDuel,draftkings,DraftKings,best_available_across_quoted_books,all_quoted_books,4849fd0ae15d275efe31050173d07d4e,2026-08-24T20:45:00+00:00,model_production_20260822T054104658649Z,production,raw_lgbm,99ee972e306d035facb5e523e1cd6aee6b0eefd16a8c9aee49c803f999c62936,features_20260824T131017223772Z,fb401dc56db0b73ca3235900fdffcc70a8c1b61001694bce7e97652fabffe60b,features_20260822T054058128142Z,paper
predict_20260824T204500709202Z_824964,predict_20260824T204500709202Z,2026-08-24T20:45:00+00:00,2026-08-24 00:00:00,824964,2026-08-25T01:40:00Z,OAK,MIN,Jeffrey Springs,Zebby Matthews,0.4513304168105758,0.5102040816326532,0.427797833935018,0.0824062476976351,0.422360248447205,0.0289701683633707,134.0,-142.0,False,,False,lineups_not_posted,ineligible,True,False,False,True,9.0,9.0,0.0036754242710696,0.0108242288756285,fanduel,FanDuel,draftkings,DraftKings,best_available_across_quoted_books,all_quoted_books,8e1262b8729ca1c5b33dc4667cb1bd1a,2026-08-24T20:45:00+00:00,model_production_20260822T054104658649Z,production,raw_lgbm,99ee972e306d035facb5e523e1cd6aee6b0eefd16a8c9aee49c803f999c62936,features_20260824T131017223772Z,fb401dc56db0b73ca3235900fdffcc70a8c1b61001694bce7e97652fabffe60b,features_20260822T054058128142Z,paper
predict_20260824T204500709202Z_823260,predict_20260824T204500709202Z,2026-08-24T20:45:00+00:00,2026-08-24 00:00:00,823260,2026-08-25T01:40:00Z,SD,PIT,Robbie Ray,Braxton Ashcraft,0.6521337480270947,0.5904159132007233,0.6186440677966102,0.0282281545958869,0.5173641257162701,0.1347696223108245,-110.0,104.0,False,,False,lineups_not_posted,ineligible,True,False,False,True,9.0,9.0,0.0030198257853251,0.0077207516854526,betus,BetUS,draftkings,DraftKings,best_available_across_quoted_books,all_quoted_books,2ab56418bedb6fb0868a59b06da5a155,2026-08-24T20:45:00+00:00,model_production_20260822T054104658649Z,production,raw_lgbm,99ee972e306d035facb5e523e1cd6aee6b0eefd16a8c9aee49c803f999c62936,features_20260824T131017223772Z,fb401dc56db0b73ca3235900fdffcc70a8c1b61001694bce7e97652fabffe60b,features_20260822T054058128142Z,paper
predict_20260824T204500709202Z_823097,predict_20260824T204500709202Z,2026-08-24T20:45:00+00:00,2026-08-24 00:00:00,823097,2026-08-25T01:40:00Z,SEA,PHI,Logan Gilbert,Zack Wheeler,0.4466494733925063,0.5102040816326532,0.427797833935018,0.0824062476976351,0.4900451287496682,-0.0433956553571618,101.0,-108.0,False,,False,lineups_not_posted,ineligible,True,False,False,True,9.0,9.0,0.0013476913062256,0.0045257023209299,draftkings,DraftKings,draftkings,DraftKings,best_available_across_quoted_books,all_quoted_books,2e44a824f3dff9caa3501c74ba68fe03,2026-08-24T20:45:00+00:00,model_production_20260822T054104658649Z,production,raw_lgbm,99ee972e306d035facb5e523e1cd6aee6b0eefd16a8c9aee49c803f999c62936,features_20260824T131017223772Z,fb401dc56db0b73ca3235900fdffcc70a8c1b61001694bce7e97652fabffe60b,features_20260822T054058128142Z,paper
predict_20260824T204500709202Z_823183,predict_20260824T204500709202Z,2026-08-24T20:45:00+00:00,2026-08-24 00:00:00,823183,2026-08-25T01:45:00Z,SF,CIN,Carson Whisenhunt,Chase Burns,0.5059241920617711,0.5365853658536586,0.5304990757855821,0.0060862900680764,0.3982300884955752,0.1076941035661958,148.0,-158.0,False,,False,lineups_not_posted,ineligible,True,False,False,True,9.0,9.0,0.0030402142905447,0.0087370042469553,fanduel,FanDuel,draftkings,DraftKings,best_available_across_quoted_books,all_quoted_books,b8eb14e08e109af0db5e66685ac4a2ff,2026-08-24T20:45:00+00:00,model_production_20260822T054104658649Z,production,raw_lgbm,99ee972e306d035facb5e523e1cd6aee6b0eefd16a8c9aee49c803f999c62936,features_20260824T131017223772Z,fb401dc56db0b73ca3235900fdffcc70a8c1b61001694bce7e97652fabffe60b,features_20260822T054058128142Z,paper
predict_20260824T204500709202Z_822695,predict_20260824T204500709202Z,2026-08-24T20:45:00+00:00,2026-08-24 00:00:00,822695,2026-08-24T22:45:00Z,WSH,COL,Cade Cavalli,Ryan Feltner,0.5451338567736487,0.5102040816326532,0.5407098121085596,0.0305057304759064,0.6465222348916762,-0.1013883781180274,-194.0,180.0,True,AWAY,True,,bet_candidate,True,True,True,True,9.0,9.0,0.004393908184183,0.0154502690874004,fanduel,FanDuel,fanduel,FanDuel,best_available_across_quoted_books,all_quoted_books,e3da176886eb60e63e5b0017a5f213bc,2026-08-24T20:45:00+00:00,model_production_20260822T054104658649Z,production,raw_lgbm,99ee972e306d035facb5e523e1cd6aee6b0eefd16a8c9aee49c803f999c62936,features_20260824T131017223772Z,fb401dc56db0b73ca3235900fdffcc70a8c1b61001694bce7e97652fabffe60b,features_20260822T054058128142Z,paper
predict_20260824T214001549036Z_825041,predict_20260824T214001549036Z,2026-08-24T21:40:01+00:00,2026-08-24 00:00:00,825041,2026-08-25T01:40:00Z,ARI,CHC,Merrill Kelly,Kevin Gausman,0.492042390473721,0.4875621890547263,0.4948905109489051,0.0073283218941787,0.4328217065541573,0.0592206839195637,126.0,-133.0,False,,False,lineups_not_posted,ineligible,True,False,False,True,9.0,9.0,0.003297218998992,0.0109204808855599,betonlineag,BetOnline.ag,draftkings,DraftKings,best_available_across_quoted_books,all_quoted_books,c5a5e268823c62f5cdee679faf9b778c,2026-08-24T21:40:01+00:00,model_production_20260822T054104658649Z,production,raw_lgbm,99ee972e306d035facb5e523e1cd6aee6b0eefd16a8c9aee49c803f999c62936,features_20260824T131017223772Z,fb401dc56db0b73ca3235900fdffcc70a8c1b61001694bce7e97652fabffe60b,features_20260822T054058128142Z,paper
predict_20260824T214001549036Z_824557,predict_20260824T214001549036Z,2026-08-24T21:40:01+00:00,2026-08-24 00:00:00,824557,2026-08-24T23:40:00Z,CWS,TEX,Jose Urquidy,Kumar Rocker,0.5181483174723769,0.5142857142857142,0.5307557117750439,0.0164699974893296,0.5480494766888677,-0.0299011592164908,-124.0,120.0,False,,True,,eligible_no_edge,True,True,True,True,9.0,9.0,0.0040135159400572,0.014476009308993,draftkings,DraftKings,fanduel,FanDuel,best_available_across_quoted_books,all_quoted_books,e22d48c563e1729e04698e0cdbe8c548,2026-08-24T21:40:01+00:00,model_production_20260822T054104658649Z,production,raw_lgbm,99ee972e306d035facb5e523e1cd6aee6b0eefd16a8c9aee49c803f999c62936,features_20260824T131017223772Z,fb401dc56db0b73ca3235900fdffcc70a8c1b61001694bce7e97652fabffe60b,features_20260822T054058128142Z,paper
predict_20260824T214001549036Z_824235,predict_20260824T214001549036Z,2026-08-24T21:40:01+00:00,2026-08-24 00:00:00,824235,2026-08-24T22:40:00Z,DET,TB,Framber Valdez,Drew Rasmussen,0.5135267310735339,0.5365853658536586,0.5304990757855821,0.0060862900680764,0.4493892661295112,0.0641374649440226,122.0,-127.0,True,HOME,True,,bet_candidate,True,True,True,True,9.0,9.0,0.0046052517931411,0.0169663736230127,fanduel,FanDuel,draftkings,DraftKings,best_available_across_quoted_books,all_quoted_books,b5df91df571dbd961d2781f345abe770,2026-08-24T21:40:01+00:00,model_production_20260822T054104658649Z,production,raw_lgbm,99ee972e306d035facb5e523e1cd6aee6b0eefd16a8c9aee49c803f999c62936,features_20260824T131017223772Z,fb401dc56db0b73ca3235900fdffcc70a8c1b61001694bce7e97652fabffe60b,features_20260822T054058128142Z,paper
predict_20260824T214001549036Z_823992,predict_20260824T214001549036Z,2026-08-24T21:40:01+00:00,2026-08-24 00:00:00,823992,2026-08-25T01:38:00Z,LAA,CLE,George Klassen,Parker Messick,0.4873518454047472,0.4805194805194805,0.4948905109489051,0.0143710304294246,0.3987730061349693,0.0885788392697779,147.0,-158.0,False,,False,lineups_not_posted,ineligible,True,False,False,True,9.0,9.0,0.0024510411753283,0.0097466780253818,draftkings,DraftKings,fanduel,FanDuel,best_available_across_quoted_books,all_quoted_books,edcd5c7c7dde7d1aa67403952e1dd586,2026-08-24T21:40:01+00:00,model_production_20260822T054104658649Z,production,raw_lgbm,99ee972e306d035facb5e523e1cd6aee6b0eefd16a8c9aee49c803f999c62936,features_20260824T131017223772Z,fb401dc56db0b73ca3235900fdffcc70a8c1b61001694bce7e97652fabffe60b,features_20260822T054058128142Z,paper
predict_20260824T214001549036Z_823828,predict_20260824T214001549036Z,2026-08-24T21:40:01+00:00,2026-08-24 00:00:00,823828,2026-08-24T22:40:00Z,MIA,BOS,Sandy Alcantara,Ranger Suarez,0.4750937569665682,0.4468085106382978,0.4948905109489051,0.0480820003106072,0.4630595302657377,0.0120342267008305,112.0,-119.0,False,,True,,eligible_no_edge,True,True,True,True,9.0,9.0,0.0024368529638255,0.0091143917326316,fanduel,FanDuel,draftkings,DraftKings,best_available_across_quoted_books,all_quoted_books,4849fd0ae15d275efe31050173d07d4e,2026-08-24T21:40:01+00:00,model_production_20260822T054104658649Z,production,raw_lgbm,99ee972e306d035facb5e523e1cd6aee6b0eefd16a8c9aee49c803f999c62936,features_20260824T131017223772Z,fb401dc56db0b73ca3235900fdffcc70a8c1b61001694bce7e97652fabffe60b,features_20260822T054058128142Z,paper
predict_20260824T214001549036Z_824964,predict_20260824T214001549036Z,2026-08-24T21:40:01+00:00,2026-08-24 00:00:00,824964,2026-08-25T01:40:00Z,OAK,MIN,Jeffrey Springs,Zebby Matthews,0.4513304168105758,0.5102040816326532,0.427797833935018,0.0824062476976351,0.4292894038810554,0.0220410129295203,131.0,-140.0,False,,False,lineups_not_posted,ineligible,True,False,True,True,9.0,9.0,0.0025228775749316,0.00720739094954,draftkings,DraftKings,fanduel,FanDuel,best_available_across_quoted_books,all_quoted_books,8e1262b8729ca1c5b33dc4667cb1bd1a,2026-08-24T21:40:01+00:00,model_production_20260822T054104658649Z,production,raw_lgbm,99ee972e306d035facb5e523e1cd6aee6b0eefd16a8c9aee49c803f999c62936,features_20260824T131017223772Z,fb401dc56db0b73ca3235900fdffcc70a8c1b61001694bce7e97652fabffe60b,features_20260822T054058128142Z,paper
predict_20260824T214001549036Z_823260,predict_20260824T214001549036Z,2026-08-24T21:40:01+00:00,2026-08-24 00:00:00,823260,2026-08-25T01:40:00Z,SD,PIT,Robbie Ray,Braxton Ashcraft,0.6521337480270947,0.5904159132007233,0.6186440677966102,0.0282281545958869,0.5162468054034319,0.1358869426236627,-110.0,104.0,False,,False,lineups_not_posted,ineligible,True,False,False,True,9.0,9.0,0.0024069778376834,0.0077207516854526,betus,BetUS,draftkings,DraftKings,best_available_across_quoted_books,all_quoted_books,2ab56418bedb6fb0868a59b06da5a155,2026-08-24T21:40:01+00:00,model_production_20260822T054104658649Z,production,raw_lgbm,99ee972e306d035facb5e523e1cd6aee6b0eefd16a8c9aee49c803f999c62936,features_20260824T131017223772Z,fb401dc56db0b73ca3235900fdffcc70a8c1b61001694bce7e97652fabffe60b,features_20260822T054058128142Z,paper
predict_20260824T214001549036Z_823097,predict_20260824T214001549036Z,2026-08-24T21:40:01+00:00,2026-08-24 00:00:00,823097,2026-08-25T01:40:00Z,SEA,PHI,Logan Gilbert,Zack Wheeler,0.4466494733925063,0.5116232794981013,0.427797833935018,0.0838254455630832,0.4900451287496682,-0.0433956553571618,101.0,-108.0,False,,False,lineups_not_posted,ineligible,True,False,True,True,9.0,9.0,0.0013476913062256,0.0045257023209299,draftkings,DraftKings,draftkings,DraftKings,best_available_across_quoted_books,all_quoted_books,2e44a824f3dff9caa3501c74ba68fe03,2026-08-24T21:40:01+00:00,model_production_20260822T054104658649Z,production,raw_lgbm,99ee972e306d035facb5e523e1cd6aee6b0eefd16a8c9aee49c803f999c62936,features_20260824T131017223772Z,fb401dc56db0b73ca3235900fdffcc70a8c1b61001694bce7e97652fabffe60b,features_20260822T054058128142Z,paper
predict_20260824T214001549036Z_823183,predict_20260824T214001549036Z,2026-08-24T21:40:01+00:00,2026-08-24 00:00:00,823183,2026-08-25T01:45:00Z,SF,CIN,Carson Whisenhunt,Chase Burns,0.5059241920617711,0.5365853658536586,0.5304990757855821,0.0060862900680764,0.3979884614198006,0.1079357306419704,148.0,-158.0,False,,False,lineups_not_posted,ineligible,True,False,False,True,9.0,9.0,0.0033343923146659,0.0094694379924442,fanduel,FanDuel,draftkings,DraftKings,best_available_across_quoted_books,all_quoted_books,b8eb14e08e109af0db5e66685ac4a2ff,2026-08-24T21:40:01+00:00,model_production_20260822T054104658649Z,production,raw_lgbm,99ee972e306d035facb5e523e1cd6aee6b0eefd16a8c9aee49c803f999c62936,features_20260824T131017223772Z,fb401dc56db0b73ca3235900fdffcc70a8c1b61001694bce7e97652fabffe60b,features_20260822T054058128142Z,paper
predict_20260824T214001549036Z_822695,predict_20260824T214001549036Z,2026-08-24T21:40:01+00:00,2026-08-24 00:00:00,822695,2026-08-24T22:45:00Z,WSH,COL,Cade Cavalli,Ryan Feltner,0.5451338567736487,0.5102040816326532,0.5407098121085596,0.0305057304759064,0.6477158165403655,-0.1025819597667168,-194.0,180.0,True,AWAY,True,,bet_candidate,True,True,True,True,9.0,9.0,0.0044065580429475,0.0154502690874004,fanduel,FanDuel,fanduel,FanDuel,best_available_across_quoted_books,all_quoted_books,e3da176886eb60e63e5b0017a5f213bc,2026-08-24T21:40:01+00:00,model_production_20260822T054104658649Z,production,raw_lgbm,99ee972e306d035facb5e523e1cd6aee6b0eefd16a8c9aee49c803f999c62936,features_20260824T131017223772Z,fb401dc56db0b73ca3235900fdffcc70a8c1b61001694bce7e97652fabffe60b,features_20260822T054058128142Z,paper
predict_20260825T224133893077Z_825042,predict_20260825T224133893077Z,2026-08-25T22:41:33+00:00,2026-08-25 00:00:00,825042,2026-08-26T01:40:00Z,ARI,CHC,Brandon Pfaadt,Clay Holmes,0.4895208555101993,0.4875621890547263,0.4948905109489051,0.0073283218941787,0.4907015667859966,-0.0011807112757972,101.0,-108.0,False,,True,,eligible_no_edge,True,True,True,True,9.0,9.0,0.0038399042303101,0.0108342361863488,draftkings,DraftKings,draftkings,DraftKings,best_available_across_quoted_books,all_quoted_books,f4592955744665289f90514e92145dcf,2026-08-25T22:41:33+00:00,model_production_20260822T054104658649Z,production,raw_lgbm,99ee972e306d035facb5e523e1cd6aee6b0eefd16a8c9aee49c803f999c62936,features_20260824T131017223772Z,fb401dc56db0b73ca3235900fdffcc70a8c1b61001694bce7e97652fabffe60b,features_20260822T054058128142Z,paper
predict_20260825T224133893077Z_824881,predict_20260825T224133893077Z,2026-08-25T22:41:33+00:00,2026-08-25 00:00:00,824881,2026-08-25T23:15:00Z,ATL,LAD,Bryce Elder,Tyler Glasnow,0.5314483927657456,0.5102040816326532,0.5307557117750439,0.0205516301423906,0.4126277181032224,0.1188206746625231,139.0,-148.0,True,HOME,True,,bet_candidate,True,True,True,True,9.0,9.0,0.0034134734091297,0.0094459191238012,lowvig,LowVig.ag,fanduel,FanDuel,best_available_across_quoted_books,all_quoted_books,d7bed76714eb2b887f979d5156f6863c,2026-08-25T22:41:33+00:00,model_production_20260822T054104658649Z,production,raw_lgbm,99ee972e306d035facb5e523e1cd6aee6b0eefd16a8c9aee49c803f999c62936,features_20260824T131017223772Z,fb401dc56db0b73ca3235900fdffcc70a8c1b61001694bce7e97652fabffe60b,features_20260822T054058128142Z,paper
predict_20260825T224133893077Z_824556,predict_20260825T224133893077Z,2026-08-25T22:41:33+00:00,2026-08-25 00:00:00,824556,2026-08-25T23:40:00Z,CWS,TEX,Anthony Kay,Jacob deGrom,0.4926320785600686,0.4875621890547263,0.4948905109489051,0.0073283218941787,0.4883720930232558,0.0042599855368127,103.0,-107.0,False,,True,,eligible_no_edge,True,True,True,True,9.0,9.0,0.0055774804047742,0.0195748290596985,draftkings,DraftKings,betonlineag,BetOnline.ag,best_available_across_quoted_books,all_quoted_books,6e7150d8c439882971bcb51d92f290ca,2026-08-25T22:41:33+00:00,model_production_20260822T054104658649Z,production,raw_lgbm,99ee972e306d035facb5e523e1cd6aee6b0eefd16a8c9aee49c803f999c62936,features_20260824T131017223772Z,fb401dc56db0b73ca3235900fdffcc70a8c1b61001694bce7e97652fabffe60b,features_20260822T054058128142Z,paper
predict_20260825T224133893077Z_824233,predict_20260825T224133893077Z,2026-08-25T22:41:33+00:00,2026-08-25 00:00:00,824233,2026-08-25T22:40:00Z,DET,TB,Jackson Jobe,Casey Legumina,0.4956798042647147,0.5121951219512196,0.5304990757855821,0.0183039538343624,0.4512967518255245,0.0443830524391902,120.0,-123.0,False,,True,,eligible_no_edge,True,True,True,True,9.0,9.0,0.0086035181656727,0.0280326830698026,betus,BetUS,draftkings,DraftKings,best_available_across_quoted_books,all_quoted_books,259b6ad0c039c2a2dd00d378d88eb549,2026-08-25T22:41:33+00:00,model_production_20260822T054104658649Z,production,raw_lgbm,99ee972e306d035facb5e523e1cd6aee6b0eefd16a8c9aee49c803f999c62936,features_20260824T131017223772Z,fb401dc56db0b73ca3235900fdffcc70a8c1b61001694bce7e97652fabffe60b,features_20260822T054058128142Z,paper
predict_20260825T224133893077Z_823989,predict_20260825T224133893077Z,2026-08-25T22:41:33+00:00,2026-08-25 00:00:00,823989,2026-08-26T01:38:00Z,LAA,CLE,Walbert Urena,Gavin Williams,0.5073650514733022,0.4805194805194805,0.5304990757855821,0.0499795952661015,0.4234915301693966,0.0838735213039056,137.0,-142.0,False,,False,lineups_not_posted,ineligible,True,False,True,True,9.0,9.0,0.0037380134854123,0.014181923642092,draftkings,DraftKings,fanduel,FanDuel,best_available_across_quoted_books,all_quoted_books,57e5de55a9616dbe31da6693615d0af8,2026-08-25T22:41:33+00:00,model_production_20260822T054104658649Z,production,raw_lgbm,99ee972e306d035facb5e523e1cd6aee6b0eefd16a8c9aee49c803f999c62936,features_20260824T131017223772Z,fb401dc56db0b73ca3235900fdffcc70a8c1b61001694bce7e97652fabffe60b,features_20260822T054058128142Z,paper
predict_20260825T224133893077Z_823826,predict_20260825T224133893077Z,2026-08-25T22:41:33+00:00,2026-08-25 00:00:00,823826,2026-08-25T22:40:00Z,MIA,BOS,Tyler Phillips,Payton Tolle,0.5026980384538972,0.4805194805194805,0.5304990757855821,0.0499795952661015,0.4268502581755593,0.0758477802783378,133.0,-129.0,True,HOME,True,,bet_candidate,True,True,True,True,9.0,9.0,0.0107356322686933,0.0355804789351268,lowvig,LowVig.ag,draftkings,DraftKings,best_available_across_quoted_books,all_quoted_books,209f31db8e00b79cd7185e2e0d10d825,2026-08-25T22:41:33+00:00,model_production_20260822T054104658649Z,production,raw_lgbm,99ee972e306d035facb5e523e1cd6aee6b0eefd16a8c9aee49c803f999c62936,features_20260824T131017223772Z,fb401dc56db0b73ca3235900fdffcc70a8c1b61001694bce7e97652fabffe60b,features_20260822T054058128142Z,paper
predict_20260825T224133893077Z_823585,predict_20260825T224133893077Z,2026-08-25T22:41:33+00:00,2026-08-25 00:00:00,823585,2026-08-25T23:10:00Z,NYM,MIL,Zac Thornton,Kyle Harrison,0.4917743891018262,0.5102040816326532,0.4948905109489051,0.015313570683748,0.4003338691727463,0.0914405199290799,148.0,-157.0,True,HOME,True,,bet_candidate,True,True,True,True,9.0,9.0,0.0038954534195341,0.0141392626219228,draftkings,DraftKings,betrivers,BetRivers,best_available_across_quoted_books,all_quoted_books,5adabe1a546de0ad6f64e2789b2b8f8d,2026-08-25T22:41:33+00:00,model_production_20260822T054104658649Z,production,raw_lgbm,99ee972e306d035facb5e523e1cd6aee6b0eefd16a8c9aee49c803f999c62936,features_20260824T131017223772Z,fb401dc56db0b73ca3235900fdffcc70a8c1b61001694bce7e97652fabffe60b,features_20260822T054058128142Z,paper
predict_20260825T224133893077Z_823505,predict_20260825T224133893077Z,2026-08-25T22:41:33+00:00,2026-08-25 00:00:00,823505,2026-08-25T23:05:00Z,NYY,HOU,Will Warren,Ethan Pecko,0.5760955127877639,0.5904159132007233,0.5798969072164947,0.0105190059842286,0.5733276913854508,0.0027678214023131,-138.0,131.0,False,,True,,eligible_no_edge,True,True,True,True,9.0,9.0,0.0037332793888106,0.0120969324426338,fanduel,FanDuel,draftkings,DraftKings,best_available_across_quoted_books,all_quoted_books,187cbd24b1e45a99e9ecaf256baeb7c1,2026-08-25T22:41:33+00:00,model_production_20260822T054104658649Z,production,raw_lgbm,99ee972e306d035facb5e523e1cd6aee6b0eefd16a8c9aee49c803f999c62936,features_20260824T131017223772Z,fb401dc56db0b73ca3235900fdffcc70a8c1b61001694bce7e97652fabffe60b,features_20260822T054058128142Z,paper
predict_20260825T224133893077Z_824962,predict_20260825T224133893077Z,2026-08-25T22:41:33+00:00,2026-08-25 00:00:00,824962,2026-08-26T01:40:00Z,OAK,MIN,Gage Jump,Taj Bradley,0.4432153400524695,0.4875621890547263,0.427797833935018,0.0597643551197083,0.4217673078901348,0.0214480321623347,137.0,-142.0,False,,True,,eligible_no_edge,True,True,True,True,9.0,9.0,0.0030094966131411,0.0106777856673955,draftkings,DraftKings,fanduel,FanDuel,best_available_across_quoted_books,all_quoted_books,3c57e2dd92e3e26dff7fb8c2898891bd,2026-08-25T22:41:33+00:00,model_production_20260822T054104658649Z,production,raw_lgbm,99ee972e306d035facb5e523e1cd6aee6b0eefd16a8c9aee49c803f999c62936,features_20260824T131017223772Z,fb401dc56db0b73ca3235900fdffcc70a8c1b61001694bce7e97652fabffe60b,features_20260822T054058128142Z,paper
predict_20260825T224133893077Z_823259,predict_20260825T224133893077Z,2026-08-25T22:41:33+00:00,2026-08-25 00:00:00,823259,2026-08-26T01:40:00Z,SD,PIT,Michael King,Paul Skenes,0.6475510319305513,0.5634674922600619,0.6186440677966102,0.0551765755365483,0.5341317620030207,0.1134192699275306,-119.0,112.0,False,,False,lineups_not_posted,ineligible,True,False,True,True,9.0,9.0,0.0052236013884115,0.0179919871046764,draftkings,DraftKings,betonlineag,BetOnline.ag,best_available_across_quoted_books,all_quoted_books,ccb7afafeeb739ec9623deb9cba63f64,2026-08-25T22:41:33+00:00,model_production_20260822T054104658649Z,production,raw_lgbm,99ee972e306d035facb5e523e1cd6aee6b0eefd16a8c9aee49c803f999c62936,features_20260824T131017223772Z,fb401dc56db0b73ca3235900fdffcc70a8c1b61001694bce7e97652fabffe60b,features_20260822T054058128142Z,paper
predict_20260825T224133893077Z_823098,predict_20260825T224133893077Z,2026-08-25T22:41:33+00:00,2026-08-25 00:00:00,823098,2026-08-26T01:40:00Z,SEA,PHI,George Kirby,Aaron Nola,0.5018536571329114,0.5142857142857142,0.5304990757855821,0.0162133614998678,0.5023229882921391,-0.0004693311592276,-104.0,100.0,False,,True,,eligible_no_edge,True,True,True,True,9.0,9.0,0.0043276356857193,0.0148063781321184,draftkings,DraftKings,betrivers,BetRivers,best_available_across_quoted_books,all_quoted_books,50491a98ba9ab1b1502809e59c3cd776,2026-08-25T22:41:33+00:00,model_production_20260822T054104658649Z,production,raw_lgbm,99ee972e306d035facb5e523e1cd6aee6b0eefd16a8c9aee49c803f999c62936,features_20260824T131017223772Z,fb401dc56db0b73ca3235900fdffcc70a8c1b61001694bce7e97652fabffe60b,features_20260822T054058128142Z,paper
predict_20260825T224133893077Z_823181,predict_20260825T224133893077Z,2026-08-25T22:41:33+00:00,2026-08-25 00:00:00,823181,2026-08-26T01:45:00Z,SF,CIN,Adrian Houser,Brady Singer,0.5292592484917138,0.5142857142857142,0.5307557117750439,0.0164699974893296,0.5067750677506776,0.0224841807410361,-105.0,-102.0,False,,True,,eligible_no_edge,True,True,True,True,9.0,9.0,0.0023262521488577,0.0077399380804954,draftkings,DraftKings,fanduel,FanDuel,best_available_across_quoted_books,all_quoted_books,26d4c80fbedae27b50bb14b2ae483938,2026-08-25T22:41:33+00:00,model_production_20260822T054104658649Z,production,raw_lgbm,99ee972e306d035facb5e523e1cd6aee6b0eefd16a8c9aee49c803f999c62936,features_20260824T131017223772Z,fb401dc56db0b73ca3235900fdffcc70a8c1b61001694bce7e97652fabffe60b,features_20260822T054058128142Z,paper
predict_20260825T224133893077Z_823016,predict_20260825T224133893077Z,2026-08-25T22:41:33+00:00,2026-08-25 00:00:00,823016,2026-08-25T23:45:00Z,STL,BAL,Matthew Liberatore,Chris Bassitt,0.4976353369118442,0.5121951219512196,0.5304990757855821,0.0183039538343624,0.5443833464257659,-0.0467480095139217,-124.0,120.0,False,,True,,eligible_no_edge,True,True,True,True,9.0,9.0,0.0050656517397962,0.0171349666046811,draftkings,DraftKings,betrivers,BetRivers,best_available_across_quoted_books,all_quoted_books,928203119cbe56b5e4102e4372ff78bd,2026-08-25T22:41:33+00:00,model_production_20260822T054104658649Z,production,raw_lgbm,99ee972e306d035facb5e523e1cd6aee6b0eefd16a8c9aee49c803f999c62936,features_20260824T131017223772Z,fb401dc56db0b73ca3235900fdffcc70a8c1b61001694bce7e97652fabffe60b,features_20260822T054058128142Z,paper
predict_20260825T224133893077Z_822773,predict_20260825T224133893077Z,2026-08-25T22:41:33+00:00,2026-08-25 00:00:00,822773,2026-08-25T23:07:00Z,TOR,KC,Max Scherzer,Seth Lugo,0.5613245681916004,0.5634674922600619,0.5641025641025641,0.0006350718425022,0.5520062329567589,0.0093183352348414,-126.0,120.0,False,,True,,eligible_no_edge,True,True,True,True,9.0,9.0,0.0029184311682919,0.0077683642487536,fanduel,FanDuel,draftkings,DraftKings,best_available_across_quoted_books,all_quoted_books,587e76b251f060a951bfa47ee07cf6ac,2026-08-25T22:41:33+00:00,model_production_20260822T054104658649Z,production,raw_lgbm,99ee972e306d035facb5e523e1cd6aee6b0eefd16a8c9aee49c803f999c62936,features_20260824T131017223772Z,fb401dc56db0b73ca3235900fdffcc70a8c1b61001694bce7e97652fabffe60b,features_20260822T054058128142Z,paper
predict_20260825T224133893077Z_822693,predict_20260825T224133893077Z,2026-08-25T22:41:33+00:00,2026-08-25 00:00:00,822693,2026-08-25T22:45:00Z,WSH,COL,Andrew Alvarez,Mason Adams,0.576254634356448,0.5121951219512196,0.5798969072164947,0.067701785265275,0.6047890270835755,-0.0285343927271275,-157.0,150.0,False,,True,,eligible_no_edge,True,True,True,True,9.0,9.0,0.0043598983025317,0.014283327669856,draftkings,DraftKings,fanduel,FanDuel,best_available_across_quoted_books,all_quoted_books,4819f8690b221a33563af84c498578c2,2026-08-25T22:41:33+00:00,model_production_20260822T054104658649Z,production,raw_lgbm,99ee972e306d035facb5e523e1cd6aee6b0eefd16a8c9aee49c803f999c62936,features_20260824T131017223772Z,fb401dc56db0b73ca3235900fdffcc70a8c1b61001694bce7e97652fabffe60b,features_20260822T054058128142Z,paper
predict_20260825T224157613215Z_825042,predict_20260825T224157613215Z,2026-08-25T22:41:57+00:00,2026-08-25 00:00:00,825042,2026-08-26T01:40:00Z,ARI,CHC,Brandon Pfaadt,Clay Holmes,0.4689026250806261,0.4875621890547263,0.4948905109489051,0.0073283218941787,0.4907015667859966,-0.0217989417053705,101.0,-108.0,False,,True,,eligible_no_edge,True,True,True,True,9.0,9.0,0.0038399042303101,0.0108342361863488,draftkings,DraftKings,draftkings,DraftKings,best_available_across_quoted_books,all_quoted_books,f4592955744665289f90514e92145dcf,2026-08-25T22:41:57+00:00,model_production_20260822T054104658649Z,production,raw_lgbm,99ee972e306d035facb5e523e1cd6aee6b0eefd16a8c9aee49c803f999c62936,features_20260824T131017223772Z,fb401dc56db0b73ca3235900fdffcc70a8c1b61001694bce7e97652fabffe60b,features_20260822T054058128142Z,paper
predict_20260825T224157613215Z_824881,predict_20260825T224157613215Z,2026-08-25T22:41:57+00:00,2026-08-25 00:00:00,824881,2026-08-25T23:15:00Z,ATL,LAD,Bryce Elder,Tyler Glasnow,0.5314483927657456,0.5102040816326532,0.5307557117750439,0.0205516301423906,0.4126277181032224,0.1188206746625231,139.0,-148.0,True,HOME,True,,bet_candidate,True,True,True,True,9.0,9.0,0.0034134734091297,0.0094459191238012,lowvig,LowVig.ag,fanduel,FanDuel,best_available_across_quoted_books,all_quoted_books,d7bed76714eb2b887f979d5156f6863c,2026-08-25T22:41:57+00:00,model_production_20260822T054104658649Z,production,raw_lgbm,99ee972e306d035facb5e523e1cd6aee6b0eefd16a8c9aee49c803f999c62936,features_20260824T131017223772Z,fb401dc56db0b73ca3235900fdffcc70a8c1b61001694bce7e97652fabffe60b,features_20260822T054058128142Z,paper
predict_20260825T224157613215Z_824556,predict_20260825T224157613215Z,2026-08-25T22:41:57+00:00,2026-08-25 00:00:00,824556,2026-08-25T23:40:00Z,CWS,TEX,Anthony Kay,Jacob deGrom,0.4821617806165837,0.4805194805194805,0.4948905109489051,0.0143710304294246,0.4883720930232558,-0.006210312406672,103.0,-107.0,False,,True,,eligible_no_edge,True,True,True,True,9.0,9.0,0.0055774804047742,0.0195748290596985,draftkings,DraftKings,betonlineag,BetOnline.ag,best_available_across_quoted_books,all_quoted_books,6e7150d8c439882971bcb51d92f290ca,2026-08-25T22:41:57+00:00,model_production_20260822T054104658649Z,production,raw_lgbm,99ee972e306d035facb5e523e1cd6aee6b0eefd16a8c9aee49c803f999c62936,features_20260824T131017223772Z,fb401dc56db0b73ca3235900fdffcc70a8c1b61001694bce7e97652fabffe60b,features_20260822T054058128142Z,paper
predict_20260825T224157613215Z_824233,predict_20260825T224157613215Z,2026-08-25T22:41:57+00:00,2026-08-25 00:00:00,824233,2026-08-25T22:40:00Z,DET,TB,Jackson Jobe,Casey Legumina,0.48453421435165,0.5121951219512196,0.4948905109489051,0.0173046110023145,0.4512967518255245,0.0332374625261255,118.0,-120.0,False,,True,,eligible_no_edge,True,True,True,True,9.0,9.0,0.0097377263191283,0.0241430507891954,betus,BetUS,fanduel,FanDuel,best_available_across_quoted_books,all_quoted_books,259b6ad0c039c2a2dd00d378d88eb549,2026-08-25T22:41:57+00:00,model_production_20260822T054104658649Z,production,raw_lgbm,99ee972e306d035facb5e523e1cd6aee6b0eefd16a8c9aee49c803f999c62936,features_20260824T131017223772Z,fb401dc56db0b73ca3235900fdffcc70a8c1b61001694bce7e97652fabffe60b,features_20260822T054058128142Z,paper
predict_20260825T224157613215Z_823989,predict_20260825T224157613215Z,2026-08-25T22:41:57+00:00,2026-08-25 00:00:00,823989,2026-08-26T01:38:00Z,LAA,CLE,Walbert Urena,Gavin Williams,0.5124829054000061,0.4805194805194805,0.5304990757855821,0.0499795952661015,0.4234915301693966,0.0889913752306094,137.0,-142.0,False,,False,lineups_not_posted,ineligible,True,False,True,True,9.0,9.0,0.0037380134854123,0.014181923642092,draftkings,DraftKings,fanduel,FanDuel,best_available_across_quoted_books,all_quoted_books,57e5de55a9616dbe31da6693615d0af8,2026-08-25T22:41:57+00:00,model_production_20260822T054104658649Z,production,raw_lgbm,99ee972e306d035facb5e523e1cd6aee6b0eefd16a8c9aee49c803f999c62936,features_20260824T131017223772Z,fb401dc56db0b73ca3235900fdffcc70a8c1b61001694bce7e97652fabffe60b,features_20260822T054058128142Z,paper
predict_20260825T224157613215Z_823826,predict_20260825T224157613215Z,2026-08-25T22:41:57+00:00,2026-08-25 00:00:00,823826,2026-08-25T22:40:00Z,MIA,BOS,Tyler Phillips,Payton Tolle,0.5026980384538972,0.4736842105263157,0.5304990757855821,0.0568148652592663,0.4268502581755593,0.0758477802783378,133.0,-129.0,True,HOME,True,,bet_candidate,True,True,True,True,9.0,9.0,0.0128104467772296,0.0355804789351268,lowvig,LowVig.ag,draftkings,DraftKings,best_available_across_quoted_books,all_quoted_books,209f31db8e00b79cd7185e2e0d10d825,2026-08-25T22:41:57+00:00,model_production_20260822T054104658649Z,production,raw_lgbm,99ee972e306d035facb5e523e1cd6aee6b0eefd16a8c9aee49c803f999c62936,features_20260824T131017223772Z,fb401dc56db0b73ca3235900fdffcc70a8c1b61001694bce7e97652fabffe60b,features_20260822T054058128142Z,paper
predict_20260825T224157613215Z_823585,predict_20260825T224157613215Z,2026-08-25T22:41:57+00:00,2026-08-25 00:00:00,823585,2026-08-25T23:10:00Z,NYM,MIL,Zac Thornton,Kyle Harrison,0.4917743891018262,0.5102040816326532,0.4948905109489051,0.015313570683748,0.4003338691727463,0.0914405199290799,148.0,-157.0,True,HOME,True,,bet_candidate,True,True,True,True,9.0,9.0,0.0038954534195341,0.0141392626219228,draftkings,DraftKings,betrivers,BetRivers,best_available_across_quoted_books,all_quoted_books,5adabe1a546de0ad6f64e2789b2b8f8d,2026-08-25T22:41:57+00:00,model_production_20260822T054104658649Z,production,raw_lgbm,99ee972e306d035facb5e523e1cd6aee6b0eefd16a8c9aee49c803f999c62936,features_20260824T131017223772Z,fb401dc56db0b73ca3235900fdffcc70a8c1b61001694bce7e97652fabffe60b,features_20260822T054058128142Z,paper
predict_20260825T224157613215Z_823505,predict_20260825T224157613215Z,2026-08-25T22:41:57+00:00,2026-08-25 00:00:00,823505,2026-08-25T23:05:00Z,NYY,HOU,Will Warren,Ethan Pecko,0.5760955127877639,0.5904159132007233,0.5798969072164947,0.0105190059842286,0.5733276913854508,0.0027678214023131,-138.0,131.0,False,,True,,eligible_no_edge,True,True,True,True,9.0,9.0,0.0037332793888106,0.0120969324426338,fanduel,FanDuel,draftkings,DraftKings,best_available_across_quoted_books,all_quoted_books,187cbd24b1e45a99e9ecaf256baeb7c1,2026-08-25T22:41:57+00:00,model_production_20260822T054104658649Z,production,raw_lgbm,99ee972e306d035facb5e523e1cd6aee6b0eefd16a8c9aee49c803f999c62936,features_20260824T131017223772Z,fb401dc56db0b73ca3235900fdffcc70a8c1b61001694bce7e97652fabffe60b,features_20260822T054058128142Z,paper
predict_20260825T224157613215Z_824962,predict_20260825T224157613215Z,2026-08-25T22:41:57+00:00,2026-08-25 00:00:00,824962,2026-08-26T01:40:00Z,OAK,MIN,Gage Jump,Taj Bradley,0.4576577347959031,0.5102040816326532,0.4942528735632184,0.0159512080694347,0.4217673078901348,0.0358904269057683,137.0,-142.0,False,,True,,eligible_no_edge,True,True,True,True,9.0,9.0,0.0030094966131411,0.0106777856673955,draftkings,DraftKings,fanduel,FanDuel,best_available_across_quoted_books,all_quoted_books,3c57e2dd92e3e26dff7fb8c2898891bd,2026-08-25T22:41:57+00:00,model_production_20260822T054104658649Z,production,raw_lgbm,99ee972e306d035facb5e523e1cd6aee6b0eefd16a8c9aee49c803f999c62936,features_20260824T131017223772Z,fb401dc56db0b73ca3235900fdffcc70a8c1b61001694bce7e97652fabffe60b,features_20260822T054058128142Z,paper
predict_20260825T224157613215Z_823259,predict_20260825T224157613215Z,2026-08-25T22:41:57+00:00,2026-08-25 00:00:00,823259,2026-08-26T01:40:00Z,SD,PIT,Michael King,Paul Skenes,0.6475510319305513,0.5634674922600619,0.6186440677966102,0.0551765755365483,0.5341317620030207,0.1134192699275306,-119.0,112.0,False,,False,lineups_not_posted,ineligible,True,False,True,True,9.0,9.0,0.0052236013884115,0.0179919871046764,draftkings,DraftKings,betonlineag,BetOnline.ag,best_available_across_quoted_books,all_quoted_books,ccb7afafeeb739ec9623deb9cba63f64,2026-08-25T22:41:57+00:00,model_production_20260822T054104658649Z,production,raw_lgbm,99ee972e306d035facb5e523e1cd6aee6b0eefd16a8c9aee49c803f999c62936,features_20260824T131017223772Z,fb401dc56db0b73ca3235900fdffcc70a8c1b61001694bce7e97652fabffe60b,features_20260822T054058128142Z,paper
predict_20260825T224157613215Z_823098,predict_20260825T224157613215Z,2026-08-25T22:41:57+00:00,2026-08-25 00:00:00,823098,2026-08-26T01:40:00Z,SEA,PHI,George Kirby,Aaron Nola,0.520685915722981,0.5142857142857142,0.5307557117750439,0.0164699974893296,0.5023229882921391,0.0183629274308418,-104.0,100.0,False,,True,,eligible_no_edge,True,True,True,True,9.0,9.0,0.0043276356857193,0.0148063781321184,draftkings,DraftKings,betrivers,BetRivers,best_available_across_quoted_books,all_quoted_books,50491a98ba9ab1b1502809e59c3cd776,2026-08-25T22:41:57+00:00,model_production_20260822T054104658649Z,production,raw_lgbm,99ee972e306d035facb5e523e1cd6aee6b0eefd16a8c9aee49c803f999c62936,features_20260824T131017223772Z,fb401dc56db0b73ca3235900fdffcc70a8c1b61001694bce7e97652fabffe60b,features_20260822T054058128142Z,paper
predict_20260825T224157613215Z_823181,predict_20260825T224157613215Z,2026-08-25T22:41:57+00:00,2026-08-25 00:00:00,823181,2026-08-26T01:45:00Z,SF,CIN,Adrian Houser,Brady Singer,0.5264950823171624,0.5365853658536586,0.5307557117750439,0.0058296540786146,0.5067750677506776,0.0197200145664847,-105.0,-102.0,False,,True,,eligible_no_edge,True,True,True,True,9.0,9.0,0.0023262521488577,0.0077399380804954,draftkings,DraftKings,fanduel,FanDuel,best_available_across_quoted_books,all_quoted_books,26d4c80fbedae27b50bb14b2ae483938,2026-08-25T22:41:57+00:00,model_production_20260822T054104658649Z,production,raw_lgbm,99ee972e306d035facb5e523e1cd6aee6b0eefd16a8c9aee49c803f999c62936,features_20260824T131017223772Z,fb401dc56db0b73ca3235900fdffcc70a8c1b61001694bce7e97652fabffe60b,features_20260822T054058128142Z,paper
predict_20260825T224157613215Z_823016,predict_20260825T224157613215Z,2026-08-25T22:41:57+00:00,2026-08-25 00:00:00,823016,2026-08-25T23:45:00Z,STL,BAL,Matthew Liberatore,Chris Bassitt,0.4976353369118442,0.5121951219512196,0.5304990757855821,0.0183039538343624,0.5443833464257659,-0.0467480095139217,-124.0,120.0,False,,True,,eligible_no_edge,True,True,True,True,9.0,9.0,0.0050656517397962,0.0171349666046811,draftkings,DraftKings,betrivers,BetRivers,best_available_across_quoted_books,all_quoted_books,928203119cbe56b5e4102e4372ff78bd,2026-08-25T22:41:57+00:00,model_production_20260822T054104658649Z,production,raw_lgbm,99ee972e306d035facb5e523e1cd6aee6b0eefd16a8c9aee49c803f999c62936,features_20260824T131017223772Z,fb401dc56db0b73ca3235900fdffcc70a8c1b61001694bce7e97652fabffe60b,features_20260822T054058128142Z,paper
predict_20260825T224157613215Z_822773,predict_20260825T224157613215Z,2026-08-25T22:41:57+00:00,2026-08-25 00:00:00,822773,2026-08-25T23:07:00Z,TOR,KC,Max Scherzer,Seth Lugo,0.5613245681916004,0.5634674922600619,0.5641025641025641,0.0006350718425022,0.5520062329567589,0.0093183352348414,-126.0,120.0,False,,True,,eligible_no_edge,True,True,True,True,9.0,9.0,0.0029184311682919,0.0077683642487536,fanduel,FanDuel,draftkings,DraftKings,best_available_across_quoted_books,all_quoted_books,587e76b251f060a951bfa47ee07cf6ac,2026-08-25T22:41:57+00:00,model_production_20260822T054104658649Z,production,raw_lgbm,99ee972e306d035facb5e523e1cd6aee6b0eefd16a8c9aee49c803f999c62936,features_20260824T131017223772Z,fb401dc56db0b73ca3235900fdffcc70a8c1b61001694bce7e97652fabffe60b,features_20260822T054058128142Z,paper
predict_20260825T224157613215Z_822693,predict_20260825T224157613215Z,2026-08-25T22:41:57+00:00,2026-08-25 00:00:00,822693,2026-08-25T22:45:00Z,WSH,COL,Andrew Alvarez,Mason Adams,0.5875396339648427,0.5142857142857142,0.5798969072164947,0.0656111929307804,0.6047890270835755,-0.0172493931187328,-157.0,150.0,False,,True,,eligible_no_edge,True,True,True,True,9.0,9.0,0.0043598983025317,0.014283327669856,draftkings,DraftKings,fanduel,FanDuel,best_available_across_quoted_books,all_quoted_books,4819f8690b221a33563af84c498578c2,2026-08-25T22:41:57+00:00,model_production_20260822T054104658649Z,production,raw_lgbm,99ee972e306d035facb5e523e1cd6aee6b0eefd16a8c9aee49c803f999c62936,features_20260824T131017223772Z,fb401dc56db0b73ca3235900fdffcc70a8c1b61001694bce7e97652fabffe60b,features_20260822T054058128142Z,paper
predict_20260825T224211887336Z_825042,predict_20260825T224211887336Z,2026-08-25T22:42:11+00:00,2026-08-25 00:00:00,825042,2026-08-26T01:40:00Z,ARI,CHC,Brandon Pfaadt,Clay Holmes,0.4689026250806261,0.4875621890547263,0.4948905109489051,0.0073283218941787,0.4907015667859966,-0.0217989417053705,101.0,-107.0,False,,True,,eligible_no_edge,True,True,True,True,9.0,9.0,0.0058288943546046,0.0173302736035244,draftkings,DraftKings,bovada,Bovada,best_available_across_quoted_books,all_quoted_books,f4592955744665289f90514e92145dcf,2026-08-25T22:42:11+00:00,model_production_20260822T054104658649Z,production,raw_lgbm,99ee972e306d035facb5e523e1cd6aee6b0eefd16a8c9aee49c803f999c62936,features_20260824T131017223772Z,fb401dc56db0b73ca3235900fdffcc70a8c1b61001694bce7e97652fabffe60b,features_20260822T054058128142Z,paper
predict_20260825T224211887336Z_824881,predict_20260825T224211887336Z,2026-08-25T22:42:11+00:00,2026-08-25 00:00:00,824881,2026-08-25T23:15:00Z,ATL,LAD,Bryce Elder,Tyler Glasnow,0.5314483927657456,0.5102040816326532,0.5307557117750439,0.0205516301423906,0.4126277181032224,0.1188206746625231,139.0,-148.0,True,HOME,True,,bet_candidate,True,True,True,True,9.0,9.0,0.0035105420532707,0.0094459191238012,lowvig,LowVig.ag,fanduel,FanDuel,best_available_across_quoted_books,all_quoted_books,d7bed76714eb2b887f979d5156f6863c,2026-08-25T22:42:11+00:00,model_production_20260822T054104658649Z,production,raw_lgbm,99ee972e306d035facb5e523e1cd6aee6b0eefd16a8c9aee49c803f999c62936,features_20260824T131017223772Z,fb401dc56db0b73ca3235900fdffcc70a8c1b61001694bce7e97652fabffe60b,features_20260822T054058128142Z,paper
predict_20260825T224211887336Z_824556,predict_20260825T224211887336Z,2026-08-25T22:42:11+00:00,2026-08-25 00:00:00,824556,2026-08-25T23:40:00Z,CWS,TEX,Anthony Kay,Jacob deGrom,0.4821617806165837,0.4805194805194805,0.4948905109489051,0.0143710304294246,0.4883720930232558,-0.006210312406672,103.0,-107.0,False,,True,,eligible_no_edge,True,True,True,True,9.0,9.0,0.0055774804047742,0.0195748290596985,draftkings,DraftKings,betonlineag,BetOnline.ag,best_available_across_quoted_books,all_quoted_books,6e7150d8c439882971bcb51d92f290ca,2026-08-25T22:42:11+00:00,model_production_20260822T054104658649Z,production,raw_lgbm,99ee972e306d035facb5e523e1cd6aee6b0eefd16a8c9aee49c803f999c62936,features_20260824T131017223772Z,fb401dc56db0b73ca3235900fdffcc70a8c1b61001694bce7e97652fabffe60b,features_20260822T054058128142Z,paper
predict_20260825T224211887336Z_824233,predict_20260825T224211887336Z,2026-08-25T22:42:11+00:00,2026-08-25 00:00:00,824233,2026-08-25T22:40:00Z,DET,TB,Jackson Jobe,Casey Legumina,0.48453421435165,0.5121951219512196,0.4948905109489051,0.0173046110023145,0.4512967518255245,0.0332374625261255,118.0,-120.0,False,,True,,eligible_no_edge,True,True,True,True,9.0,9.0,0.0097377263191283,0.0241430507891954,betus,BetUS,fanduel,FanDuel,best_available_across_quoted_books,all_quoted_books,259b6ad0c039c2a2dd00d378d88eb549,2026-08-25T22:42:11+00:00,model_production_20260822T054104658649Z,production,raw_lgbm,99ee972e306d035facb5e523e1cd6aee6b0eefd16a8c9aee49c803f999c62936,features_20260824T131017223772Z,fb401dc56db0b73ca3235900fdffcc70a8c1b61001694bce7e97652fabffe60b,features_20260822T054058128142Z,paper
predict_20260825T224211887336Z_823989,predict_20260825T224211887336Z,2026-08-25T22:42:11+00:00,2026-08-25 00:00:00,823989,2026-08-26T01:38:00Z,LAA,CLE,Walbert Urena,Gavin Williams,0.5124829054000061,0.4805194805194805,0.5304990757855821,0.0499795952661015,0.4234915301693966,0.0889913752306094,137.0,-142.0,False,,False,lineups_not_posted,ineligible,True,False,True,True,9.0,9.0,0.0037380134854123,0.014181923642092,draftkings,DraftKings,fanduel,FanDuel,best_available_across_quoted_books,all_quoted_books,57e5de55a9616dbe31da6693615d0af8,2026-08-25T22:42:11+00:00,model_production_20260822T054104658649Z,production,raw_lgbm,99ee972e306d035facb5e523e1cd6aee6b0eefd16a8c9aee49c803f999c62936,features_20260824T131017223772Z,fb401dc56db0b73ca3235900fdffcc70a8c1b61001694bce7e97652fabffe60b,features_20260822T054058128142Z,paper
predict_20260825T224211887336Z_823826,predict_20260825T224211887336Z,2026-08-25T22:42:11+00:00,2026-08-25 00:00:00,823826,2026-08-25T22:40:00Z,MIA,BOS,Tyler Phillips,Payton Tolle,0.5026980384538972,0.4736842105263157,0.5304990757855821,0.0568148652592663,0.4268502581755593,0.0758477802783378,133.0,-129.0,True,HOME,True,,bet_candidate,True,True,True,True,9.0,9.0,0.0128104467772296,0.0355804789351268,lowvig,LowVig.ag,draftkings,DraftKings,best_available_across_quoted_books,all_quoted_books,209f31db8e00b79cd7185e2e0d10d825,2026-08-25T22:42:11+00:00,model_production_20260822T054104658649Z,production,raw_lgbm,99ee972e306d035facb5e523e1cd6aee6b0eefd16a8c9aee49c803f999c62936,features_20260824T131017223772Z,fb401dc56db0b73ca3235900fdffcc70a8c1b61001694bce7e97652fabffe60b,features_20260822T054058128142Z,paper
predict_20260825T224211887336Z_823585,predict_20260825T224211887336Z,2026-08-25T22:42:11+00:00,2026-08-25 00:00:00,823585,2026-08-25T23:10:00Z,NYM,MIL,Zac Thornton,Kyle Harrison,0.4917743891018262,0.5102040816326532,0.4948905109489051,0.015313570683748,0.4003338691727463,0.0914405199290799,148.0,-157.0,True,HOME,True,,bet_candidate,True,True,True,True,9.0,9.0,0.0038954534195341,0.0141392626219228,draftkings,DraftKings,betrivers,BetRivers,best_available_across_quoted_books,all_quoted_books,5adabe1a546de0ad6f64e2789b2b8f8d,2026-08-25T22:42:11+00:00,model_production_20260822T054104658649Z,production,raw_lgbm,99ee972e306d035facb5e523e1cd6aee6b0eefd16a8c9aee49c803f999c62936,features_20260824T131017223772Z,fb401dc56db0b73ca3235900fdffcc70a8c1b61001694bce7e97652fabffe60b,features_20260822T054058128142Z,paper
predict_20260825T224211887336Z_823505,predict_20260825T224211887336Z,2026-08-25T22:42:11+00:00,2026-08-25 00:00:00,823505,2026-08-25T23:05:00Z,NYY,HOU,Will Warren,Ethan Pecko,0.5760955127877639,0.5904159132007233,0.5798969072164947,0.0105190059842286,0.5733276913854508,0.0027678214023131,-138.0,131.0,False,,True,,eligible_no_edge,True,True,True,True,9.0,9.0,0.0037332793888106,0.0120969324426338,fanduel,FanDuel,draftkings,DraftKings,best_available_across_quoted_books,all_quoted_books,187cbd24b1e45a99e9ecaf256baeb7c1,2026-08-25T22:42:11+00:00,model_production_20260822T054104658649Z,production,raw_lgbm,99ee972e306d035facb5e523e1cd6aee6b0eefd16a8c9aee49c803f999c62936,features_20260824T131017223772Z,fb401dc56db0b73ca3235900fdffcc70a8c1b61001694bce7e97652fabffe60b,features_20260822T054058128142Z,paper
predict_20260825T224211887336Z_824962,predict_20260825T224211887336Z,2026-08-25T22:42:11+00:00,2026-08-25 00:00:00,824962,2026-08-26T01:40:00Z,OAK,MIN,Gage Jump,Taj Bradley,0.4576577347959031,0.5102040816326532,0.4942528735632184,0.0159512080694347,0.4217673078901348,0.0358904269057683,137.0,-142.0,False,,True,,eligible_no_edge,True,True,True,True,9.0,9.0,0.0030094966131411,0.0106777856673955,draftkings,DraftKings,fanduel,FanDuel,best_available_across_quoted_books,all_quoted_books,3c57e2dd92e3e26dff7fb8c2898891bd,2026-08-25T22:42:11+00:00,model_production_20260822T054104658649Z,production,raw_lgbm,99ee972e306d035facb5e523e1cd6aee6b0eefd16a8c9aee49c803f999c62936,features_20260824T131017223772Z,fb401dc56db0b73ca3235900fdffcc70a8c1b61001694bce7e97652fabffe60b,features_20260822T054058128142Z,paper
predict_20260825T224211887336Z_823259,predict_20260825T224211887336Z,2026-08-25T22:42:11+00:00,2026-08-25 00:00:00,823259,2026-08-26T01:40:00Z,SD,PIT,Michael King,Paul Skenes,0.6475510319305513,0.5634674922600619,0.6186440677966102,0.0551765755365483,0.5341317620030207,0.1134192699275306,-119.0,112.0,False,,False,lineups_not_posted,ineligible,True,False,True,True,9.0,9.0,0.0052236013884115,0.0179919871046764,draftkings,DraftKings,betonlineag,BetOnline.ag,best_available_across_quoted_books,all_quoted_books,ccb7afafeeb739ec9623deb9cba63f64,2026-08-25T22:42:11+00:00,model_production_20260822T054104658649Z,production,raw_lgbm,99ee972e306d035facb5e523e1cd6aee6b0eefd16a8c9aee49c803f999c62936,features_20260824T131017223772Z,fb401dc56db0b73ca3235900fdffcc70a8c1b61001694bce7e97652fabffe60b,features_20260822T054058128142Z,paper
predict_20260825T224211887336Z_823098,predict_20260825T224211887336Z,2026-08-25T22:42:11+00:00,2026-08-25 00:00:00,823098,2026-08-26T01:40:00Z,SEA,PHI,George Kirby,Aaron Nola,0.520685915722981,0.5142857142857142,0.5307557117750439,0.0164699974893296,0.5023229882921391,0.0183629274308418,-104.0,100.0,False,,True,,eligible_no_edge,True,True,True,True,9.0,9.0,0.0043276356857193,0.0148063781321184,draftkings,DraftKings,betrivers,BetRivers,best_available_across_quoted_books,all_quoted_books,50491a98ba9ab1b1502809e59c3cd776,2026-08-25T22:42:11+00:00,model_production_20260822T054104658649Z,production,raw_lgbm,99ee972e306d035facb5e523e1cd6aee6b0eefd16a8c9aee49c803f999c62936,features_20260824T131017223772Z,fb401dc56db0b73ca3235900fdffcc70a8c1b61001694bce7e97652fabffe60b,features_20260822T054058128142Z,paper
predict_20260825T224211887336Z_823181,predict_20260825T224211887336Z,2026-08-25T22:42:11+00:00,2026-08-25 00:00:00,823181,2026-08-26T01:45:00Z,SF,CIN,Adrian Houser,Brady Singer,0.5264950823171624,0.5365853658536586,0.5307557117750439,0.0058296540786146,0.5067750677506776,0.0197200145664847,-105.0,-102.0,False,,True,,eligible_no_edge,True,True,True,True,9.0,9.0,0.0023262521488577,0.0077399380804954,draftkings,DraftKings,fanduel,FanDuel,best_available_across_quoted_books,all_quoted_books,26d4c80fbedae27b50bb14b2ae483938,2026-08-25T22:42:11+00:00,model_production_20260822T054104658649Z,production,raw_lgbm,99ee972e306d035facb5e523e1cd6aee6b0eefd16a8c9aee49c803f999c62936,features_20260824T131017223772Z,fb401dc56db0b73ca3235900fdffcc70a8c1b61001694bce7e97652fabffe60b,features_20260822T054058128142Z,paper
predict_20260825T224211887336Z_823016,predict_20260825T224211887336Z,2026-08-25T22:42:11+00:00,2026-08-25 00:00:00,823016,2026-08-25T23:45:00Z,STL,BAL,Matthew Liberatore,Chris Bassitt,0.4976353369118442,0.5121951219512196,0.5304990757855821,0.0183039538343624,0.5443833464257659,-0.0467480095139217,-124.0,120.0,False,,True,,eligible_no_edge,True,True,True,True,9.0,9.0,0.0050656517397962,0.0171349666046811,draftkings,DraftKings,betrivers,BetRivers,best_available_across_quoted_books,all_quoted_books,928203119cbe56b5e4102e4372ff78bd,2026-08-25T22:42:11+00:00,model_production_20260822T054104658649Z,production,raw_lgbm,99ee972e306d035facb5e523e1cd6aee6b0eefd16a8c9aee49c803f999c62936,features_20260824T131017223772Z,fb401dc56db0b73ca3235900fdffcc70a8c1b61001694bce7e97652fabffe60b,features_20260822T054058128142Z,paper
predict_20260825T224211887336Z_822773,predict_20260825T224211887336Z,2026-08-25T22:42:11+00:00,2026-08-25 00:00:00,822773,2026-08-25T23:07:00Z,TOR,KC,Max Scherzer,Seth Lugo,0.5613245681916004,0.5634674922600619,0.5641025641025641,0.0006350718425022,0.5520062329567589,0.0093183352348414,-126.0,120.0,False,,True,,eligible_no_edge,True,True,True,True,9.0,9.0,0.0029184311682919,0.0077683642487536,fanduel,FanDuel,draftkings,DraftKings,best_available_across_quoted_books,all_quoted_books,587e76b251f060a951bfa47ee07cf6ac,2026-08-25T22:42:11+00:00,model_production_20260822T054104658649Z,production,raw_lgbm,99ee972e306d035facb5e523e1cd6aee6b0eefd16a8c9aee49c803f999c62936,features_20260824T131017223772Z,fb401dc56db0b73ca3235900fdffcc70a8c1b61001694bce7e97652fabffe60b,features_20260822T054058128142Z,paper
predict_20260825T224211887336Z_822693,predict_20260825T224211887336Z,2026-08-25T22:42:11+00:00,2026-08-25 00:00:00,822693,2026-08-25T22:45:00Z,WSH,COL,Andrew Alvarez,Mason Adams,0.5875396339648427,0.5142857142857142,0.5798969072164947,0.0656111929307804,0.6047890270835755,-0.0172493931187328,-157.0,150.0,False,,True,,eligible_no_edge,True,True,True,True,9.0,9.0,0.0043598983025317,0.014283327669856,draftkings,DraftKings,fanduel,FanDuel,best_available_across_quoted_books,all_quoted_books,4819f8690b221a33563af84c498578c2,2026-08-25T22:42:11+00:00,model_production_20260822T054104658649Z,production,raw_lgbm,99ee972e306d035facb5e523e1cd6aee6b0eefd16a8c9aee49c803f999c62936,features_20260824T131017223772Z,fb401dc56db0b73ca3235900fdffcc70a8c1b61001694bce7e97652fabffe60b,features_20260822T054058128142Z,paper
predict_20260825T224226830746Z_825042,predict_20260825T224226830746Z,2026-08-25T22:42:26+00:00,2026-08-25 00:00:00,825042,2026-08-26T01:40:00Z,ARI,CHC,Brandon Pfaadt,Clay Holmes,0.4689026250806261,0.4875621890547263,0.4948905109489051,0.0073283218941787,0.4907015667859966,-0.0217989417053705,100.0,-104.0,False,,True,,eligible_no_edge,True,True,True,True,9.0,9.0,0.0058300526552256,0.0173302736035244,fanduel,FanDuel,draftkings,DraftKings,best_available_across_quoted_books,all_quoted_books,f4592955744665289f90514e92145dcf,2026-08-25T22:42:26+00:00,model_production_20260822T054104658649Z,production,raw_lgbm,99ee972e306d035facb5e523e1cd6aee6b0eefd16a8c9aee49c803f999c62936,features_20260824T131017223772Z,fb401dc56db0b73ca3235900fdffcc70a8c1b61001694bce7e97652fabffe60b,features_20260822T054058128142Z,paper
predict_20260825T224226830746Z_824881,predict_20260825T224226830746Z,2026-08-25T22:42:26+00:00,2026-08-25 00:00:00,824881,2026-08-25T23:15:00Z,ATL,LAD,Bryce Elder,Tyler Glasnow,0.5314483927657456,0.5102040816326532,0.5307557117750439,0.0205516301423906,0.4126277181032224,0.1188206746625231,139.0,-148.0,True,HOME,True,,bet_candidate,True,True,True,True,9.0,9.0,0.0035105420532707,0.0094459191238012,lowvig,LowVig.ag,fanduel,FanDuel,best_available_across_quoted_books,all_quoted_books,d7bed76714eb2b887f979d5156f6863c,2026-08-25T22:42:26+00:00,model_production_20260822T054104658649Z,production,raw_lgbm,99ee972e306d035facb5e523e1cd6aee6b0eefd16a8c9aee49c803f999c62936,features_20260824T131017223772Z,fb401dc56db0b73ca3235900fdffcc70a8c1b61001694bce7e97652fabffe60b,features_20260822T054058128142Z,paper
predict_20260825T224226830746Z_824556,predict_20260825T224226830746Z,2026-08-25T22:42:26+00:00,2026-08-25 00:00:00,824556,2026-08-25T23:40:00Z,CWS,TEX,Anthony Kay,Jacob deGrom,0.4821617806165837,0.4805194805194805,0.4948905109489051,0.0143710304294246,0.4883720930232558,-0.006210312406672,103.0,-107.0,False,,True,,eligible_no_edge,True,True,True,True,9.0,9.0,0.0055774804047742,0.0195748290596985,draftkings,DraftKings,betonlineag,BetOnline.ag,best_available_across_quoted_books,all_quoted_books,6e7150d8c439882971bcb51d92f290ca,2026-08-25T22:42:26+00:00,model_production_20260822T054104658649Z,production,raw_lgbm,99ee972e306d035facb5e523e1cd6aee6b0eefd16a8c9aee49c803f999c62936,features_20260824T131017223772Z,fb401dc56db0b73ca3235900fdffcc70a8c1b61001694bce7e97652fabffe60b,features_20260822T054058128142Z,paper
predict_20260825T224226830746Z_824233,predict_20260825T224226830746Z,2026-08-25T22:42:26+00:00,2026-08-25 00:00:00,824233,2026-08-25T22:40:00Z,DET,TB,Jackson Jobe,Casey Legumina,0.48453421435165,0.5121951219512196,0.4948905109489051,0.0173046110023145,0.4512967518255245,0.0332374625261255,118.0,-114.0,False,,True,,eligible_no_edge,True,True,True,True,9.0,9.0,0.0145233736199858,0.0361691288843606,betus,BetUS,draftkings,DraftKings,best_available_across_quoted_books,all_quoted_books,259b6ad0c039c2a2dd00d378d88eb549,2026-08-25T22:42:26+00:00,model_production_20260822T054104658649Z,production,raw_lgbm,99ee972e306d035facb5e523e1cd6aee6b0eefd16a8c9aee49c803f999c62936,features_20260824T131017223772Z,fb401dc56db0b73ca3235900fdffcc70a8c1b61001694bce7e97652fabffe60b,features_20260822T054058128142Z,paper
predict_20260825T224226830746Z_823989,predict_20260825T224226830746Z,2026-08-25T22:42:26+00:00,2026-08-25 00:00:00,823989,2026-08-26T01:38:00Z,LAA,CLE,Walbert Urena,Gavin Williams,0.5124829054000061,0.4805194805194805,0.5304990757855821,0.0499795952661015,0.4234915301693966,0.0889913752306094,137.0,-142.0,False,,False,lineups_not_posted,ineligible,True,False,True,True,9.0,9.0,0.0037380134854123,0.014181923642092,draftkings,DraftKings,fanduel,FanDuel,best_available_across_quoted_books,all_quoted_books,57e5de55a9616dbe31da6693615d0af8,2026-08-25T22:42:26+00:00,model_production_20260822T054104658649Z,production,raw_lgbm,99ee972e306d035facb5e523e1cd6aee6b0eefd16a8c9aee49c803f999c62936,features_20260824T131017223772Z,fb401dc56db0b73ca3235900fdffcc70a8c1b61001694bce7e97652fabffe60b,features_20260822T054058128142Z,paper
predict_20260825T224226830746Z_823826,predict_20260825T224226830746Z,2026-08-25T22:42:26+00:00,2026-08-25 00:00:00,823826,2026-08-25T22:40:00Z,MIA,BOS,Tyler Phillips,Payton Tolle,0.5026980384538972,0.4736842105263157,0.5304990757855821,0.0568148652592663,0.4268502581755593,0.0758477802783378,133.0,-129.0,True,HOME,True,,bet_candidate,True,True,True,True,9.0,9.0,0.0130479832242453,0.0367474876815369,lowvig,LowVig.ag,draftkings,DraftKings,best_available_across_quoted_books,all_quoted_books,209f31db8e00b79cd7185e2e0d10d825,2026-08-25T22:42:26+00:00,model_production_20260822T054104658649Z,production,raw_lgbm,99ee972e306d035facb5e523e1cd6aee6b0eefd16a8c9aee49c803f999c62936,features_20260824T131017223772Z,fb401dc56db0b73ca3235900fdffcc70a8c1b61001694bce7e97652fabffe60b,features_20260822T054058128142Z,paper
predict_20260825T224226830746Z_823585,predict_20260825T224226830746Z,2026-08-25T22:42:26+00:00,2026-08-25 00:00:00,823585,2026-08-25T23:10:00Z,NYM,MIL,Zac Thornton,Kyle Harrison,0.4917743891018262,0.5102040816326532,0.4948905109489051,0.015313570683748,0.4003338691727463,0.0914405199290799,148.0,-157.0,True,HOME,True,,bet_candidate,True,True,True,True,9.0,9.0,0.0038954534195341,0.0141392626219228,draftkings,DraftKings,betrivers,BetRivers,best_available_across_quoted_books,all_quoted_books,5adabe1a546de0ad6f64e2789b2b8f8d,2026-08-25T22:42:26+00:00,model_production_20260822T054104658649Z,production,raw_lgbm,99ee972e306d035facb5e523e1cd6aee6b0eefd16a8c9aee49c803f999c62936,features_20260824T131017223772Z,fb401dc56db0b73ca3235900fdffcc70a8c1b61001694bce7e97652fabffe60b,features_20260822T054058128142Z,paper
predict_20260825T224226830746Z_823505,predict_20260825T224226830746Z,2026-08-25T22:42:26+00:00,2026-08-25 00:00:00,823505,2026-08-25T23:05:00Z,NYY,HOU,Will Warren,Ethan Pecko,0.5760955127877639,0.5904159132007233,0.5798969072164947,0.0105190059842286,0.5733276913854508,0.0027678214023131,-138.0,131.0,False,,True,,eligible_no_edge,True,True,True,True,9.0,9.0,0.0037332793888106,0.0120969324426338,fanduel,FanDuel,draftkings,DraftKings,best_available_across_quoted_books,all_quoted_books,187cbd24b1e45a99e9ecaf256baeb7c1,2026-08-25T22:42:26+00:00,model_production_20260822T054104658649Z,production,raw_lgbm,99ee972e306d035facb5e523e1cd6aee6b0eefd16a8c9aee49c803f999c62936,features_20260824T131017223772Z,fb401dc56db0b73ca3235900fdffcc70a8c1b61001694bce7e97652fabffe60b,features_20260822T054058128142Z,paper
predict_20260825T224226830746Z_824962,predict_20260825T224226830746Z,2026-08-25T22:42:26+00:00,2026-08-25 00:00:00,824962,2026-08-26T01:40:00Z,OAK,MIN,Gage Jump,Taj Bradley,0.4576577347959031,0.5102040816326532,0.4942528735632184,0.0159512080694347,0.4217673078901348,0.0358904269057683,137.0,-142.0,False,,True,,eligible_no_edge,True,True,True,True,9.0,9.0,0.0030094966131411,0.0106777856673955,draftkings,DraftKings,fanduel,FanDuel,best_available_across_quoted_books,all_quoted_books,3c57e2dd92e3e26dff7fb8c2898891bd,2026-08-25T22:42:26+00:00,model_production_20260822T054104658649Z,production,raw_lgbm,99ee972e306d035facb5e523e1cd6aee6b0eefd16a8c9aee49c803f999c62936,features_20260824T131017223772Z,fb401dc56db0b73ca3235900fdffcc70a8c1b61001694bce7e97652fabffe60b,features_20260822T054058128142Z,paper
predict_20260825T224226830746Z_823259,predict_20260825T224226830746Z,2026-08-25T22:42:26+00:00,2026-08-25 00:00:00,823259,2026-08-26T01:40:00Z,SD,PIT,Michael King,Paul Skenes,0.6475510319305513,0.5634674922600619,0.6186440677966102,0.0551765755365483,0.5341317620030207,0.1134192699275306,-119.0,112.0,False,,False,lineups_not_posted,ineligible,True,False,True,True,9.0,9.0,0.0052236013884115,0.0179919871046764,draftkings,DraftKings,betonlineag,BetOnline.ag,best_available_across_quoted_books,all_quoted_books,ccb7afafeeb739ec9623deb9cba63f64,2026-08-25T22:42:26+00:00,model_production_20260822T054104658649Z,production,raw_lgbm,99ee972e306d035facb5e523e1cd6aee6b0eefd16a8c9aee49c803f999c62936,features_20260824T131017223772Z,fb401dc56db0b73ca3235900fdffcc70a8c1b61001694bce7e97652fabffe60b,features_20260822T054058128142Z,paper
predict_20260825T224226830746Z_823098,predict_20260825T224226830746Z,2026-08-25T22:42:26+00:00,2026-08-25 00:00:00,823098,2026-08-26T01:40:00Z,SEA,PHI,George Kirby,Aaron Nola,0.520685915722981,0.5142857142857142,0.5307557117750439,0.0164699974893296,0.5023229882921391,0.0183629274308418,-104.0,100.0,False,,True,,eligible_no_edge,True,True,True,True,9.0,9.0,0.0043276356857193,0.0148063781321184,draftkings,DraftKings,betrivers,BetRivers,best_available_across_quoted_books,all_quoted_books,50491a98ba9ab1b1502809e59c3cd776,2026-08-25T22:42:26+00:00,model_production_20260822T054104658649Z,production,raw_lgbm,99ee972e306d035facb5e523e1cd6aee6b0eefd16a8c9aee49c803f999c62936,features_20260824T131017223772Z,fb401dc56db0b73ca3235900fdffcc70a8c1b61001694bce7e97652fabffe60b,features_20260822T054058128142Z,paper
predict_20260825T224226830746Z_823181,predict_20260825T224226830746Z,2026-08-25T22:42:26+00:00,2026-08-25 00:00:00,823181,2026-08-26T01:45:00Z,SF,CIN,Adrian Houser,Brady Singer,0.5264950823171624,0.5365853658536586,0.5307557117750439,0.0058296540786146,0.5067750677506776,0.0197200145664847,-105.0,-102.0,False,,True,,eligible_no_edge,True,True,True,True,9.0,9.0,0.0023262521488577,0.0077399380804954,draftkings,DraftKings,fanduel,FanDuel,best_available_across_quoted_books,all_quoted_books,26d4c80fbedae27b50bb14b2ae483938,2026-08-25T22:42:26+00:00,model_production_20260822T054104658649Z,production,raw_lgbm,99ee972e306d035facb5e523e1cd6aee6b0eefd16a8c9aee49c803f999c62936,features_20260824T131017223772Z,fb401dc56db0b73ca3235900fdffcc70a8c1b61001694bce7e97652fabffe60b,features_20260822T054058128142Z,paper
predict_20260825T224226830746Z_823016,predict_20260825T224226830746Z,2026-08-25T22:42:26+00:00,2026-08-25 00:00:00,823016,2026-08-25T23:45:00Z,STL,BAL,Matthew Liberatore,Chris Bassitt,0.4976353369118442,0.5121951219512196,0.5304990757855821,0.0183039538343624,0.5443833464257659,-0.0467480095139217,-124.0,120.0,False,,True,,eligible_no_edge,True,True,True,True,9.0,9.0,0.0050656517397962,0.0171349666046811,draftkings,DraftKings,betrivers,BetRivers,best_available_across_quoted_books,all_quoted_books,928203119cbe56b5e4102e4372ff78bd,2026-08-25T22:42:26+00:00,model_production_20260822T054104658649Z,production,raw_lgbm,99ee972e306d035facb5e523e1cd6aee6b0eefd16a8c9aee49c803f999c62936,features_20260824T131017223772Z,fb401dc56db0b73ca3235900fdffcc70a8c1b61001694bce7e97652fabffe60b,features_20260822T054058128142Z,paper
predict_20260825T224226830746Z_822773,predict_20260825T224226830746Z,2026-08-25T22:42:26+00:00,2026-08-25 00:00:00,822773,2026-08-25T23:07:00Z,TOR,KC,Max Scherzer,Seth Lugo,0.5613245681916004,0.5634674922600619,0.5641025641025641,0.0006350718425022,0.5520062329567589,0.0093183352348414,-126.0,120.0,False,,True,,eligible_no_edge,True,True,True,True,9.0,9.0,0.0029184311682919,0.0077683642487536,fanduel,FanDuel,draftkings,DraftKings,best_available_across_quoted_books,all_quoted_books,587e76b251f060a951bfa47ee07cf6ac,2026-08-25T22:42:26+00:00,model_production_20260822T054104658649Z,production,raw_lgbm,99ee972e306d035facb5e523e1cd6aee6b0eefd16a8c9aee49c803f999c62936,features_20260824T131017223772Z,fb401dc56db0b73ca3235900fdffcc70a8c1b61001694bce7e97652fabffe60b,features_20260822T054058128142Z,paper
predict_20260825T224226830746Z_822693,predict_20260825T224226830746Z,2026-08-25T22:42:26+00:00,2026-08-25 00:00:00,822693,2026-08-25T22:45:00Z,WSH,COL,Andrew Alvarez,Mason Adams,0.5875396339648427,0.5142857142857142,0.5798969072164947,0.0656111929307804,0.6041412911084043,-0.0166016571435616,-157.0,149.0,False,,True,,eligible_no_edge,True,True,True,True,9.0,9.0,0.0040370320990376,0.0138758838289426,draftkings,DraftKings,betonlineag,BetOnline.ag,best_available_across_quoted_books,all_quoted_books,4819f8690b221a33563af84c498578c2,2026-08-25T22:42:26+00:00,model_production_20260822T054104658649Z,production,raw_lgbm,99ee972e306d035facb5e523e1cd6aee6b0eefd16a8c9aee49c803f999c62936,features_20260824T131017223772Z,fb401dc56db0b73ca3235900fdffcc70a8c1b61001694bce7e97652fabffe60b,features_20260822T054058128142Z,paper
predict_20260825T224240625701Z_825042,predict_20260825T224240625701Z,2026-08-25T22:42:40+00:00,2026-08-25 00:00:00,825042,2026-08-26T01:40:00Z,ARI,CHC,Brandon Pfaadt,Clay Holmes,0.4689026250806261,0.4875621890547263,0.4948905109489051,0.0073283218941787,0.4988948810892052,-0.0299922560085791,100.0,-104.0,False,,True,,eligible_no_edge,True,True,True,True,9.0,9.0,0.0059656095432644,0.0173302736035244,fanduel,FanDuel,draftkings,DraftKings,best_available_across_quoted_books,all_quoted_books,f4592955744665289f90514e92145dcf,2026-08-25T22:42:40+00:00,model_production_20260822T054104658649Z,production,raw_lgbm,99ee972e306d035facb5e523e1cd6aee6b0eefd16a8c9aee49c803f999c62936,features_20260824T131017223772Z,fb401dc56db0b73ca3235900fdffcc70a8c1b61001694bce7e97652fabffe60b,features_20260822T054058128142Z,paper
predict_20260825T224240625701Z_824881,predict_20260825T224240625701Z,2026-08-25T22:42:40+00:00,2026-08-25 00:00:00,824881,2026-08-25T23:15:00Z,ATL,LAD,Bryce Elder,Tyler Glasnow,0.5314483927657456,0.5102040816326532,0.5307557117750439,0.0205516301423906,0.4126277181032224,0.1188206746625231,139.0,-148.0,True,HOME,True,,bet_candidate,True,True,True,True,9.0,9.0,0.0035105420532707,0.0094459191238012,lowvig,LowVig.ag,fanduel,FanDuel,best_available_across_quoted_books,all_quoted_books,d7bed76714eb2b887f979d5156f6863c,2026-08-25T22:42:40+00:00,model_production_20260822T054104658649Z,production,raw_lgbm,99ee972e306d035facb5e523e1cd6aee6b0eefd16a8c9aee49c803f999c62936,features_20260824T131017223772Z,fb401dc56db0b73ca3235900fdffcc70a8c1b61001694bce7e97652fabffe60b,features_20260822T054058128142Z,paper
predict_20260825T224240625701Z_824556,predict_20260825T224240625701Z,2026-08-25T22:42:40+00:00,2026-08-25 00:00:00,824556,2026-08-25T23:40:00Z,CWS,TEX,Anthony Kay,Jacob deGrom,0.4821617806165837,0.4805194805194805,0.4948905109489051,0.0143710304294246,0.4883720930232558,-0.006210312406672,103.0,-107.0,False,,True,,eligible_no_edge,True,True,True,True,9.0,9.0,0.0055774804047742,0.0195748290596985,draftkings,DraftKings,betonlineag,BetOnline.ag,best_available_across_quoted_books,all_quoted_books,6e7150d8c439882971bcb51d92f290ca,2026-08-25T22:42:40+00:00,model_production_20260822T054104658649Z,production,raw_lgbm,99ee972e306d035facb5e523e1cd6aee6b0eefd16a8c9aee49c803f999c62936,features_20260824T131017223772Z,fb401dc56db0b73ca3235900fdffcc70a8c1b61001694bce7e97652fabffe60b,features_20260822T054058128142Z,paper
predict_20260825T224240625701Z_824233,predict_20260825T224240625701Z,2026-08-25T22:42:40+00:00,2026-08-25 00:00:00,824233,2026-08-25T22:40:00Z,DET,TB,Jackson Jobe,Casey Legumina,0.48453421435165,0.5121951219512196,0.4948905109489051,0.0173046110023145,0.4512967518255245,0.0332374625261255,118.0,-114.0,False,,True,,eligible_no_edge,True,True,True,True,9.0,9.0,0.0145233736199858,0.0361691288843606,betus,BetUS,draftkings,DraftKings,best_available_across_quoted_books,all_quoted_books,259b6ad0c039c2a2dd00d378d88eb549,2026-08-25T22:42:40+00:00,model_production_20260822T054104658649Z,production,raw_lgbm,99ee972e306d035facb5e523e1cd6aee6b0eefd16a8c9aee49c803f999c62936,features_20260824T131017223772Z,fb401dc56db0b73ca3235900fdffcc70a8c1b61001694bce7e97652fabffe60b,features_20260822T054058128142Z,paper
predict_20260825T224240625701Z_823989,predict_20260825T224240625701Z,2026-08-25T22:42:40+00:00,2026-08-25 00:00:00,823989,2026-08-26T01:38:00Z,LAA,CLE,Walbert Urena,Gavin Williams,0.5124829054000061,0.4805194805194805,0.5304990757855821,0.0499795952661015,0.4234915301693966,0.0889913752306094,137.0,-142.0,False,,False,lineups_not_posted,ineligible,True,False,True,True,9.0,9.0,0.0037380134854123,0.014181923642092,draftkings,DraftKings,fanduel,FanDuel,best_available_across_quoted_books,all_quoted_books,57e5de55a9616dbe31da6693615d0af8,2026-08-25T22:42:40+00:00,model_production_20260822T054104658649Z,production,raw_lgbm,99ee972e306d035facb5e523e1cd6aee6b0eefd16a8c9aee49c803f999c62936,features_20260824T131017223772Z,fb401dc56db0b73ca3235900fdffcc70a8c1b61001694bce7e97652fabffe60b,features_20260822T054058128142Z,paper
predict_20260825T224240625701Z_823826,predict_20260825T224240625701Z,2026-08-25T22:42:40+00:00,2026-08-25 00:00:00,823826,2026-08-25T22:40:00Z,MIA,BOS,Tyler Phillips,Payton Tolle,0.5026980384538972,0.4736842105263157,0.5304990757855821,0.0568148652592663,0.4268502581755593,0.0758477802783378,133.0,-129.0,True,HOME,True,,bet_candidate,True,True,True,True,9.0,9.0,0.0130479832242453,0.0367474876815369,lowvig,LowVig.ag,draftkings,DraftKings,best_available_across_quoted_books,all_quoted_books,209f31db8e00b79cd7185e2e0d10d825,2026-08-25T22:42:40+00:00,model_production_20260822T054104658649Z,production,raw_lgbm,99ee972e306d035facb5e523e1cd6aee6b0eefd16a8c9aee49c803f999c62936,features_20260824T131017223772Z,fb401dc56db0b73ca3235900fdffcc70a8c1b61001694bce7e97652fabffe60b,features_20260822T054058128142Z,paper
predict_20260825T224240625701Z_823585,predict_20260825T224240625701Z,2026-08-25T22:42:40+00:00,2026-08-25 00:00:00,823585,2026-08-25T23:10:00Z,NYM,MIL,Zac Thornton,Kyle Harrison,0.4917743891018262,0.5102040816326532,0.4948905109489051,0.015313570683748,0.4003338691727463,0.0914405199290799,148.0,-157.0,True,HOME,True,,bet_candidate,True,True,True,True,9.0,9.0,0.0038954534195341,0.0141392626219228,draftkings,DraftKings,betrivers,BetRivers,best_available_across_quoted_books,all_quoted_books,5adabe1a546de0ad6f64e2789b2b8f8d,2026-08-25T22:42:40+00:00,model_production_20260822T054104658649Z,production,raw_lgbm,99ee972e306d035facb5e523e1cd6aee6b0eefd16a8c9aee49c803f999c62936,features_20260824T131017223772Z,fb401dc56db0b73ca3235900fdffcc70a8c1b61001694bce7e97652fabffe60b,features_20260822T054058128142Z,paper
predict_20260825T224240625701Z_823505,predict_20260825T224240625701Z,2026-08-25T22:42:40+00:00,2026-08-25 00:00:00,823505,2026-08-25T23:05:00Z,NYY,HOU,Will Warren,Ethan Pecko,0.5760955127877639,0.5904159132007233,0.5798969072164947,0.0105190059842286,0.5733276913854508,0.0027678214023131,-138.0,131.0,False,,True,,eligible_no_edge,True,True,True,True,9.0,9.0,0.0037332793888106,0.0120969324426338,fanduel,FanDuel,draftkings,DraftKings,best_available_across_quoted_books,all_quoted_books,187cbd24b1e45a99e9ecaf256baeb7c1,2026-08-25T22:42:40+00:00,model_production_20260822T054104658649Z,production,raw_lgbm,99ee972e306d035facb5e523e1cd6aee6b0eefd16a8c9aee49c803f999c62936,features_20260824T131017223772Z,fb401dc56db0b73ca3235900fdffcc70a8c1b61001694bce7e97652fabffe60b,features_20260822T054058128142Z,paper
predict_20260825T224240625701Z_824962,predict_20260825T224240625701Z,2026-08-25T22:42:40+00:00,2026-08-25 00:00:00,824962,2026-08-26T01:40:00Z,OAK,MIN,Gage Jump,Taj Bradley,0.4576577347959031,0.5102040816326532,0.4942528735632184,0.0159512080694347,0.4217673078901348,0.0358904269057683,137.0,-142.0,False,,True,,eligible_no_edge,True,True,True,True,9.0,9.0,0.0030094966131411,0.0106777856673955,draftkings,DraftKings,fanduel,FanDuel,best_available_across_quoted_books,all_quoted_books,3c57e2dd92e3e26dff7fb8c2898891bd,2026-08-25T22:42:40+00:00,model_production_20260822T054104658649Z,production,raw_lgbm,99ee972e306d035facb5e523e1cd6aee6b0eefd16a8c9aee49c803f999c62936,features_20260824T131017223772Z,fb401dc56db0b73ca3235900fdffcc70a8c1b61001694bce7e97652fabffe60b,features_20260822T054058128142Z,paper
predict_20260825T224240625701Z_823259,predict_20260825T224240625701Z,2026-08-25T22:42:40+00:00,2026-08-25 00:00:00,823259,2026-08-26T01:40:00Z,SD,PIT,Michael King,Paul Skenes,0.6475510319305513,0.5634674922600619,0.6186440677966102,0.0551765755365483,0.5341317620030207,0.1134192699275306,-119.0,112.0,False,,False,lineups_not_posted,ineligible,True,False,True,True,9.0,9.0,0.0052236013884115,0.0179919871046764,draftkings,DraftKings,betonlineag,BetOnline.ag,best_available_across_quoted_books,all_quoted_books,ccb7afafeeb739ec9623deb9cba63f64,2026-08-25T22:42:40+00:00,model_production_20260822T054104658649Z,production,raw_lgbm,99ee972e306d035facb5e523e1cd6aee6b0eefd16a8c9aee49c803f999c62936,features_20260824T131017223772Z,fb401dc56db0b73ca3235900fdffcc70a8c1b61001694bce7e97652fabffe60b,features_20260822T054058128142Z,paper
predict_20260825T224240625701Z_823098,predict_20260825T224240625701Z,2026-08-25T22:42:40+00:00,2026-08-25 00:00:00,823098,2026-08-26T01:40:00Z,SEA,PHI,George Kirby,Aaron Nola,0.520685915722981,0.5142857142857142,0.5307557117750439,0.0164699974893296,0.5023229882921391,0.0183629274308418,-104.0,100.0,False,,True,,eligible_no_edge,True,True,True,True,9.0,9.0,0.0043276356857193,0.0148063781321184,draftkings,DraftKings,betrivers,BetRivers,best_available_across_quoted_books,all_quoted_books,50491a98ba9ab1b1502809e59c3cd776,2026-08-25T22:42:40+00:00,model_production_20260822T054104658649Z,production,raw_lgbm,99ee972e306d035facb5e523e1cd6aee6b0eefd16a8c9aee49c803f999c62936,features_20260824T131017223772Z,fb401dc56db0b73ca3235900fdffcc70a8c1b61001694bce7e97652fabffe60b,features_20260822T054058128142Z,paper
predict_20260825T224240625701Z_823181,predict_20260825T224240625701Z,2026-08-25T22:42:40+00:00,2026-08-25 00:00:00,823181,2026-08-26T01:45:00Z,SF,CIN,Adrian Houser,Brady Singer,0.5264950823171624,0.5365853658536586,0.5307557117750439,0.0058296540786146,0.5067750677506776,0.0197200145664847,-105.0,-102.0,False,,True,,eligible_no_edge,True,True,True,True,9.0,9.0,0.0023262521488577,0.0077399380804954,draftkings,DraftKings,fanduel,FanDuel,best_available_across_quoted_books,all_quoted_books,26d4c80fbedae27b50bb14b2ae483938,2026-08-25T22:42:40+00:00,model_production_20260822T054104658649Z,production,raw_lgbm,99ee972e306d035facb5e523e1cd6aee6b0eefd16a8c9aee49c803f999c62936,features_20260824T131017223772Z,fb401dc56db0b73ca3235900fdffcc70a8c1b61001694bce7e97652fabffe60b,features_20260822T054058128142Z,paper
predict_20260825T224240625701Z_823016,predict_20260825T224240625701Z,2026-08-25T22:42:40+00:00,2026-08-25 00:00:00,823016,2026-08-25T23:45:00Z,STL,BAL,Matthew Liberatore,Chris Bassitt,0.4976353369118442,0.5121951219512196,0.5304990757855821,0.0183039538343624,0.5443833464257659,-0.0467480095139217,-124.0,120.0,False,,True,,eligible_no_edge,True,True,True,True,9.0,9.0,0.0050656517397962,0.0171349666046811,draftkings,DraftKings,betrivers,BetRivers,best_available_across_quoted_books,all_quoted_books,928203119cbe56b5e4102e4372ff78bd,2026-08-25T22:42:40+00:00,model_production_20260822T054104658649Z,production,raw_lgbm,99ee972e306d035facb5e523e1cd6aee6b0eefd16a8c9aee49c803f999c62936,features_20260824T131017223772Z,fb401dc56db0b73ca3235900fdffcc70a8c1b61001694bce7e97652fabffe60b,features_20260822T054058128142Z,paper
predict_20260825T224240625701Z_822773,predict_20260825T224240625701Z,2026-08-25T22:42:40+00:00,2026-08-25 00:00:00,822773,2026-08-25T23:07:00Z,TOR,KC,Max Scherzer,Seth Lugo,0.5613245681916004,0.5634674922600619,0.5641025641025641,0.0006350718425022,0.5520062329567589,0.0093183352348414,-126.0,120.0,False,,True,,eligible_no_edge,True,True,True,True,9.0,9.0,0.0029184311682919,0.0077683642487536,fanduel,FanDuel,draftkings,DraftKings,best_available_across_quoted_books,all_quoted_books,587e76b251f060a951bfa47ee07cf6ac,2026-08-25T22:42:40+00:00,model_production_20260822T054104658649Z,production,raw_lgbm,99ee972e306d035facb5e523e1cd6aee6b0eefd16a8c9aee49c803f999c62936,features_20260824T131017223772Z,fb401dc56db0b73ca3235900fdffcc70a8c1b61001694bce7e97652fabffe60b,features_20260822T054058128142Z,paper
predict_20260825T224240625701Z_822693,predict_20260825T224240625701Z,2026-08-25T22:42:40+00:00,2026-08-25 00:00:00,822693,2026-08-25T22:45:00Z,WSH,COL,Andrew Alvarez,Mason Adams,0.5875396339648427,0.5142857142857142,0.5798969072164947,0.0656111929307804,0.6041412911084043,-0.0166016571435616,-157.0,150.0,False,,True,,eligible_no_edge,True,True,True,True,9.0,9.0,0.0042576038271404,0.015372666528316,draftkings,DraftKings,betonlineag,BetOnline.ag,best_available_across_quoted_books,all_quoted_books,4819f8690b221a33563af84c498578c2,2026-08-25T22:42:40+00:00,model_production_20260822T054104658649Z,production,raw_lgbm,99ee972e306d035facb5e523e1cd6aee6b0eefd16a8c9aee49c803f999c62936,features_20260824T131017223772Z,fb401dc56db0b73ca3235900fdffcc70a8c1b61001694bce7e97652fabffe60b,features_20260822T054058128142Z,paper
predict_20260825T224254194378Z_825042,predict_20260825T224254194378Z,2026-08-25T22:42:54+00:00,2026-08-25 00:00:00,825042,2026-08-26T01:40:00Z,ARI,CHC,Brandon Pfaadt,Clay Holmes,0.4689026250806261,0.4875621890547263,0.4948905109489051,0.0073283218941787,0.5,-0.0310973749193739,100.0,-104.0,False,,True,,eligible_no_edge,True,True,True,True,9.0,9.0,0.0058183098002319,0.0173302736035244,fanduel,FanDuel,draftkings,DraftKings,best_available_across_quoted_books,all_quoted_books,f4592955744665289f90514e92145dcf,2026-08-25T22:42:54+00:00,model_production_20260822T054104658649Z,production,raw_lgbm,99ee972e306d035facb5e523e1cd6aee6b0eefd16a8c9aee49c803f999c62936,features_20260824T131017223772Z,fb401dc56db0b73ca3235900fdffcc70a8c1b61001694bce7e97652fabffe60b,features_20260822T054058128142Z,paper
predict_20260825T224254194378Z_824881,predict_20260825T224254194378Z,2026-08-25T22:42:54+00:00,2026-08-25 00:00:00,824881,2026-08-25T23:15:00Z,ATL,LAD,Bryce Elder,Tyler Glasnow,0.5314483927657456,0.5102040816326532,0.5307557117750439,0.0205516301423906,0.4126277181032224,0.1188206746625231,139.0,-148.0,True,HOME,True,,bet_candidate,True,True,True,True,9.0,9.0,0.0035105420532707,0.0094459191238012,lowvig,LowVig.ag,fanduel,FanDuel,best_available_across_quoted_books,all_quoted_books,d7bed76714eb2b887f979d5156f6863c,2026-08-25T22:42:54+00:00,model_production_20260822T054104658649Z,production,raw_lgbm,99ee972e306d035facb5e523e1cd6aee6b0eefd16a8c9aee49c803f999c62936,features_20260824T131017223772Z,fb401dc56db0b73ca3235900fdffcc70a8c1b61001694bce7e97652fabffe60b,features_20260822T054058128142Z,paper
predict_20260825T224254194378Z_824556,predict_20260825T224254194378Z,2026-08-25T22:42:54+00:00,2026-08-25 00:00:00,824556,2026-08-25T23:40:00Z,CWS,TEX,Anthony Kay,Jacob deGrom,0.4821617806165837,0.4805194805194805,0.4948905109489051,0.0143710304294246,0.4883720930232558,-0.006210312406672,103.0,-107.0,False,,True,,eligible_no_edge,True,True,True,True,9.0,9.0,0.0055774804047742,0.0195748290596985,draftkings,DraftKings,betonlineag,BetOnline.ag,best_available_across_quoted_books,all_quoted_books,6e7150d8c439882971bcb51d92f290ca,2026-08-25T22:42:54+00:00,model_production_20260822T054104658649Z,production,raw_lgbm,99ee972e306d035facb5e523e1cd6aee6b0eefd16a8c9aee49c803f999c62936,features_20260824T131017223772Z,fb401dc56db0b73ca3235900fdffcc70a8c1b61001694bce7e97652fabffe60b,features_20260822T054058128142Z,paper
predict_20260825T224254194378Z_824233,predict_20260825T224254194378Z,2026-08-25T22:42:54+00:00,2026-08-25 00:00:00,824233,2026-08-25T22:40:00Z,DET,TB,Jackson Jobe,Casey Legumina,0.48453421435165,0.5121951219512196,0.4948905109489051,0.0173046110023145,0.4512967518255245,0.0332374625261255,118.0,-114.0,False,,True,,eligible_no_edge,True,True,True,True,9.0,9.0,0.0145233736199858,0.0361691288843606,betus,BetUS,draftkings,DraftKings,best_available_across_quoted_books,all_quoted_books,259b6ad0c039c2a2dd00d378d88eb549,2026-08-25T22:42:54+00:00,model_production_20260822T054104658649Z,production,raw_lgbm,99ee972e306d035facb5e523e1cd6aee6b0eefd16a8c9aee49c803f999c62936,features_20260824T131017223772Z,fb401dc56db0b73ca3235900fdffcc70a8c1b61001694bce7e97652fabffe60b,features_20260822T054058128142Z,paper
predict_20260825T224254194378Z_823989,predict_20260825T224254194378Z,2026-08-25T22:42:54+00:00,2026-08-25 00:00:00,823989,2026-08-26T01:38:00Z,LAA,CLE,Walbert Urena,Gavin Williams,0.5124829054000061,0.4805194805194805,0.5304990757855821,0.0499795952661015,0.4234915301693966,0.0889913752306094,137.0,-142.0,False,,False,lineups_not_posted,ineligible,True,False,True,True,9.0,9.0,0.0037380134854123,0.014181923642092,draftkings,DraftKings,fanduel,FanDuel,best_available_across_quoted_books,all_quoted_books,57e5de55a9616dbe31da6693615d0af8,2026-08-25T22:42:54+00:00,model_production_20260822T054104658649Z,production,raw_lgbm,99ee972e306d035facb5e523e1cd6aee6b0eefd16a8c9aee49c803f999c62936,features_20260824T131017223772Z,fb401dc56db0b73ca3235900fdffcc70a8c1b61001694bce7e97652fabffe60b,features_20260822T054058128142Z,paper
predict_20260825T224254194378Z_823826,predict_20260825T224254194378Z,2026-08-25T22:42:54+00:00,2026-08-25 00:00:00,823826,2026-08-25T22:40:00Z,MIA,BOS,Tyler Phillips,Payton Tolle,0.5026980384538972,0.4736842105263157,0.5304990757855821,0.0568148652592663,0.4268502581755593,0.0758477802783378,133.0,-129.0,True,HOME,True,,bet_candidate,True,True,True,True,9.0,9.0,0.0130479832242453,0.0367474876815369,lowvig,LowVig.ag,draftkings,DraftKings,best_available_across_quoted_books,all_quoted_books,209f31db8e00b79cd7185e2e0d10d825,2026-08-25T22:42:54+00:00,model_production_20260822T054104658649Z,production,raw_lgbm,99ee972e306d035facb5e523e1cd6aee6b0eefd16a8c9aee49c803f999c62936,features_20260824T131017223772Z,fb401dc56db0b73ca3235900fdffcc70a8c1b61001694bce7e97652fabffe60b,features_20260822T054058128142Z,paper
predict_20260825T224254194378Z_823585,predict_20260825T224254194378Z,2026-08-25T22:42:54+00:00,2026-08-25 00:00:00,823585,2026-08-25T23:10:00Z,NYM,MIL,Zac Thornton,Kyle Harrison,0.4917743891018262,0.5102040816326532,0.4948905109489051,0.015313570683748,0.4003338691727463,0.0914405199290799,148.0,-157.0,True,HOME,True,,bet_candidate,True,True,True,True,9.0,9.0,0.0038954534195341,0.0141392626219228,draftkings,DraftKings,betrivers,BetRivers,best_available_across_quoted_books,all_quoted_books,5adabe1a546de0ad6f64e2789b2b8f8d,2026-08-25T22:42:54+00:00,model_production_20260822T054104658649Z,production,raw_lgbm,99ee972e306d035facb5e523e1cd6aee6b0eefd16a8c9aee49c803f999c62936,features_20260824T131017223772Z,fb401dc56db0b73ca3235900fdffcc70a8c1b61001694bce7e97652fabffe60b,features_20260822T054058128142Z,paper
predict_20260825T224254194378Z_823505,predict_20260825T224254194378Z,2026-08-25T22:42:54+00:00,2026-08-25 00:00:00,823505,2026-08-25T23:05:00Z,NYY,HOU,Will Warren,Ethan Pecko,0.5760955127877639,0.5904159132007233,0.5798969072164947,0.0105190059842286,0.5733276913854508,0.0027678214023131,-138.0,131.0,False,,True,,eligible_no_edge,True,True,True,True,9.0,9.0,0.0037332793888106,0.0120969324426338,fanduel,FanDuel,draftkings,DraftKings,best_available_across_quoted_books,all_quoted_books,187cbd24b1e45a99e9ecaf256baeb7c1,2026-08-25T22:42:54+00:00,model_production_20260822T054104658649Z,production,raw_lgbm,99ee972e306d035facb5e523e1cd6aee6b0eefd16a8c9aee49c803f999c62936,features_20260824T131017223772Z,fb401dc56db0b73ca3235900fdffcc70a8c1b61001694bce7e97652fabffe60b,features_20260822T054058128142Z,paper
predict_20260825T224254194378Z_824962,predict_20260825T224254194378Z,2026-08-25T22:42:54+00:00,2026-08-25 00:00:00,824962,2026-08-26T01:40:00Z,OAK,MIN,Gage Jump,Taj Bradley,0.4576577347959031,0.5102040816326532,0.4942528735632184,0.0159512080694347,0.4217673078901348,0.0358904269057683,137.0,-142.0,False,,True,,eligible_no_edge,True,True,True,True,9.0,9.0,0.0030094966131411,0.0106777856673955,draftkings,DraftKings,fanduel,FanDuel,best_available_across_quoted_books,all_quoted_books,3c57e2dd92e3e26dff7fb8c2898891bd,2026-08-25T22:42:54+00:00,model_production_20260822T054104658649Z,production,raw_lgbm,99ee972e306d035facb5e523e1cd6aee6b0eefd16a8c9aee49c803f999c62936,features_20260824T131017223772Z,fb401dc56db0b73ca3235900fdffcc70a8c1b61001694bce7e97652fabffe60b,features_20260822T054058128142Z,paper
predict_20260825T224254194378Z_823259,predict_20260825T224254194378Z,2026-08-25T22:42:54+00:00,2026-08-25 00:00:00,823259,2026-08-26T01:40:00Z,SD,PIT,Michael King,Paul Skenes,0.6475510319305513,0.5634674922600619,0.6186440677966102,0.0551765755365483,0.5341317620030207,0.1134192699275306,-119.0,112.0,False,,False,lineups_not_posted,ineligible,True,False,True,True,9.0,9.0,0.0052236013884115,0.0179919871046764,draftkings,DraftKings,betonlineag,BetOnline.ag,best_available_across_quoted_books,all_quoted_books,ccb7afafeeb739ec9623deb9cba63f64,2026-08-25T22:42:54+00:00,model_production_20260822T054104658649Z,production,raw_lgbm,99ee972e306d035facb5e523e1cd6aee6b0eefd16a8c9aee49c803f999c62936,features_20260824T131017223772Z,fb401dc56db0b73ca3235900fdffcc70a8c1b61001694bce7e97652fabffe60b,features_20260822T054058128142Z,paper
predict_20260825T224254194378Z_823098,predict_20260825T224254194378Z,2026-08-25T22:42:54+00:00,2026-08-25 00:00:00,823098,2026-08-26T01:40:00Z,SEA,PHI,George Kirby,Aaron Nola,0.520685915722981,0.5142857142857142,0.5307557117750439,0.0164699974893296,0.5023229882921391,0.0183629274308418,-104.0,100.0,False,,True,,eligible_no_edge,True,True,True,True,9.0,9.0,0.0043276356857193,0.0148063781321184,draftkings,DraftKings,betrivers,BetRivers,best_available_across_quoted_books,all_quoted_books,50491a98ba9ab1b1502809e59c3cd776,2026-08-25T22:42:54+00:00,model_production_20260822T054104658649Z,production,raw_lgbm,99ee972e306d035facb5e523e1cd6aee6b0eefd16a8c9aee49c803f999c62936,features_20260824T131017223772Z,fb401dc56db0b73ca3235900fdffcc70a8c1b61001694bce7e97652fabffe60b,features_20260822T054058128142Z,paper
predict_20260825T224254194378Z_823181,predict_20260825T224254194378Z,2026-08-25T22:42:54+00:00,2026-08-25 00:00:00,823181,2026-08-26T01:45:00Z,SF,CIN,Adrian Houser,Brady Singer,0.5264950823171624,0.5365853658536586,0.5307557117750439,0.0058296540786146,0.5067750677506776,0.0197200145664847,-105.0,-102.0,False,,True,,eligible_no_edge,True,True,True,True,9.0,9.0,0.0023262521488577,0.0077399380804954,draftkings,DraftKings,fanduel,FanDuel,best_available_across_quoted_books,all_quoted_books,26d4c80fbedae27b50bb14b2ae483938,2026-08-25T22:42:54+00:00,model_production_20260822T054104658649Z,production,raw_lgbm,99ee972e306d035facb5e523e1cd6aee6b0eefd16a8c9aee49c803f999c62936,features_20260824T131017223772Z,fb401dc56db0b73ca3235900fdffcc70a8c1b61001694bce7e97652fabffe60b,features_20260822T054058128142Z,paper
predict_20260825T224254194378Z_823016,predict_20260825T224254194378Z,2026-08-25T22:42:54+00:00,2026-08-25 00:00:00,823016,2026-08-25T23:45:00Z,STL,BAL,Matthew Liberatore,Chris Bassitt,0.4976353369118442,0.5121951219512196,0.5304990757855821,0.0183039538343624,0.5443833464257659,-0.0467480095139217,-124.0,120.0,False,,True,,eligible_no_edge,True,True,True,True,9.0,9.0,0.0050656517397962,0.0171349666046811,draftkings,DraftKings,betrivers,BetRivers,best_available_across_quoted_books,all_quoted_books,928203119cbe56b5e4102e4372ff78bd,2026-08-25T22:42:54+00:00,model_production_20260822T054104658649Z,production,raw_lgbm,99ee972e306d035facb5e523e1cd6aee6b0eefd16a8c9aee49c803f999c62936,features_20260824T131017223772Z,fb401dc56db0b73ca3235900fdffcc70a8c1b61001694bce7e97652fabffe60b,features_20260822T054058128142Z,paper
predict_20260825T224254194378Z_822773,predict_20260825T224254194378Z,2026-08-25T22:42:54+00:00,2026-08-25 00:00:00,822773,2026-08-25T23:07:00Z,TOR,KC,Max Scherzer,Seth Lugo,0.5613245681916004,0.5634674922600619,0.5641025641025641,0.0006350718425022,0.5520062329567589,0.0093183352348414,-126.0,120.0,False,,True,,eligible_no_edge,True,True,True,True,9.0,9.0,0.0029184311682919,0.0077683642487536,fanduel,FanDuel,draftkings,DraftKings,best_available_across_quoted_books,all_quoted_books,587e76b251f060a951bfa47ee07cf6ac,2026-08-25T22:42:54+00:00,model_production_20260822T054104658649Z,production,raw_lgbm,99ee972e306d035facb5e523e1cd6aee6b0eefd16a8c9aee49c803f999c62936,features_20260824T131017223772Z,fb401dc56db0b73ca3235900fdffcc70a8c1b61001694bce7e97652fabffe60b,features_20260822T054058128142Z,paper
predict_20260825T224254194378Z_822693,predict_20260825T224254194378Z,2026-08-25T22:42:54+00:00,2026-08-25 00:00:00,822693,2026-08-25T22:45:00Z,WSH,COL,Andrew Alvarez,Mason Adams,0.5875396339648427,0.5142857142857142,0.5798969072164947,0.0656111929307804,0.6041412911084043,-0.0166016571435616,-157.0,150.0,False,,True,,eligible_no_edge,True,True,True,True,9.0,9.0,0.0044611024463163,0.015372666528316,draftkings,DraftKings,betonlineag,BetOnline.ag,best_available_across_quoted_books,all_quoted_books,4819f8690b221a33563af84c498578c2,2026-08-25T22:42:54+00:00,model_production_20260822T054104658649Z,production,raw_lgbm,99ee972e306d035facb5e523e1cd6aee6b0eefd16a8c9aee49c803f999c62936,features_20260824T131017223772Z,fb401dc56db0b73ca3235900fdffcc70a8c1b61001694bce7e97652fabffe60b,features_20260822T054058128142Z,paper
predict_20260825T224307913337Z_825042,predict_20260825T224307913337Z,2026-08-25T22:43:07+00:00,2026-08-25 00:00:00,825042,2026-08-26T01:40:00Z,ARI,CHC,Brandon Pfaadt,Clay Holmes,0.4689026250806261,0.4875621890547263,0.4948905109489051,0.0073283218941787,0.5,-0.0310973749193739,100.0,-104.0,False,,True,,eligible_no_edge,True,True,True,True,9.0,9.0,0.0050626241864411,0.0159299996813264,fanduel,FanDuel,draftkings,DraftKings,best_available_across_quoted_books,all_quoted_books,f4592955744665289f90514e92145dcf,2026-08-25T22:43:07+00:00,model_production_20260822T054104658649Z,production,raw_lgbm,99ee972e306d035facb5e523e1cd6aee6b0eefd16a8c9aee49c803f999c62936,features_20260824T131017223772Z,fb401dc56db0b73ca3235900fdffcc70a8c1b61001694bce7e97652fabffe60b,features_20260822T054058128142Z,paper
predict_20260825T224307913337Z_824881,predict_20260825T224307913337Z,2026-08-25T22:43:07+00:00,2026-08-25 00:00:00,824881,2026-08-25T23:15:00Z,ATL,LAD,Bryce Elder,Tyler Glasnow,0.5314483927657456,0.5102040816326532,0.5307557117750439,0.0205516301423906,0.4126277181032224,0.1188206746625231,139.0,-148.0,True,HOME,True,,bet_candidate,True,True,True,True,9.0,9.0,0.0035105420532707,0.0094459191238012,lowvig,LowVig.ag,fanduel,FanDuel,best_available_across_quoted_books,all_quoted_books,d7bed76714eb2b887f979d5156f6863c,2026-08-25T22:43:07+00:00,model_production_20260822T054104658649Z,production,raw_lgbm,99ee972e306d035facb5e523e1cd6aee6b0eefd16a8c9aee49c803f999c62936,features_20260824T131017223772Z,fb401dc56db0b73ca3235900fdffcc70a8c1b61001694bce7e97652fabffe60b,features_20260822T054058128142Z,paper
predict_20260825T224307913337Z_824556,predict_20260825T224307913337Z,2026-08-25T22:43:07+00:00,2026-08-25 00:00:00,824556,2026-08-25T23:40:00Z,CWS,TEX,Anthony Kay,Jacob deGrom,0.4821617806165837,0.4805194805194805,0.4948905109489051,0.0143710304294246,0.4883720930232558,-0.006210312406672,103.0,-107.0,False,,True,,eligible_no_edge,True,True,True,True,9.0,9.0,0.0055774804047742,0.0195748290596985,draftkings,DraftKings,betonlineag,BetOnline.ag,best_available_across_quoted_books,all_quoted_books,6e7150d8c439882971bcb51d92f290ca,2026-08-25T22:43:07+00:00,model_production_20260822T054104658649Z,production,raw_lgbm,99ee972e306d035facb5e523e1cd6aee6b0eefd16a8c9aee49c803f999c62936,features_20260824T131017223772Z,fb401dc56db0b73ca3235900fdffcc70a8c1b61001694bce7e97652fabffe60b,features_20260822T054058128142Z,paper
predict_20260825T224307913337Z_824233,predict_20260825T224307913337Z,2026-08-25T22:43:07+00:00,2026-08-25 00:00:00,824233,2026-08-25T22:40:00Z,DET,TB,Jackson Jobe,Casey Legumina,0.48453421435165,0.5121951219512196,0.4948905109489051,0.0173046110023145,0.4922203205227944,-0.0076861061711444,118.0,-108.0,False,,True,,eligible_no_edge,True,True,True,True,9.0,9.0,0.022928862241914,0.0520062329567588,betus,BetUS,draftkings,DraftKings,best_available_across_quoted_books,all_quoted_books,259b6ad0c039c2a2dd00d378d88eb549,2026-08-25T22:43:07+00:00,model_production_20260822T054104658649Z,production,raw_lgbm,99ee972e306d035facb5e523e1cd6aee6b0eefd16a8c9aee49c803f999c62936,features_20260824T131017223772Z,fb401dc56db0b73ca3235900fdffcc70a8c1b61001694bce7e97652fabffe60b,features_20260822T054058128142Z,paper
predict_20260825T224307913337Z_823989,predict_20260825T224307913337Z,2026-08-25T22:43:07+00:00,2026-08-25 00:00:00,823989,2026-08-26T01:38:00Z,LAA,CLE,Walbert Urena,Gavin Williams,0.5124829054000061,0.4805194805194805,0.5304990757855821,0.0499795952661015,0.4234915301693966,0.0889913752306094,137.0,-142.0,False,,False,lineups_not_posted,ineligible,True,False,True,True,9.0,9.0,0.0037380134854123,0.014181923642092,draftkings,DraftKings,fanduel,FanDuel,best_available_across_quoted_books,all_quoted_books,57e5de55a9616dbe31da6693615d0af8,2026-08-25T22:43:07+00:00,model_production_20260822T054104658649Z,production,raw_lgbm,99ee972e306d035facb5e523e1cd6aee6b0eefd16a8c9aee49c803f999c62936,features_20260824T131017223772Z,fb401dc56db0b73ca3235900fdffcc70a8c1b61001694bce7e97652fabffe60b,features_20260822T054058128142Z,paper
predict_20260825T224307913337Z_823826,predict_20260825T224307913337Z,2026-08-25T22:43:07+00:00,2026-08-25 00:00:00,823826,2026-08-25T22:40:00Z,MIA,BOS,Tyler Phillips,Payton Tolle,0.5026980384538972,0.4736842105263157,0.5304990757855821,0.0568148652592663,0.4414569897356707,0.0612410487182263,133.0,-120.0,True,HOME,True,,bet_candidate,True,True,True,True,9.0,9.0,0.020820398932889,0.0543298146238958,lowvig,LowVig.ag,draftkings,DraftKings,best_available_across_quoted_books,all_quoted_books,209f31db8e00b79cd7185e2e0d10d825,2026-08-25T22:43:07+00:00,model_production_20260822T054104658649Z,production,raw_lgbm,99ee972e306d035facb5e523e1cd6aee6b0eefd16a8c9aee49c803f999c62936,features_20260824T131017223772Z,fb401dc56db0b73ca3235900fdffcc70a8c1b61001694bce7e97652fabffe60b,features_20260822T054058128142Z,paper
predict_20260825T224307913337Z_823585,predict_20260825T224307913337Z,2026-08-25T22:43:07+00:00,2026-08-25 00:00:00,823585,2026-08-25T23:10:00Z,NYM,MIL,Zac Thornton,Kyle Harrison,0.4917743891018262,0.5102040816326532,0.4948905109489051,0.015313570683748,0.4003338691727463,0.0914405199290799,148.0,-157.0,True,HOME,True,,bet_candidate,True,True,True,True,9.0,9.0,0.0038954534195341,0.0141392626219228,draftkings,DraftKings,betrivers,BetRivers,best_available_across_quoted_books,all_quoted_books,5adabe1a546de0ad6f64e2789b2b8f8d,2026-08-25T22:43:07+00:00,model_production_20260822T054104658649Z,production,raw_lgbm,99ee972e306d035facb5e523e1cd6aee6b0eefd16a8c9aee49c803f999c62936,features_20260824T131017223772Z,fb401dc56db0b73ca3235900fdffcc70a8c1b61001694bce7e97652fabffe60b,features_20260822T054058128142Z,paper
predict_20260825T224307913337Z_823505,predict_20260825T224307913337Z,2026-08-25T22:43:07+00:00,2026-08-25 00:00:00,823505,2026-08-25T23:05:00Z,NYY,HOU,Will Warren,Ethan Pecko,0.5760955127877639,0.5904159132007233,0.5798969072164947,0.0105190059842286,0.5733276913854508,0.0027678214023131,-138.0,131.0,False,,True,,eligible_no_edge,True,True,True,True,9.0,9.0,0.0037332793888106,0.0120969324426338,fanduel,FanDuel,draftkings,DraftKings,best_available_across_quoted_books,all_quoted_books,187cbd24b1e45a99e9ecaf256baeb7c1,2026-08-25T22:43:07+00:00,model_production_20260822T054104658649Z,production,raw_lgbm,99ee972e306d035facb5e523e1cd6aee6b0eefd16a8c9aee49c803f999c62936,features_20260824T131017223772Z,fb401dc56db0b73ca3235900fdffcc70a8c1b61001694bce7e97652fabffe60b,features_20260822T054058128142Z,paper
predict_20260825T224307913337Z_824962,predict_20260825T224307913337Z,2026-08-25T22:43:07+00:00,2026-08-25 00:00:00,824962,2026-08-26T01:40:00Z,OAK,MIN,Gage Jump,Taj Bradley,0.4576577347959031,0.5102040816326532,0.4942528735632184,0.0159512080694347,0.4217673078901348,0.0358904269057683,137.0,-142.0,False,,True,,eligible_no_edge,True,True,True,True,9.0,9.0,0.0030094966131411,0.0106777856673955,draftkings,DraftKings,fanduel,FanDuel,best_available_across_quoted_books,all_quoted_books,3c57e2dd92e3e26dff7fb8c2898891bd,2026-08-25T22:43:07+00:00,model_production_20260822T054104658649Z,production,raw_lgbm,99ee972e306d035facb5e523e1cd6aee6b0eefd16a8c9aee49c803f999c62936,features_20260824T131017223772Z,fb401dc56db0b73ca3235900fdffcc70a8c1b61001694bce7e97652fabffe60b,features_20260822T054058128142Z,paper
predict_20260825T224307913337Z_823259,predict_20260825T224307913337Z,2026-08-25T22:43:07+00:00,2026-08-25 00:00:00,823259,2026-08-26T01:40:00Z,SD,PIT,Michael King,Paul Skenes,0.6475510319305513,0.5634674922600619,0.6186440677966102,0.0551765755365483,0.5341317620030207,0.1134192699275306,-119.0,112.0,False,,False,lineups_not_posted,ineligible,True,False,True,True,9.0,9.0,0.0052236013884115,0.0179919871046764,draftkings,DraftKings,betonlineag,BetOnline.ag,best_available_across_quoted_books,all_quoted_books,ccb7afafeeb739ec9623deb9cba63f64,2026-08-25T22:43:07+00:00,model_production_20260822T054104658649Z,production,raw_lgbm,99ee972e306d035facb5e523e1cd6aee6b0eefd16a8c9aee49c803f999c62936,features_20260824T131017223772Z,fb401dc56db0b73ca3235900fdffcc70a8c1b61001694bce7e97652fabffe60b,features_20260822T054058128142Z,paper
predict_20260825T224307913337Z_823098,predict_20260825T224307913337Z,2026-08-25T22:43:07+00:00,2026-08-25 00:00:00,823098,2026-08-26T01:40:00Z,SEA,PHI,George Kirby,Aaron Nola,0.520685915722981,0.5142857142857142,0.5307557117750439,0.0164699974893296,0.5023229882921391,0.0183629274308418,-104.0,100.0,False,,True,,eligible_no_edge,True,True,True,True,9.0,9.0,0.0043276356857193,0.0148063781321184,draftkings,DraftKings,betrivers,BetRivers,best_available_across_quoted_books,all_quoted_books,50491a98ba9ab1b1502809e59c3cd776,2026-08-25T22:43:07+00:00,model_production_20260822T054104658649Z,production,raw_lgbm,99ee972e306d035facb5e523e1cd6aee6b0eefd16a8c9aee49c803f999c62936,features_20260824T131017223772Z,fb401dc56db0b73ca3235900fdffcc70a8c1b61001694bce7e97652fabffe60b,features_20260822T054058128142Z,paper
predict_20260825T224307913337Z_823181,predict_20260825T224307913337Z,2026-08-25T22:43:07+00:00,2026-08-25 00:00:00,823181,2026-08-26T01:45:00Z,SF,CIN,Adrian Houser,Brady Singer,0.5264950823171624,0.5365853658536586,0.5307557117750439,0.0058296540786146,0.5067750677506776,0.0197200145664847,-105.0,-102.0,False,,True,,eligible_no_edge,True,True,True,True,9.0,9.0,0.0023262521488577,0.0077399380804954,draftkings,DraftKings,fanduel,FanDuel,best_available_across_quoted_books,all_quoted_books,26d4c80fbedae27b50bb14b2ae483938,2026-08-25T22:43:07+00:00,model_production_20260822T054104658649Z,production,raw_lgbm,99ee972e306d035facb5e523e1cd6aee6b0eefd16a8c9aee49c803f999c62936,features_20260824T131017223772Z,fb401dc56db0b73ca3235900fdffcc70a8c1b61001694bce7e97652fabffe60b,features_20260822T054058128142Z,paper
predict_20260825T224307913337Z_823016,predict_20260825T224307913337Z,2026-08-25T22:43:07+00:00,2026-08-25 00:00:00,823016,2026-08-25T23:45:00Z,STL,BAL,Matthew Liberatore,Chris Bassitt,0.4976353369118442,0.5121951219512196,0.5304990757855821,0.0183039538343624,0.5443833464257659,-0.0467480095139217,-124.0,120.0,False,,True,,eligible_no_edge,True,True,True,True,9.0,9.0,0.0050656517397962,0.0171349666046811,draftkings,DraftKings,betrivers,BetRivers,best_available_across_quoted_books,all_quoted_books,928203119cbe56b5e4102e4372ff78bd,2026-08-25T22:43:07+00:00,model_production_20260822T054104658649Z,production,raw_lgbm,99ee972e306d035facb5e523e1cd6aee6b0eefd16a8c9aee49c803f999c62936,features_20260824T131017223772Z,fb401dc56db0b73ca3235900fdffcc70a8c1b61001694bce7e97652fabffe60b,features_20260822T054058128142Z,paper
predict_20260825T224307913337Z_822773,predict_20260825T224307913337Z,2026-08-25T22:43:07+00:00,2026-08-25 00:00:00,822773,2026-08-25T23:07:00Z,TOR,KC,Max Scherzer,Seth Lugo,0.5613245681916004,0.5634674922600619,0.5641025641025641,0.0006350718425022,0.5520062329567589,0.0093183352348414,-126.0,120.0,False,,True,,eligible_no_edge,True,True,True,True,9.0,9.0,0.0029184311682919,0.0077683642487536,fanduel,FanDuel,draftkings,DraftKings,best_available_across_quoted_books,all_quoted_books,587e76b251f060a951bfa47ee07cf6ac,2026-08-25T22:43:07+00:00,model_production_20260822T054104658649Z,production,raw_lgbm,99ee972e306d035facb5e523e1cd6aee6b0eefd16a8c9aee49c803f999c62936,features_20260824T131017223772Z,fb401dc56db0b73ca3235900fdffcc70a8c1b61001694bce7e97652fabffe60b,features_20260822T054058128142Z,paper
predict_20260825T224307913337Z_822693,predict_20260825T224307913337Z,2026-08-25T22:43:07+00:00,2026-08-25 00:00:00,822693,2026-08-25T22:45:00Z,WSH,COL,Andrew Alvarez,Mason Adams,0.5875396339648427,0.5142857142857142,0.5798969072164947,0.0656111929307804,0.6041412911084043,-0.0166016571435616,-157.0,150.0,False,,True,,eligible_no_edge,True,True,True,True,9.0,9.0,0.0044611024463163,0.015372666528316,draftkings,DraftKings,betonlineag,BetOnline.ag,best_available_across_quoted_books,all_quoted_books,4819f8690b221a33563af84c498578c2,2026-08-25T22:43:07+00:00,model_production_20260822T054104658649Z,production,raw_lgbm,99ee972e306d035facb5e523e1cd6aee6b0eefd16a8c9aee49c803f999c62936,features_20260824T131017223772Z,fb401dc56db0b73ca3235900fdffcc70a8c1b61001694bce7e97652fabffe60b,features_20260822T054058128142Z,paper
predict_20260825T225129403605Z_825042,predict_20260825T225129403605Z,2026-08-25T22:51:29+00:00,2026-08-25 00:00:00,825042,2026-08-26T01:40:00Z,ARI,CHC,Brandon Pfaadt,Clay Holmes,0.4689026250806261,0.4875621890547263,0.4948905109489051,0.0073283218941787,0.5,-0.0310973749193739,100.0,-104.0,False,,True,,eligible_no_edge,True,True,True,True,9.0,9.0,0.0046942819491231,0.0124190127020825,fanduel,FanDuel,draftkings,DraftKings,best_available_across_quoted_books,all_quoted_books,f4592955744665289f90514e92145dcf,2026-08-25T22:51:29+00:00,model_production_20260822T054104658649Z,production,raw_lgbm,07d412ad277bbe8f898063071ca01d8415aa609d609e492a4ea040c4318fc5c4,features_20260825T225128472439Z,fb401dc56db0b73ca3235900fdffcc70a8c1b61001694bce7e97652fabffe60b,features_20260822T054058128142Z,paper
predict_20260825T225129403605Z_824881,predict_20260825T225129403605Z,2026-08-25T22:51:29+00:00,2026-08-25 00:00:00,824881,2026-08-25T23:15:00Z,ATL,LAD,Bryce Elder,Tyler Glasnow,0.5314483927657456,0.5102040816326532,0.5307557117750439,0.0205516301423906,0.4098360655737704,0.1216123271919751,142.0,-148.0,True,HOME,True,,bet_candidate,True,True,True,True,9.0,9.0,0.0033375695072994,0.0121300912442581,draftkings,DraftKings,fanduel,FanDuel,best_available_across_quoted_books,all_quoted_books,d7bed76714eb2b887f979d5156f6863c,2026-08-25T22:51:29+00:00,model_production_20260822T054104658649Z,production,raw_lgbm,07d412ad277bbe8f898063071ca01d8415aa609d609e492a4ea040c4318fc5c4,features_20260825T225128472439Z,fb401dc56db0b73ca3235900fdffcc70a8c1b61001694bce7e97652fabffe60b,features_20260822T054058128142Z,paper
predict_20260825T225129403605Z_824556,predict_20260825T225129403605Z,2026-08-25T22:51:29+00:00,2026-08-25 00:00:00,824556,2026-08-25T23:40:00Z,CWS,TEX,Anthony Kay,Jacob deGrom,0.4821617806165837,0.4805194805194805,0.4948905109489051,0.0143710304294246,0.4883720930232558,-0.006210312406672,103.0,-107.0,False,,True,,eligible_no_edge,True,True,True,True,9.0,9.0,0.0055774804047742,0.0195748290596985,draftkings,DraftKings,betonlineag,BetOnline.ag,best_available_across_quoted_books,all_quoted_books,6e7150d8c439882971bcb51d92f290ca,2026-08-25T22:51:29+00:00,model_production_20260822T054104658649Z,production,raw_lgbm,07d412ad277bbe8f898063071ca01d8415aa609d609e492a4ea040c4318fc5c4,features_20260825T225128472439Z,fb401dc56db0b73ca3235900fdffcc70a8c1b61001694bce7e97652fabffe60b,features_20260822T054058128142Z,paper
predict_20260825T225129403605Z_824233,predict_20260825T225129403605Z,2026-08-25T22:51:29+00:00,2026-08-25 00:00:00,824233,2026-08-25T22:40:00Z,DET,TB,Jackson Jobe,Casey Legumina,0.48453421435165,0.5121951219512196,0.4948905109489051,0.0173046110023145,0.4796954314720812,0.0048387828795687,118.0,-105.0,False,,True,,eligible_no_edge,True,True,True,True,9.0,9.0,0.0229060536553048,0.0658125201275318,betus,BetUS,betmgm,BetMGM,best_available_across_quoted_books,all_quoted_books,259b6ad0c039c2a2dd00d378d88eb549,2026-08-25T22:51:29+00:00,model_production_20260822T054104658649Z,production,raw_lgbm,07d412ad277bbe8f898063071ca01d8415aa609d609e492a4ea040c4318fc5c4,features_20260825T225128472439Z,fb401dc56db0b73ca3235900fdffcc70a8c1b61001694bce7e97652fabffe60b,features_20260822T054058128142Z,paper
predict_20260825T225129403605Z_823989,predict_20260825T225129403605Z,2026-08-25T22:51:29+00:00,2026-08-25 00:00:00,823989,2026-08-26T01:38:00Z,LAA,CLE,Walbert Urena,Gavin Williams,0.4902539303104802,0.4468085106382978,0.4948905109489051,0.0480820003106072,0.4216503158177664,0.0686036144927138,137.0,-140.0,True,HOME,True,,bet_candidate,True,True,True,True,9.0,9.0,0.0032880201977145,0.0121921341189741,draftkings,DraftKings,fanduel,FanDuel,best_available_across_quoted_books,all_quoted_books,57e5de55a9616dbe31da6693615d0af8,2026-08-25T22:51:29+00:00,model_production_20260822T054104658649Z,production,raw_lgbm,07d412ad277bbe8f898063071ca01d8415aa609d609e492a4ea040c4318fc5c4,features_20260825T225128472439Z,fb401dc56db0b73ca3235900fdffcc70a8c1b61001694bce7e97652fabffe60b,features_20260822T054058128142Z,paper
predict_20260825T225129403605Z_823826,predict_20260825T225129403605Z,2026-08-25T22:51:29+00:00,2026-08-25 00:00:00,823826,2026-08-25T22:40:00Z,MIA,BOS,Tyler Phillips,Payton Tolle,0.5026980384538972,0.4736842105263157,0.5304990757855821,0.0568148652592663,0.4189920442401316,0.0837059942137655,135.0,-133.0,True,HOME,True,,bet_candidate,True,True,True,True,9.0,9.0,0.0150208578494247,0.0575070043091113,fanduel,FanDuel,mybookieag,MyBookie.ag,best_available_across_quoted_books,all_quoted_books,209f31db8e00b79cd7185e2e0d10d825,2026-08-25T22:51:29+00:00,model_production_20260822T054104658649Z,production,raw_lgbm,07d412ad277bbe8f898063071ca01d8415aa609d609e492a4ea040c4318fc5c4,features_20260825T225128472439Z,fb401dc56db0b73ca3235900fdffcc70a8c1b61001694bce7e97652fabffe60b,features_20260822T054058128142Z,paper
predict_20260825T225129403605Z_823585,predict_20260825T225129403605Z,2026-08-25T22:51:29+00:00,2026-08-25 00:00:00,823585,2026-08-25T23:10:00Z,NYM,MIL,Zac Thornton,Kyle Harrison,0.4917743891018262,0.5102040816326532,0.4948905109489051,0.015313570683748,0.4003338691727463,0.0914405199290799,147.0,-157.0,True,HOME,True,,bet_candidate,True,True,True,True,9.0,9.0,0.0037202595872079,0.0125874631748155,draftkings,DraftKings,betrivers,BetRivers,best_available_across_quoted_books,all_quoted_books,5adabe1a546de0ad6f64e2789b2b8f8d,2026-08-25T22:51:29+00:00,model_production_20260822T054104658649Z,production,raw_lgbm,07d412ad277bbe8f898063071ca01d8415aa609d609e492a4ea040c4318fc5c4,features_20260825T225128472439Z,fb401dc56db0b73ca3235900fdffcc70a8c1b61001694bce7e97652fabffe60b,features_20260822T054058128142Z,paper
predict_20260825T225129403605Z_823505,predict_20260825T225129403605Z,2026-08-25T22:51:29+00:00,2026-08-25 00:00:00,823505,2026-08-25T23:05:00Z,NYY,HOU,Will Warren,Ethan Pecko,0.5760955127877639,0.5904159132007233,0.5798969072164947,0.0105190059842286,0.5722567873303167,0.0038387254574472,-138.0,131.0,False,,True,,eligible_no_edge,True,True,True,True,9.0,9.0,0.0036388194390801,0.0120969324426338,fanduel,FanDuel,draftkings,DraftKings,best_available_across_quoted_books,all_quoted_books,187cbd24b1e45a99e9ecaf256baeb7c1,2026-08-25T22:51:29+00:00,model_production_20260822T054104658649Z,production,raw_lgbm,07d412ad277bbe8f898063071ca01d8415aa609d609e492a4ea040c4318fc5c4,features_20260825T225128472439Z,fb401dc56db0b73ca3235900fdffcc70a8c1b61001694bce7e97652fabffe60b,features_20260822T054058128142Z,paper
predict_20260825T225129403605Z_824962,predict_20260825T225129403605Z,2026-08-25T22:51:29+00:00,2026-08-25 00:00:00,824962,2026-08-26T01:40:00Z,OAK,MIN,Gage Jump,Taj Bradley,0.4576577347959031,0.5102040816326532,0.4942528735632184,0.0159512080694347,0.4217673078901348,0.0358904269057683,137.0,-142.0,False,,True,,eligible_no_edge,True,True,True,True,9.0,9.0,0.0030094966131411,0.0106777856673955,draftkings,DraftKings,fanduel,FanDuel,best_available_across_quoted_books,all_quoted_books,3c57e2dd92e3e26dff7fb8c2898891bd,2026-08-25T22:51:29+00:00,model_production_20260822T054104658649Z,production,raw_lgbm,07d412ad277bbe8f898063071ca01d8415aa609d609e492a4ea040c4318fc5c4,features_20260825T225128472439Z,fb401dc56db0b73ca3235900fdffcc70a8c1b61001694bce7e97652fabffe60b,features_20260822T054058128142Z,paper
predict_20260825T225129403605Z_823259,predict_20260825T225129403605Z,2026-08-25T22:51:29+00:00,2026-08-25 00:00:00,823259,2026-08-26T01:40:00Z,SD,PIT,Michael King,Paul Skenes,0.6475510319305513,0.5634674922600619,0.6186440677966102,0.0551765755365483,0.5390276170001653,0.1085234149303859,-120.0,115.0,False,,False,lineups_not_posted,ineligible,True,False,True,True,9.0,9.0,0.0056539996557402,0.0179919871046764,fanduel,FanDuel,draftkings,DraftKings,best_available_across_quoted_books,all_quoted_books,ccb7afafeeb739ec9623deb9cba63f64,2026-08-25T22:51:29+00:00,model_production_20260822T054104658649Z,production,raw_lgbm,07d412ad277bbe8f898063071ca01d8415aa609d609e492a4ea040c4318fc5c4,features_20260825T225128472439Z,fb401dc56db0b73ca3235900fdffcc70a8c1b61001694bce7e97652fabffe60b,features_20260822T054058128142Z,paper
predict_20260825T225129403605Z_823098,predict_20260825T225129403605Z,2026-08-25T22:51:29+00:00,2026-08-25 00:00:00,823098,2026-08-26T01:40:00Z,SEA,PHI,George Kirby,Aaron Nola,0.520685915722981,0.5142857142857142,0.5307557117750439,0.0164699974893296,0.5023229882921391,0.0183629274308418,-104.0,100.0,False,,True,,eligible_no_edge,True,True,True,True,9.0,9.0,0.0044279454837275,0.0148063781321184,draftkings,DraftKings,betrivers,BetRivers,best_available_across_quoted_books,all_quoted_books,50491a98ba9ab1b1502809e59c3cd776,2026-08-25T22:51:29+00:00,model_production_20260822T054104658649Z,production,raw_lgbm,07d412ad277bbe8f898063071ca01d8415aa609d609e492a4ea040c4318fc5c4,features_20260825T225128472439Z,fb401dc56db0b73ca3235900fdffcc70a8c1b61001694bce7e97652fabffe60b,features_20260822T054058128142Z,paper
predict_20260825T225129403605Z_823181,predict_20260825T225129403605Z,2026-08-25T22:51:29+00:00,2026-08-25 00:00:00,823181,2026-08-26T01:45:00Z,SF,CIN,Adrian Houser,Brady Singer,0.5264950823171624,0.5365853658536586,0.5307557117750439,0.0058296540786146,0.5069715560513107,0.0195235262658516,-105.0,-102.0,False,,True,,eligible_no_edge,True,True,True,True,9.0,9.0,0.0028557516325133,0.0108342361863488,draftkings,DraftKings,fanduel,FanDuel,best_available_across_quoted_books,all_quoted_books,26d4c80fbedae27b50bb14b2ae483938,2026-08-25T22:51:29+00:00,model_production_20260822T054104658649Z,production,raw_lgbm,07d412ad277bbe8f898063071ca01d8415aa609d609e492a4ea040c4318fc5c4,features_20260825T225128472439Z,fb401dc56db0b73ca3235900fdffcc70a8c1b61001694bce7e97652fabffe60b,features_20260822T054058128142Z,paper
predict_20260825T225129403605Z_823016,predict_20260825T225129403605Z,2026-08-25T22:51:29+00:00,2026-08-25 00:00:00,823016,2026-08-25T23:45:00Z,STL,BAL,Matthew Liberatore,Chris Bassitt,0.4976353369118442,0.5121951219512196,0.5304990757855821,0.0183039538343624,0.5459191696807674,-0.0482838327689231,-124.0,120.0,False,,True,,eligible_no_edge,True,True,True,True,9.0,9.0,0.0048638193057585,0.0170586154565889,draftkings,DraftKings,betrivers,BetRivers,best_available_across_quoted_books,all_quoted_books,928203119cbe56b5e4102e4372ff78bd,2026-08-25T22:51:29+00:00,model_production_20260822T054104658649Z,production,raw_lgbm,07d412ad277bbe8f898063071ca01d8415aa609d609e492a4ea040c4318fc5c4,features_20260825T225128472439Z,fb401dc56db0b73ca3235900fdffcc70a8c1b61001694bce7e97652fabffe60b,features_20260822T054058128142Z,paper
predict_20260825T225129403605Z_822773,predict_20260825T225129403605Z,2026-08-25T22:51:29+00:00,2026-08-25 00:00:00,822773,2026-08-25T23:07:00Z,TOR,KC,Max Scherzer,Seth Lugo,0.5613245681916004,0.5634674922600619,0.5641025641025641,0.0006350718425022,0.5520062329567589,0.0093183352348414,-126.0,120.0,False,,True,,eligible_no_edge,True,True,True,True,9.0,9.0,0.0029184311682919,0.0077683642487536,fanduel,FanDuel,draftkings,DraftKings,best_available_across_quoted_books,all_quoted_books,587e76b251f060a951bfa47ee07cf6ac,2026-08-25T22:51:29+00:00,model_production_20260822T054104658649Z,production,raw_lgbm,07d412ad277bbe8f898063071ca01d8415aa609d609e492a4ea040c4318fc5c4,features_20260825T225128472439Z,fb401dc56db0b73ca3235900fdffcc70a8c1b61001694bce7e97652fabffe60b,features_20260822T054058128142Z,paper
predict_20260825T225129403605Z_822693,predict_20260825T225129403605Z,2026-08-25T22:51:29+00:00,2026-08-25 00:00:00,822693,2026-08-25T22:45:00Z,WSH,COL,Andrew Alvarez,Mason Adams,0.5875396339648427,0.5142857142857142,0.5798969072164947,0.0656111929307804,0.6093979441997063,-0.0218583102348636,-166.0,171.0,False,,True,,eligible_no_edge,True,True,True,True,9.0,9.0,0.0214497487289894,0.0668770979256149,betonlineag,BetOnline.ag,draftkings,DraftKings,best_available_across_quoted_books,all_quoted_books,4819f8690b221a33563af84c498578c2,2026-08-25T22:51:29+00:00,model_production_20260822T054104658649Z,production,raw_lgbm,07d412ad277bbe8f898063071ca01d8415aa609d609e492a4ea040c4318fc5c4,features_20260825T225128472439Z,fb401dc56db0b73ca3235900fdffcc70a8c1b61001694bce7e97652fabffe60b,features_20260822T054058128142Z,paper
predict_20260825T233801128019Z_825042,predict_20260825T233801128019Z,2026-08-25T23:38:01+00:00,2026-08-25 00:00:00,825042,2026-08-26T01:40:00Z,ARI,CHC,Brandon Pfaadt,Clay Holmes,0.4689026250806261,0.4875621890547263,0.4948905109489051,0.0073283218941787,0.5,-0.0310973749193739,100.0,-102.0,False,,True,,eligible_no_edge,True,True,True,True,9.0,9.0,0.0067070381017442,0.0217779341834291,betrivers,BetRivers,betonlineag,BetOnline.ag,best_available_across_quoted_books,all_quoted_books,f4592955744665289f90514e92145dcf,2026-08-25T23:38:01+00:00,model_production_20260822T054104658649Z,production,raw_lgbm,07d412ad277bbe8f898063071ca01d8415aa609d609e492a4ea040c4318fc5c4,features_20260825T225128472439Z,fb401dc56db0b73ca3235900fdffcc70a8c1b61001694bce7e97652fabffe60b,features_20260822T054058128142Z,paper
predict_20260825T233801128019Z_824881,predict_20260825T233801128019Z,2026-08-25T23:38:01+00:00,2026-08-25 00:00:00,824881,2026-08-25T23:15:00Z,ATL,LAD,Bryce Elder,Tyler Glasnow,0.5314483927657456,0.5102040816326532,0.5307557117750439,0.0205516301423906,0.7444674859155759,-0.2130190931498302,-333.0,305.0,False,,True,,eligible_no_edge,True,True,True,True,6.0,6.0,0.0137691930472438,0.0377767000130815,mybookieag,MyBookie.ag,draftkings,DraftKings,best_available_across_quoted_books,all_quoted_books,d7bed76714eb2b887f979d5156f6863c,2026-08-25T23:38:01+00:00,model_production_20260822T054104658649Z,production,raw_lgbm,07d412ad277bbe8f898063071ca01d8415aa609d609e492a4ea040c4318fc5c4,features_20260825T225128472439Z,fb401dc56db0b73ca3235900fdffcc70a8c1b61001694bce7e97652fabffe60b,features_20260822T054058128142Z,paper
predict_20260825T233801128019Z_824556,predict_20260825T233801128019Z,2026-08-25T23:38:01+00:00,2026-08-25 00:00:00,824556,2026-08-25T23:40:00Z,CWS,TEX,Anthony Kay,Jacob deGrom,0.4821617806165837,0.4805194805194805,0.4948905109489051,0.0143710304294246,0.4878275495750709,-0.0056657689584871,103.0,-109.0,False,,True,,eligible_no_edge,True,True,True,True,9.0,9.0,0.0049538971735207,0.0149230200731938,draftkings,DraftKings,betonlineag,BetOnline.ag,best_available_across_quoted_books,all_quoted_books,6e7150d8c439882971bcb51d92f290ca,2026-08-25T23:38:01+00:00,model_production_20260822T054104658649Z,production,raw_lgbm,07d412ad277bbe8f898063071ca01d8415aa609d609e492a4ea040c4318fc5c4,features_20260825T225128472439Z,fb401dc56db0b73ca3235900fdffcc70a8c1b61001694bce7e97652fabffe60b,features_20260822T054058128142Z,paper
predict_20260825T233801128019Z_824233,predict_20260825T233801128019Z,2026-08-25T23:38:01+00:00,2026-08-25 00:00:00,824233,2026-08-25T22:40:00Z,DET,TB,Jackson Jobe,Casey Legumina,0.48453421435165,0.5121951219512196,0.4948905109489051,0.0173046110023145,0.2262381326833547,0.2582960816682952,360.0,-143.0,False,,True,,eligible_no_edge,True,True,True,True,6.0,6.0,0.083768868181808,0.2403701517546031,betmgm,BetMGM,mybookieag,MyBookie.ag,best_available_across_quoted_books,all_quoted_books,259b6ad0c039c2a2dd00d378d88eb549,2026-08-25T23:38:01+00:00,model_production_20260822T054104658649Z,production,raw_lgbm,07d412ad277bbe8f898063071ca01d8415aa609d609e492a4ea040c4318fc5c4,features_20260825T225128472439Z,fb401dc56db0b73ca3235900fdffcc70a8c1b61001694bce7e97652fabffe60b,features_20260822T054058128142Z,paper
predict_20260825T233801128019Z_823989,predict_20260825T233801128019Z,2026-08-25T23:38:01+00:00,2026-08-25 00:00:00,823989,2026-08-26T01:38:00Z,LAA,CLE,Walbert Urena,Gavin Williams,0.4902539303104802,0.4468085106382978,0.4948905109489051,0.0480820003106072,0.4270462633451957,0.0632076669652845,131.0,-139.0,True,HOME,True,,bet_candidate,True,True,True,True,9.0,9.0,0.0036232248550058,0.0129465281909648,draftkings,DraftKings,betonlineag,BetOnline.ag,best_available_across_quoted_books,all_quoted_books,57e5de55a9616dbe31da6693615d0af8,2026-08-25T23:38:01+00:00,model_production_20260822T054104658649Z,production,raw_lgbm,07d412ad277bbe8f898063071ca01d8415aa609d609e492a4ea040c4318fc5c4,features_20260825T225128472439Z,fb401dc56db0b73ca3235900fdffcc70a8c1b61001694bce7e97652fabffe60b,features_20260822T054058128142Z,paper
predict_20260825T233801128019Z_823826,predict_20260825T233801128019Z,2026-08-25T23:38:01+00:00,2026-08-25 00:00:00,823826,2026-08-25T22:40:00Z,MIA,BOS,Tyler Phillips,Payton Tolle,0.5026980384538972,0.4736842105263157,0.5304990757855821,0.0568148652592663,0.3212968987204511,0.181401139733446,215.0,-222.0,True,HOME,True,,bet_candidate,True,True,True,True,6.0,6.0,0.0160485461158989,0.0545667971179204,betrivers,BetRivers,mybookieag,MyBookie.ag,best_available_across_quoted_books,all_quoted_books,209f31db8e00b79cd7185e2e0d10d825,2026-08-25T23:38:01+00:00,model_production_20260822T054104658649Z,production,raw_lgbm,07d412ad277bbe8f898063071ca01d8415aa609d609e492a4ea040c4318fc5c4,features_20260825T225128472439Z,fb401dc56db0b73ca3235900fdffcc70a8c1b61001694bce7e97652fabffe60b,features_20260822T054058128142Z,paper
predict_20260825T233801128019Z_823585,predict_20260825T233801128019Z,2026-08-25T23:38:01+00:00,2026-08-25 00:00:00,823585,2026-08-25T23:10:00Z,NYM,MIL,Zac Thornton,Kyle Harrison,0.4917743891018262,0.5102040816326532,0.4948905109489051,0.015313570683748,0.4251062987202468,0.0666680903815793,140.0,-143.0,True,HOME,True,,bet_candidate,True,True,True,True,6.0,6.0,0.0158557920833837,0.0435399954042068,fanduel,FanDuel,mybookieag,MyBookie.ag,best_available_across_quoted_books,all_quoted_books,5adabe1a546de0ad6f64e2789b2b8f8d,2026-08-25T23:38:01+00:00,model_production_20260822T054104658649Z,production,raw_lgbm,07d412ad277bbe8f898063071ca01d8415aa609d609e492a4ea040c4318fc5c4,features_20260825T225128472439Z,fb401dc56db0b73ca3235900fdffcc70a8c1b61001694bce7e97652fabffe60b,features_20260822T054058128142Z,paper
predict_20260825T233801128019Z_823505,predict_20260825T233801128019Z,2026-08-25T23:38:01+00:00,2026-08-25 00:00:00,823505,2026-08-25T23:05:00Z,NYY,HOU,Will Warren,Ethan Pecko,0.5760955127877639,0.5904159132007233,0.5798969072164947,0.0105190059842286,0.4738003785382192,0.1022951342495447,105.0,100.0,True,HOME,True,,bet_candidate,True,True,True,True,6.0,6.0,0.022414667014797,0.0636783771624881,fanduel,FanDuel,mybookieag,MyBookie.ag,best_available_across_quoted_books,all_quoted_books,187cbd24b1e45a99e9ecaf256baeb7c1,2026-08-25T23:38:01+00:00,model_production_20260822T054104658649Z,production,raw_lgbm,07d412ad277bbe8f898063071ca01d8415aa609d609e492a4ea040c4318fc5c4,features_20260825T225128472439Z,fb401dc56db0b73ca3235900fdffcc70a8c1b61001694bce7e97652fabffe60b,features_20260822T054058128142Z,paper
predict_20260825T233801128019Z_824962,predict_20260825T233801128019Z,2026-08-25T23:38:01+00:00,2026-08-25 00:00:00,824962,2026-08-26T01:40:00Z,OAK,MIN,Gage Jump,Taj Bradley,0.4576577347959031,0.5102040816326532,0.4942528735632184,0.0159512080694347,0.4207141879874127,0.0369435468084903,137.0,-142.0,False,,True,,eligible_no_edge,True,True,True,True,9.0,9.0,0.0029235466063967,0.0106777856673955,draftkings,DraftKings,fanduel,FanDuel,best_available_across_quoted_books,all_quoted_books,3c57e2dd92e3e26dff7fb8c2898891bd,2026-08-25T23:38:01+00:00,model_production_20260822T054104658649Z,production,raw_lgbm,07d412ad277bbe8f898063071ca01d8415aa609d609e492a4ea040c4318fc5c4,features_20260825T225128472439Z,fb401dc56db0b73ca3235900fdffcc70a8c1b61001694bce7e97652fabffe60b,features_20260822T054058128142Z,paper
predict_20260825T233801128019Z_823259,predict_20260825T233801128019Z,2026-08-25T23:38:01+00:00,2026-08-25 00:00:00,823259,2026-08-26T01:40:00Z,SD,PIT,Michael King,Paul Skenes,0.6386922375466215,0.5634674922600619,0.6186440677966102,0.0551765755365483,0.5539593349939177,0.0847329025527038,-123.0,121.0,True,HOME,True,,bet_candidate,True,True,True,True,9.0,9.0,0.0048166895016067,0.0152988474451545,draftkings,DraftKings,betonlineag,BetOnline.ag,best_available_across_quoted_books,all_quoted_books,ccb7afafeeb739ec9623deb9cba63f64,2026-08-25T23:38:01+00:00,model_production_20260822T054104658649Z,production,raw_lgbm,07d412ad277bbe8f898063071ca01d8415aa609d609e492a4ea040c4318fc5c4,features_20260825T225128472439Z,fb401dc56db0b73ca3235900fdffcc70a8c1b61001694bce7e97652fabffe60b,features_20260822T054058128142Z,paper
predict_20260825T233801128019Z_823098,predict_20260825T233801128019Z,2026-08-25T23:38:01+00:00,2026-08-25 00:00:00,823098,2026-08-26T01:40:00Z,SEA,PHI,George Kirby,Aaron Nola,0.520685915722981,0.5142857142857142,0.5307557117750439,0.0164699974893296,0.5166179207657537,0.0040679949572272,-111.0,103.0,False,,True,,eligible_no_edge,True,True,True,True,9.0,9.0,0.0022003309268496,0.0073830624837051,draftkings,DraftKings,draftkings,DraftKings,best_available_across_quoted_books,all_quoted_books,50491a98ba9ab1b1502809e59c3cd776,2026-08-25T23:38:01+00:00,model_production_20260822T054104658649Z,production,raw_lgbm,07d412ad277bbe8f898063071ca01d8415aa609d609e492a4ea040c4318fc5c4,features_20260825T225128472439Z,fb401dc56db0b73ca3235900fdffcc70a8c1b61001694bce7e97652fabffe60b,features_20260822T054058128142Z,paper
predict_20260825T233801128019Z_823181,predict_20260825T233801128019Z,2026-08-25T23:38:01+00:00,2026-08-25 00:00:00,823181,2026-08-26T01:45:00Z,SF,CIN,Adrian Houser,Brady Singer,0.5264950823171624,0.5365853658536586,0.5307557117750439,0.0058296540786146,0.5069715560513107,0.0195235262658516,-105.0,-102.0,False,,True,,eligible_no_edge,True,True,True,True,9.0,9.0,0.0025135592072866,0.0086640097036908,draftkings,DraftKings,fanduel,FanDuel,best_available_across_quoted_books,all_quoted_books,26d4c80fbedae27b50bb14b2ae483938,2026-08-25T23:38:01+00:00,model_production_20260822T054104658649Z,production,raw_lgbm,07d412ad277bbe8f898063071ca01d8415aa609d609e492a4ea040c4318fc5c4,features_20260825T225128472439Z,fb401dc56db0b73ca3235900fdffcc70a8c1b61001694bce7e97652fabffe60b,features_20260822T054058128142Z,paper
predict_20260825T233801128019Z_823016,predict_20260825T233801128019Z,2026-08-25T23:38:01+00:00,2026-08-25 00:00:00,823016,2026-08-25T23:45:00Z,STL,BAL,Matthew Liberatore,Chris Bassitt,0.4976353369118442,0.5121951219512196,0.5304990757855821,0.0183039538343624,0.5369404697342622,-0.039305132822418,-119.0,115.0,False,,True,,eligible_no_edge,True,True,True,True,9.0,9.0,0.005870562985174,0.0224904510483882,draftkings,DraftKings,betrivers,BetRivers,best_available_across_quoted_books,all_quoted_books,928203119cbe56b5e4102e4372ff78bd,2026-08-25T23:38:01+00:00,model_production_20260822T054104658649Z,production,raw_lgbm,07d412ad277bbe8f898063071ca01d8415aa609d609e492a4ea040c4318fc5c4,features_20260825T225128472439Z,fb401dc56db0b73ca3235900fdffcc70a8c1b61001694bce7e97652fabffe60b,features_20260822T054058128142Z,paper
predict_20260825T233801128019Z_822773,predict_20260825T233801128019Z,2026-08-25T23:38:01+00:00,2026-08-25 00:00:00,822773,2026-08-25T23:07:00Z,TOR,KC,Max Scherzer,Seth Lugo,0.5613245681916004,0.5634674922600619,0.5641025641025641,0.0006350718425022,0.5437800151170973,0.017544553074503,-120.0,120.0,False,,True,,eligible_no_edge,True,True,True,True,6.0,6.0,0.0171416640388345,0.0522447606062813,fanduel,FanDuel,mybookieag,MyBookie.ag,best_available_across_quoted_books,all_quoted_books,587e76b251f060a951bfa47ee07cf6ac,2026-08-25T23:38:01+00:00,model_production_20260822T054104658649Z,production,raw_lgbm,07d412ad277bbe8f898063071ca01d8415aa609d609e492a4ea040c4318fc5c4,features_20260825T225128472439Z,fb401dc56db0b73ca3235900fdffcc70a8c1b61001694bce7e97652fabffe60b,features_20260822T054058128142Z,paper
predict_20260825T233801128019Z_822693,predict_20260825T233801128019Z,2026-08-25T23:38:01+00:00,2026-08-25 00:00:00,822693,2026-08-25T22:45:00Z,WSH,COL,Andrew Alvarez,Mason Adams,0.5875396339648427,0.5142857142857142,0.5798969072164947,0.0656111929307804,0.4668376396854491,0.1207019942793935,125.0,120.0,True,HOME,True,,bet_candidate,True,True,True,True,6.0,6.0,0.046805542702857,0.1491647178146033,betmgm,BetMGM,mybookieag,MyBookie.ag,best_available_across_quoted_books,all_quoted_books,4819f8690b221a33563af84c498578c2,2026-08-25T23:38:01+00:00,model_production_20260822T054104658649Z,production,raw_lgbm,07d412ad277bbe8f898063071ca01d8415aa609d609e492a4ea040c4318fc5c4,features_20260825T225128472439Z,fb401dc56db0b73ca3235900fdffcc70a8c1b61001694bce7e97652fabffe60b,features_20260822T054058128142Z,paper
predict_20260825T234002047593Z_825042,predict_20260825T234002047593Z,2026-08-25T23:40:02+00:00,2026-08-25 00:00:00,825042,2026-08-26T01:40:00Z,ARI,CHC,Brandon Pfaadt,Clay Holmes,0.4689026250806261,0.4875621890547263,0.4948905109489051,0.0073283218941787,0.5,-0.0310973749193739,100.0,-102.0,False,,True,,eligible_no_edge,True,True,True,True,9.0,9.0,0.0067070381017442,0.0217779341834291,betrivers,BetRivers,betonlineag,BetOnline.ag,best_available_across_quoted_books,all_quoted_books,f4592955744665289f90514e92145dcf,2026-08-25T23:40:02+00:00,model_production_20260822T054104658649Z,production,raw_lgbm,07d412ad277bbe8f898063071ca01d8415aa609d609e492a4ea040c4318fc5c4,features_20260825T225128472439Z,fb401dc56db0b73ca3235900fdffcc70a8c1b61001694bce7e97652fabffe60b,features_20260822T054058128142Z,paper
predict_20260825T234002047593Z_824881,predict_20260825T234002047593Z,2026-08-25T23:40:02+00:00,2026-08-25 00:00:00,824881,2026-08-25T23:15:00Z,ATL,LAD,Bryce Elder,Tyler Glasnow,0.5314483927657456,0.5102040816326532,0.5307557117750439,0.0205516301423906,0.7282852924183092,-0.1968368996525635,-300.0,277.0,True,AWAY,True,,bet_candidate,True,True,True,True,6.0,6.0,0.009726691128102,0.027086049899232,fanduel,FanDuel,draftkings,DraftKings,best_available_across_quoted_books,all_quoted_books,d7bed76714eb2b887f979d5156f6863c,2026-08-25T23:40:02+00:00,model_production_20260822T054104658649Z,production,raw_lgbm,07d412ad277bbe8f898063071ca01d8415aa609d609e492a4ea040c4318fc5c4,features_20260825T225128472439Z,fb401dc56db0b73ca3235900fdffcc70a8c1b61001694bce7e97652fabffe60b,features_20260822T054058128142Z,paper
predict_20260825T234002047593Z_824556,predict_20260825T234002047593Z,2026-08-25T23:40:02+00:00,2026-08-25 00:00:00,824556,2026-08-25T23:40:00Z,CWS,TEX,Anthony Kay,Jacob deGrom,0.4821617806165837,0.4805194805194805,0.4948905109489051,0.0143710304294246,0.4878275495750709,-0.0056657689584871,103.0,-109.0,False,,True,,eligible_no_edge,True,True,True,True,9.0,9.0,0.0049538971735207,0.0149230200731938,draftkings,DraftKings,betonlineag,BetOnline.ag,best_available_across_quoted_books,all_quoted_books,6e7150d8c439882971bcb51d92f290ca,2026-08-25T23:40:02+00:00,model_production_20260822T054104658649Z,production,raw_lgbm,07d412ad277bbe8f898063071ca01d8415aa609d609e492a4ea040c4318fc5c4,features_20260825T225128472439Z,fb401dc56db0b73ca3235900fdffcc70a8c1b61001694bce7e97652fabffe60b,features_20260822T054058128142Z,paper
predict_20260825T234002047593Z_824233,predict_20260825T234002047593Z,2026-08-25T23:40:02+00:00,2026-08-25 00:00:00,824233,2026-08-25T22:40:00Z,DET,TB,Jackson Jobe,Casey Legumina,0.48453421435165,0.5121951219512196,0.4948905109489051,0.0173046110023145,0.3029448157660487,0.1815893985856013,230.0,-143.0,True,HOME,True,,bet_candidate,True,True,True,True,6.0,6.0,0.0547131490128985,0.1553693708164361,fanduel,FanDuel,mybookieag,MyBookie.ag,best_available_across_quoted_books,all_quoted_books,259b6ad0c039c2a2dd00d378d88eb549,2026-08-25T23:40:02+00:00,model_production_20260822T054104658649Z,production,raw_lgbm,07d412ad277bbe8f898063071ca01d8415aa609d609e492a4ea040c4318fc5c4,features_20260825T225128472439Z,fb401dc56db0b73ca3235900fdffcc70a8c1b61001694bce7e97652fabffe60b,features_20260822T054058128142Z,paper
predict_20260825T234002047593Z_823989,predict_20260825T234002047593Z,2026-08-25T23:40:02+00:00,2026-08-25 00:00:00,823989,2026-08-26T01:38:00Z,LAA,CLE,Walbert Urena,Gavin Williams,0.4902539303104802,0.4468085106382978,0.4948905109489051,0.0480820003106072,0.4270462633451957,0.0632076669652845,131.0,-139.0,True,HOME,True,,bet_candidate,True,True,True,True,9.0,9.0,0.0036232248550058,0.0129465281909648,draftkings,DraftKings,betonlineag,BetOnline.ag,best_available_across_quoted_books,all_quoted_books,57e5de55a9616dbe31da6693615d0af8,2026-08-25T23:40:02+00:00,model_production_20260822T054104658649Z,production,raw_lgbm,07d412ad277bbe8f898063071ca01d8415aa609d609e492a4ea040c4318fc5c4,features_20260825T225128472439Z,fb401dc56db0b73ca3235900fdffcc70a8c1b61001694bce7e97652fabffe60b,features_20260822T054058128142Z,paper
predict_20260825T234002047593Z_823826,predict_20260825T234002047593Z,2026-08-25T23:40:02+00:00,2026-08-25 00:00:00,823826,2026-08-25T22:40:00Z,MIA,BOS,Tyler Phillips,Payton Tolle,0.5026980384538972,0.4736842105263157,0.5304990757855821,0.0568148652592663,0.3112999420366583,0.1913980964172388,230.0,-222.0,True,HOME,True,,bet_candidate,True,True,True,True,6.0,6.0,0.0185810110343402,0.0544719346943062,fanduel,FanDuel,mybookieag,MyBookie.ag,best_available_across_quoted_books,all_quoted_books,209f31db8e00b79cd7185e2e0d10d825,2026-08-25T23:40:02+00:00,model_production_20260822T054104658649Z,production,raw_lgbm,07d412ad277bbe8f898063071ca01d8415aa609d609e492a4ea040c4318fc5c4,features_20260825T225128472439Z,fb401dc56db0b73ca3235900fdffcc70a8c1b61001694bce7e97652fabffe60b,features_20260822T054058128142Z,paper
predict_20260825T234002047593Z_823585,predict_20260825T234002047593Z,2026-08-25T23:40:02+00:00,2026-08-25 00:00:00,823585,2026-08-25T23:10:00Z,NYM,MIL,Zac Thornton,Kyle Harrison,0.4917743891018262,0.5102040816326532,0.4948905109489051,0.015313570683748,0.438059961427567,0.0537144276742592,130.0,-138.0,False,,True,,eligible_no_edge,True,True,True,True,6.0,6.0,0.0105611497718731,0.0274039880417322,fanduel,FanDuel,draftkings,DraftKings,best_available_across_quoted_books,all_quoted_books,5adabe1a546de0ad6f64e2789b2b8f8d,2026-08-25T23:40:02+00:00,model_production_20260822T054104658649Z,production,raw_lgbm,07d412ad277bbe8f898063071ca01d8415aa609d609e492a4ea040c4318fc5c4,features_20260825T225128472439Z,fb401dc56db0b73ca3235900fdffcc70a8c1b61001694bce7e97652fabffe60b,features_20260822T054058128142Z,paper
predict_20260825T234002047593Z_823505,predict_20260825T234002047593Z,2026-08-25T23:40:02+00:00,2026-08-25 00:00:00,823505,2026-08-25T23:05:00Z,NYY,HOU,Will Warren,Ethan Pecko,0.5760955127877639,0.5904159132007233,0.5798969072164947,0.0105190059842286,0.4421035997072327,0.1339919130805312,120.0,100.0,True,HOME,True,,bet_candidate,True,True,True,True,6.0,6.0,0.0350140490353327,0.0997905690062967,fanduel,FanDuel,mybookieag,MyBookie.ag,best_available_across_quoted_books,all_quoted_books,187cbd24b1e45a99e9ecaf256baeb7c1,2026-08-25T23:40:02+00:00,model_production_20260822T054104658649Z,production,raw_lgbm,07d412ad277bbe8f898063071ca01d8415aa609d609e492a4ea040c4318fc5c4,features_20260825T225128472439Z,fb401dc56db0b73ca3235900fdffcc70a8c1b61001694bce7e97652fabffe60b,features_20260822T054058128142Z,paper
predict_20260825T234002047593Z_824962,predict_20260825T234002047593Z,2026-08-25T23:40:02+00:00,2026-08-25 00:00:00,824962,2026-08-26T01:40:00Z,OAK,MIN,Gage Jump,Taj Bradley,0.4576577347959031,0.5102040816326532,0.4942528735632184,0.0159512080694347,0.4207141879874127,0.0369435468084903,137.0,-142.0,False,,True,,eligible_no_edge,True,True,True,True,9.0,9.0,0.0029235466063967,0.0106777856673955,draftkings,DraftKings,fanduel,FanDuel,best_available_across_quoted_books,all_quoted_books,3c57e2dd92e3e26dff7fb8c2898891bd,2026-08-25T23:40:02+00:00,model_production_20260822T054104658649Z,production,raw_lgbm,07d412ad277bbe8f898063071ca01d8415aa609d609e492a4ea040c4318fc5c4,features_20260825T225128472439Z,fb401dc56db0b73ca3235900fdffcc70a8c1b61001694bce7e97652fabffe60b,features_20260822T054058128142Z,paper
predict_20260825T234002047593Z_823259,predict_20260825T234002047593Z,2026-08-25T23:40:02+00:00,2026-08-25 00:00:00,823259,2026-08-26T01:40:00Z,SD,PIT,Michael King,Paul Skenes,0.6386922375466215,0.5634674922600619,0.6186440677966102,0.0551765755365483,0.5539593349939177,0.0847329025527038,-123.0,121.0,True,HOME,True,,bet_candidate,True,True,True,True,9.0,9.0,0.0048166895016067,0.0152988474451545,draftkings,DraftKings,betonlineag,BetOnline.ag,best_available_across_quoted_books,all_quoted_books,ccb7afafeeb739ec9623deb9cba63f64,2026-08-25T23:40:02+00:00,model_production_20260822T054104658649Z,production,raw_lgbm,07d412ad277bbe8f898063071ca01d8415aa609d609e492a4ea040c4318fc5c4,features_20260825T225128472439Z,fb401dc56db0b73ca3235900fdffcc70a8c1b61001694bce7e97652fabffe60b,features_20260822T054058128142Z,paper
predict_20260825T234002047593Z_823098,predict_20260825T234002047593Z,2026-08-25T23:40:02+00:00,2026-08-25 00:00:00,823098,2026-08-26T01:40:00Z,SEA,PHI,George Kirby,Aaron Nola,0.520685915722981,0.5142857142857142,0.5307557117750439,0.0164699974893296,0.5166179207657537,0.0040679949572272,-111.0,103.0,False,,True,,eligible_no_edge,True,True,True,True,9.0,9.0,0.0022003309268496,0.0073830624837051,draftkings,DraftKings,draftkings,DraftKings,best_available_across_quoted_books,all_quoted_books,50491a98ba9ab1b1502809e59c3cd776,2026-08-25T23:40:02+00:00,model_production_20260822T054104658649Z,production,raw_lgbm,07d412ad277bbe8f898063071ca01d8415aa609d609e492a4ea040c4318fc5c4,features_20260825T225128472439Z,fb401dc56db0b73ca3235900fdffcc70a8c1b61001694bce7e97652fabffe60b,features_20260822T054058128142Z,paper
predict_20260825T234002047593Z_823181,predict_20260825T234002047593Z,2026-08-25T23:40:02+00:00,2026-08-25 00:00:00,823181,2026-08-26T01:45:00Z,SF,CIN,Adrian Houser,Brady Singer,0.5264950823171624,0.5365853658536586,0.5307557117750439,0.0058296540786146,0.5069715560513107,0.0195235262658516,-105.0,-102.0,False,,True,,eligible_no_edge,True,True,True,True,9.0,9.0,0.0025135592072866,0.0086640097036908,draftkings,DraftKings,fanduel,FanDuel,best_available_across_quoted_books,all_quoted_books,26d4c80fbedae27b50bb14b2ae483938,2026-08-25T23:40:02+00:00,model_production_20260822T054104658649Z,production,raw_lgbm,07d412ad277bbe8f898063071ca01d8415aa609d609e492a4ea040c4318fc5c4,features_20260825T225128472439Z,fb401dc56db0b73ca3235900fdffcc70a8c1b61001694bce7e97652fabffe60b,features_20260822T054058128142Z,paper
predict_20260825T234002047593Z_823016,predict_20260825T234002047593Z,2026-08-25T23:40:02+00:00,2026-08-25 00:00:00,823016,2026-08-25T23:45:00Z,STL,BAL,Matthew Liberatore,Chris Bassitt,0.4976353369118442,0.5121951219512196,0.5304990757855821,0.0183039538343624,0.5369404697342622,-0.039305132822418,-119.0,115.0,False,,True,,eligible_no_edge,True,True,True,True,9.0,9.0,0.005870562985174,0.0224904510483882,draftkings,DraftKings,betrivers,BetRivers,best_available_across_quoted_books,all_quoted_books,928203119cbe56b5e4102e4372ff78bd,2026-08-25T23:40:02+00:00,model_production_20260822T054104658649Z,production,raw_lgbm,07d412ad277bbe8f898063071ca01d8415aa609d609e492a4ea040c4318fc5c4,features_20260825T225128472439Z,fb401dc56db0b73ca3235900fdffcc70a8c1b61001694bce7e97652fabffe60b,features_20260822T054058128142Z,paper
predict_20260825T234002047593Z_822773,predict_20260825T234002047593Z,2026-08-25T23:40:02+00:00,2026-08-25 00:00:00,822773,2026-08-25T23:07:00Z,TOR,KC,Max Scherzer,Seth Lugo,0.5613245681916004,0.5634674922600619,0.5641025641025641,0.0006350718425022,0.5667002225882576,-0.0053756543966572,-135.0,130.0,False,,True,,eligible_no_edge,True,True,True,True,6.0,6.0,0.00727763499703,0.0209079611314918,fanduel,FanDuel,draftkings,DraftKings,best_available_across_quoted_books,all_quoted_books,587e76b251f060a951bfa47ee07cf6ac,2026-08-25T23:40:02+00:00,model_production_20260822T054104658649Z,production,raw_lgbm,07d412ad277bbe8f898063071ca01d8415aa609d609e492a4ea040c4318fc5c4,features_20260825T225128472439Z,fb401dc56db0b73ca3235900fdffcc70a8c1b61001694bce7e97652fabffe60b,features_20260822T054058128142Z,paper
predict_20260825T234002047593Z_822693,predict_20260825T234002047593Z,2026-08-25T23:40:02+00:00,2026-08-25 00:00:00,822693,2026-08-25T22:45:00Z,WSH,COL,Andrew Alvarez,Mason Adams,0.5875396339648427,0.5142857142857142,0.5798969072164947,0.0656111929307804,0.4454715144831195,0.1420681194817231,140.0,120.0,True,HOME,True,,bet_candidate,True,True,True,True,6.0,6.0,0.0548788906411028,0.1758415130243982,betmgm,BetMGM,mybookieag,MyBookie.ag,best_available_across_quoted_books,all_quoted_books,4819f8690b221a33563af84c498578c2,2026-08-25T23:40:02+00:00,model_production_20260822T054104658649Z,production,raw_lgbm,07d412ad277bbe8f898063071ca01d8415aa609d609e492a4ea040c4318fc5c4,features_20260825T225128472439Z,fb401dc56db0b73ca3235900fdffcc70a8c1b61001694bce7e97652fabffe60b,features_20260822T054058128142Z,paper
predict_20260825T234501169114Z_825042,predict_20260825T234501169114Z,2026-08-25T23:45:01+00:00,2026-08-25 00:00:00,825042,2026-08-26T01:40:00Z,ARI,CHC,Brandon Pfaadt,Clay Holmes,0.4689026250806261,0.4875621890547263,0.4948905109489051,0.0073283218941787,0.5,-0.0310973749193739,100.0,-102.0,False,,True,,eligible_no_edge,True,True,True,True,9.0,9.0,0.0067070381017442,0.0217779341834291,betrivers,BetRivers,betonlineag,BetOnline.ag,best_available_across_quoted_books,all_quoted_books,f4592955744665289f90514e92145dcf,2026-08-25T23:45:01+00:00,model_production_20260822T054104658649Z,production,raw_lgbm,07d412ad277bbe8f898063071ca01d8415aa609d609e492a4ea040c4318fc5c4,features_20260825T225128472439Z,fb401dc56db0b73ca3235900fdffcc70a8c1b61001694bce7e97652fabffe60b,features_20260822T054058128142Z,paper
predict_20260825T234501169114Z_824881,predict_20260825T234501169114Z,2026-08-25T23:45:01+00:00,2026-08-25 00:00:00,824881,2026-08-25T23:15:00Z,ATL,LAD,Bryce Elder,Tyler Glasnow,0.5314483927657456,0.5102040816326532,0.5307557117750439,0.0205516301423906,0.7198822015040054,-0.1884338087382597,-275.0,276.0,True,AWAY,True,,bet_candidate,True,True,True,True,6.0,6.0,0.0153480471021037,0.0481372387923978,betmgm,BetMGM,draftkings,DraftKings,best_available_across_quoted_books,all_quoted_books,d7bed76714eb2b887f979d5156f6863c,2026-08-25T23:45:01+00:00,model_production_20260822T054104658649Z,production,raw_lgbm,07d412ad277bbe8f898063071ca01d8415aa609d609e492a4ea040c4318fc5c4,features_20260825T225128472439Z,fb401dc56db0b73ca3235900fdffcc70a8c1b61001694bce7e97652fabffe60b,features_20260822T054058128142Z,paper
predict_20260825T234501169114Z_824556,predict_20260825T234501169114Z,2026-08-25T23:45:01+00:00,2026-08-25 00:00:00,824556,2026-08-25T23:40:00Z,CWS,TEX,Anthony Kay,Jacob deGrom,0.4821617806165837,0.4805194805194805,0.4948905109489051,0.0143710304294246,0.5059101654846335,-0.0237483848680497,103.0,105.0,False,,True,,eligible_no_edge,True,True,True,True,9.0,9.0,0.0159953511996368,0.0464213746498122,betus,BetUS,fanduel,FanDuel,best_available_across_quoted_books,all_quoted_books,6e7150d8c439882971bcb51d92f290ca,2026-08-25T23:45:01+00:00,model_production_20260822T054104658649Z,production,raw_lgbm,07d412ad277bbe8f898063071ca01d8415aa609d609e492a4ea040c4318fc5c4,features_20260825T225128472439Z,fb401dc56db0b73ca3235900fdffcc70a8c1b61001694bce7e97652fabffe60b,features_20260822T054058128142Z,paper
predict_20260825T234501169114Z_824233,predict_20260825T234501169114Z,2026-08-25T23:45:01+00:00,2026-08-25 00:00:00,824233,2026-08-25T22:40:00Z,DET,TB,Jackson Jobe,Casey Legumina,0.48453421435165,0.5121951219512196,0.4948905109489051,0.0173046110023145,0.3379053201633571,0.1466288941882928,205.0,-213.0,True,HOME,True,,bet_candidate,True,True,True,True,6.0,6.0,0.0139829635579124,0.0417623761068328,mybookieag,MyBookie.ag,draftkings,DraftKings,best_available_across_quoted_books,all_quoted_books,259b6ad0c039c2a2dd00d378d88eb549,2026-08-25T23:45:01+00:00,model_production_20260822T054104658649Z,production,raw_lgbm,07d412ad277bbe8f898063071ca01d8415aa609d609e492a4ea040c4318fc5c4,features_20260825T225128472439Z,fb401dc56db0b73ca3235900fdffcc70a8c1b61001694bce7e97652fabffe60b,features_20260822T054058128142Z,paper
predict_20260825T234501169114Z_823989,predict_20260825T234501169114Z,2026-08-25T23:45:01+00:00,2026-08-25 00:00:00,823989,2026-08-26T01:38:00Z,LAA,CLE,Walbert Urena,Gavin Williams,0.4902539303104802,0.4468085106382978,0.4948905109489051,0.0480820003106072,0.4270462633451957,0.0632076669652845,131.0,-139.0,True,HOME,True,,bet_candidate,True,True,True,True,9.0,9.0,0.0036232248550058,0.0129465281909648,draftkings,DraftKings,betonlineag,BetOnline.ag,best_available_across_quoted_books,all_quoted_books,57e5de55a9616dbe31da6693615d0af8,2026-08-25T23:45:01+00:00,model_production_20260822T054104658649Z,production,raw_lgbm,07d412ad277bbe8f898063071ca01d8415aa609d609e492a4ea040c4318fc5c4,features_20260825T225128472439Z,fb401dc56db0b73ca3235900fdffcc70a8c1b61001694bce7e97652fabffe60b,features_20260822T054058128142Z,paper
predict_20260825T234501169114Z_823826,predict_20260825T234501169114Z,2026-08-25T23:45:01+00:00,2026-08-25 00:00:00,823826,2026-08-25T22:40:00Z,MIA,BOS,Tyler Phillips,Payton Tolle,0.5026980384538972,0.4736842105263157,0.5304990757855821,0.0568148652592663,0.3020088415218305,0.2006891969320666,230.0,-260.0,False,,True,,eligible_no_edge,True,True,True,True,6.0,6.0,0.0059615218063472,0.0190820777160983,fanduel,FanDuel,draftkings,DraftKings,best_available_across_quoted_books,all_quoted_books,209f31db8e00b79cd7185e2e0d10d825,2026-08-25T23:45:01+00:00,model_production_20260822T054104658649Z,production,raw_lgbm,07d412ad277bbe8f898063071ca01d8415aa609d609e492a4ea040c4318fc5c4,features_20260825T225128472439Z,fb401dc56db0b73ca3235900fdffcc70a8c1b61001694bce7e97652fabffe60b,features_20260822T054058128142Z,paper
predict_20260825T234501169114Z_823585,predict_20260825T234501169114Z,2026-08-25T23:45:01+00:00,2026-08-25 00:00:00,823585,2026-08-25T23:10:00Z,NYM,MIL,Zac Thornton,Kyle Harrison,0.4917743891018262,0.5102040816326532,0.4948905109489051,0.015313570683748,0.4056184971269255,0.0861558919749007,145.0,-143.0,True,HOME,True,,bet_candidate,True,True,True,True,6.0,6.0,0.0162756092422666,0.0481985627693786,fanduel,FanDuel,mybookieag,MyBookie.ag,best_available_across_quoted_books,all_quoted_books,5adabe1a546de0ad6f64e2789b2b8f8d,2026-08-25T23:45:01+00:00,model_production_20260822T054104658649Z,production,raw_lgbm,07d412ad277bbe8f898063071ca01d8415aa609d609e492a4ea040c4318fc5c4,features_20260825T225128472439Z,fb401dc56db0b73ca3235900fdffcc70a8c1b61001694bce7e97652fabffe60b,features_20260822T054058128142Z,paper
predict_20260825T234501169114Z_823505,predict_20260825T234501169114Z,2026-08-25T23:45:01+00:00,2026-08-25 00:00:00,823505,2026-08-25T23:05:00Z,NYY,HOU,Will Warren,Ethan Pecko,0.5760955127877639,0.5904159132007233,0.5798969072164947,0.0105190059842286,0.478415138971023,0.0976803738167408,110.0,-115.0,True,HOME,True,,bet_candidate,True,True,True,True,6.0,6.0,0.0092559650973147,0.0253055462186821,draftkings,DraftKings,fanduel,FanDuel,best_available_across_quoted_books,all_quoted_books,187cbd24b1e45a99e9ecaf256baeb7c1,2026-08-25T23:45:01+00:00,model_production_20260822T054104658649Z,production,raw_lgbm,07d412ad277bbe8f898063071ca01d8415aa609d609e492a4ea040c4318fc5c4,features_20260825T225128472439Z,fb401dc56db0b73ca3235900fdffcc70a8c1b61001694bce7e97652fabffe60b,features_20260822T054058128142Z,paper
predict_20260825T234501169114Z_824962,predict_20260825T234501169114Z,2026-08-25T23:45:01+00:00,2026-08-25 00:00:00,824962,2026-08-26T01:40:00Z,OAK,MIN,Gage Jump,Taj Bradley,0.4576577347959031,0.5102040816326532,0.4942528735632184,0.0159512080694347,0.4207141879874127,0.0369435468084903,137.0,-142.0,False,,True,,eligible_no_edge,True,True,True,True,9.0,9.0,0.0029235466063967,0.0106777856673955,draftkings,DraftKings,fanduel,FanDuel,best_available_across_quoted_books,all_quoted_books,3c57e2dd92e3e26dff7fb8c2898891bd,2026-08-25T23:45:01+00:00,model_production_20260822T054104658649Z,production,raw_lgbm,07d412ad277bbe8f898063071ca01d8415aa609d609e492a4ea040c4318fc5c4,features_20260825T225128472439Z,fb401dc56db0b73ca3235900fdffcc70a8c1b61001694bce7e97652fabffe60b,features_20260822T054058128142Z,paper
predict_20260825T234501169114Z_823259,predict_20260825T234501169114Z,2026-08-25T23:45:01+00:00,2026-08-25 00:00:00,823259,2026-08-26T01:40:00Z,SD,PIT,Michael King,Paul Skenes,0.6386922375466215,0.5634674922600619,0.6186440677966102,0.0551765755365483,0.5539593349939177,0.0847329025527038,-123.0,121.0,True,HOME,True,,bet_candidate,True,True,True,True,9.0,9.0,0.0048166895016067,0.0152988474451545,draftkings,DraftKings,betonlineag,BetOnline.ag,best_available_across_quoted_books,all_quoted_books,ccb7afafeeb739ec9623deb9cba63f64,2026-08-25T23:45:01+00:00,model_production_20260822T054104658649Z,production,raw_lgbm,07d412ad277bbe8f898063071ca01d8415aa609d609e492a4ea040c4318fc5c4,features_20260825T225128472439Z,fb401dc56db0b73ca3235900fdffcc70a8c1b61001694bce7e97652fabffe60b,features_20260822T054058128142Z,paper
predict_20260825T234501169114Z_823098,predict_20260825T234501169114Z,2026-08-25T23:45:01+00:00,2026-08-25 00:00:00,823098,2026-08-26T01:40:00Z,SEA,PHI,George Kirby,Aaron Nola,0.520685915722981,0.5142857142857142,0.5307557117750439,0.0164699974893296,0.5166179207657537,0.0040679949572272,-111.0,103.0,False,,True,,eligible_no_edge,True,True,True,True,9.0,9.0,0.0022003309268496,0.0073830624837051,draftkings,DraftKings,draftkings,DraftKings,best_available_across_quoted_books,all_quoted_books,50491a98ba9ab1b1502809e59c3cd776,2026-08-25T23:45:01+00:00,model_production_20260822T054104658649Z,production,raw_lgbm,07d412ad277bbe8f898063071ca01d8415aa609d609e492a4ea040c4318fc5c4,features_20260825T225128472439Z,fb401dc56db0b73ca3235900fdffcc70a8c1b61001694bce7e97652fabffe60b,features_20260822T054058128142Z,paper
predict_20260825T234501169114Z_823181,predict_20260825T234501169114Z,2026-08-25T23:45:01+00:00,2026-08-25 00:00:00,823181,2026-08-26T01:45:00Z,SF,CIN,Adrian Houser,Brady Singer,0.5264950823171624,0.5365853658536586,0.5307557117750439,0.0058296540786146,0.5069715560513107,0.0195235262658516,-105.0,-102.0,False,,True,,eligible_no_edge,True,True,True,True,9.0,9.0,0.0025135592072866,0.0086640097036908,draftkings,DraftKings,fanduel,FanDuel,best_available_across_quoted_books,all_quoted_books,26d4c80fbedae27b50bb14b2ae483938,2026-08-25T23:45:01+00:00,model_production_20260822T054104658649Z,production,raw_lgbm,07d412ad277bbe8f898063071ca01d8415aa609d609e492a4ea040c4318fc5c4,features_20260825T225128472439Z,fb401dc56db0b73ca3235900fdffcc70a8c1b61001694bce7e97652fabffe60b,features_20260822T054058128142Z,paper
predict_20260825T234501169114Z_823016,predict_20260825T234501169114Z,2026-08-25T23:45:01+00:00,2026-08-25 00:00:00,823016,2026-08-25T23:45:00Z,STL,BAL,Matthew Liberatore,Chris Bassitt,0.4976353369118442,0.5121951219512196,0.5304990757855821,0.0183039538343624,0.5369404697342622,-0.039305132822418,-119.0,115.0,False,,True,,eligible_no_edge,True,True,True,True,9.0,9.0,0.0061711576876076,0.0224904510483882,draftkings,DraftKings,betrivers,BetRivers,best_available_across_quoted_books,all_quoted_books,928203119cbe56b5e4102e4372ff78bd,2026-08-25T23:45:01+00:00,model_production_20260822T054104658649Z,production,raw_lgbm,07d412ad277bbe8f898063071ca01d8415aa609d609e492a4ea040c4318fc5c4,features_20260825T225128472439Z,fb401dc56db0b73ca3235900fdffcc70a8c1b61001694bce7e97652fabffe60b,features_20260822T054058128142Z,paper
predict_20260825T234501169114Z_822773,predict_20260825T234501169114Z,2026-08-25T23:45:01+00:00,2026-08-25 00:00:00,822773,2026-08-25T23:07:00Z,TOR,KC,Max Scherzer,Seth Lugo,0.5613245681916004,0.5634674922600619,0.5641025641025641,0.0006350718425022,0.6548465590308981,-0.0935219908392976,-143.0,200.0,True,AWAY,True,,bet_candidate,True,True,True,True,6.0,6.0,0.0384823545332005,0.1179275779709649,mybookieag,MyBookie.ag,fanduel,FanDuel,best_available_across_quoted_books,all_quoted_books,587e76b251f060a951bfa47ee07cf6ac,2026-08-25T23:45:01+00:00,model_production_20260822T054104658649Z,production,raw_lgbm,07d412ad277bbe8f898063071ca01d8415aa609d609e492a4ea040c4318fc5c4,features_20260825T225128472439Z,fb401dc56db0b73ca3235900fdffcc70a8c1b61001694bce7e97652fabffe60b,features_20260822T054058128142Z,paper
predict_20260825T234501169114Z_822693,predict_20260825T234501169114Z,2026-08-25T23:45:01+00:00,2026-08-25 00:00:00,822693,2026-08-25T22:45:00Z,WSH,COL,Andrew Alvarez,Mason Adams,0.5875396339648427,0.5142857142857142,0.5798969072164947,0.0656111929307804,0.3675327332242226,0.22000690074062,174.0,-110.0,False,,True,,eligible_no_edge,True,True,True,True,6.0,6.0,0.0589350470609186,0.1522119369037577,draftkings,DraftKings,betmgm,BetMGM,best_available_across_quoted_books,all_quoted_books,4819f8690b221a33563af84c498578c2,2026-08-25T23:45:01+00:00,model_production_20260822T054104658649Z,production,raw_lgbm,07d412ad277bbe8f898063071ca01d8415aa609d609e492a4ea040c4318fc5c4,features_20260825T225128472439Z,fb401dc56db0b73ca3235900fdffcc70a8c1b61001694bce7e97652fabffe60b,features_20260822T054058128142Z,paper
predict_20260826T224634734970Z_825039,predict_20260826T224634734970Z,2026-08-26T22:46:34+00:00,2026-08-26 00:00:00,825039,2026-08-26T19:40:00Z,ARI,CHC,Eduardo Rodriguez,Matthew Boyd,0.4753542450209604,0.4805194805194805,0.4948905109489051,0.0143710304294246,,,,,False,,False,market_missing_or_thin,ineligible,True,True,True,False,,,,,,,,,,,,2026-08-26T22:46:34+00:00,model_production_20260822T054104658649Z,production,raw_lgbm,07d412ad277bbe8f898063071ca01d8415aa609d609e492a4ea040c4318fc5c4,features_20260825T225128472439Z,fb401dc56db0b73ca3235900fdffcc70a8c1b61001694bce7e97652fabffe60b,features_20260822T054058128142Z,paper
predict_20260826T224634734970Z_824878,predict_20260826T224634734970Z,2026-08-26T22:46:34+00:00,2026-08-26 00:00:00,824878,2026-08-26T23:15:00Z,ATL,LAD,AJ Smith-Shawver,Roki Sasaki,0.4839655990556072,0.4875621890547263,0.4948905109489051,0.0073283218941787,0.4672117470382112,0.016753852017396,112.0,-119.0,False,,True,,eligible_no_edge,True,True,True,True,9.0,9.0,0.003013769003404,0.007756905586245,fanduel,FanDuel,lowvig,LowVig.ag,best_available_across_quoted_books,all_quoted_books,04da7d827887da84da9926f799c9153d,2026-08-26T22:46:34+00:00,model_production_20260822T054104658649Z,production,raw_lgbm,07d412ad277bbe8f898063071ca01d8415aa609d609e492a4ea040c4318fc5c4,features_20260825T225128472439Z,fb401dc56db0b73ca3235900fdffcc70a8c1b61001694bce7e97652fabffe60b,features_20260822T054058128142Z,paper
predict_20260826T224634734970Z_824555,predict_20260826T224634734970Z,2026-08-26T22:46:34+00:00,2026-08-26 00:00:00,824555,2026-08-26T23:40:00Z,CWS,TEX,Sean Burke,MacKenzie Gore,0.4617612811210886,0.4805194805194805,0.4942528735632184,0.0137333930437378,0.5319879776728209,-0.0702266965517323,-118.0,110.0,True,AWAY,True,,bet_candidate,True,True,True,True,9.0,9.0,0.0022054985500961,0.0069867252220781,draftkings,DraftKings,fanduel,FanDuel,best_available_across_quoted_books,all_quoted_books,78fdc67e4f138889d4f1634cb2c5500a,2026-08-26T22:46:34+00:00,model_production_20260822T054104658649Z,production,raw_lgbm,07d412ad277bbe8f898063071ca01d8415aa609d609e492a4ea040c4318fc5c4,features_20260825T225128472439Z,fb401dc56db0b73ca3235900fdffcc70a8c1b61001694bce7e97652fabffe60b,features_20260822T054058128142Z,paper
predict_20260826T224634734970Z_824234,predict_20260826T224634734970Z,2026-08-26T22:46:34+00:00,2026-08-26 00:00:00,824234,2026-08-26T17:10:00Z,DET,TB,Troy Melton,Freddy Peralta,0.4630232993770769,0.5102040816326532,0.4942528735632184,0.0159512080694347,,,,,False,,False,market_missing_or_thin,ineligible,True,True,True,False,,,,,,,,,,,,2026-08-26T22:46:34+00:00,model_production_20260822T054104658649Z,production,raw_lgbm,07d412ad277bbe8f898063071ca01d8415aa609d609e492a4ea040c4318fc5c4,features_20260825T225128472439Z,fb401dc56db0b73ca3235900fdffcc70a8c1b61001694bce7e97652fabffe60b,features_20260822T054058128142Z,paper
predict_20260826T224634734970Z_823988,predict_20260826T224634734970Z,2026-08-26T22:46:34+00:00,2026-08-26 00:00:00,823988,2026-08-26T20:07:00Z,LAA,CLE,Grayson Rodriguez,Joey Cantillo,0.4612410914606338,0.4468085106382978,0.4942528735632184,0.0474443629249205,0.1612903225806451,0.2999507688799887,575.0,-475.0,False,,True,,eligible_no_edge,True,True,True,True,5.0,5.0,0.0274783104630373,0.0827636946152794,betrivers,BetRivers,betmgm,BetMGM,best_available_across_quoted_books,all_quoted_books,c840ffd21f721ac963c0f3d748f5db02,2026-08-26T22:46:34+00:00,model_production_20260822T054104658649Z,production,raw_lgbm,07d412ad277bbe8f898063071ca01d8415aa609d609e492a4ea040c4318fc5c4,features_20260825T225128472439Z,fb401dc56db0b73ca3235900fdffcc70a8c1b61001694bce7e97652fabffe60b,features_20260822T054058128142Z,paper
predict_20260826T224634734970Z_823825,predict_20260826T224634734970Z,2026-08-26T22:46:34+00:00,2026-08-26 00:00:00,823825,2026-08-26T22:40:00Z,MIA,BOS,Ryan Gusto,Sonny Gray,0.4890388405247157,0.4805194805194805,0.4948905109489051,0.0143710304294246,0.4796954314720812,0.0093434090526344,118.0,-103.0,False,,True,,eligible_no_edge,True,True,True,True,9.0,9.0,0.0287977355207944,0.0837883425183583,betonlineag,BetOnline.ag,betrivers,BetRivers,best_available_across_quoted_books,all_quoted_books,ee171a97363a2c6a55459f804c2d35e6,2026-08-26T22:46:34+00:00,model_production_20260822T054104658649Z,production,raw_lgbm,07d412ad277bbe8f898063071ca01d8415aa609d609e492a4ea040c4318fc5c4,features_20260825T225128472439Z,fb401dc56db0b73ca3235900fdffcc70a8c1b61001694bce7e97652fabffe60b,features_20260822T054058128142Z,paper
predict_20260826T224634734970Z_823584,predict_20260826T224634734970Z,2026-08-26T22:46:34+00:00,2026-08-26 00:00:00,823584,2026-08-26T23:10:00Z,NYM,MIL,Robert Stock,Dustin May,0.5205176488241762,0.5121951219512196,0.5307557117750439,0.0185605898238242,0.4126459112731009,0.1078717375510752,144.0,-145.0,True,HOME,True,,bet_candidate,True,True,True,True,9.0,9.0,0.0063663212726388,0.0191219591925853,draftkings,DraftKings,lowvig,LowVig.ag,best_available_across_quoted_books,all_quoted_books,821b22e0957b3177e6e950de4b55696f,2026-08-26T22:46:34+00:00,model_production_20260822T054104658649Z,production,raw_lgbm,07d412ad277bbe8f898063071ca01d8415aa609d609e492a4ea040c4318fc5c4,features_20260825T225128472439Z,fb401dc56db0b73ca3235900fdffcc70a8c1b61001694bce7e97652fabffe60b,features_20260822T054058128142Z,paper
predict_20260826T224634734970Z_823506,predict_20260826T224634734970Z,2026-08-26T22:46:34+00:00,2026-08-26 00:00:00,823506,2026-08-26T23:05:00Z,NYY,HOU,Elmer Rodriguez,Peter Lambert,0.5644039344242102,0.5904159132007233,0.5753424657534246,0.0150734474472986,0.5285423037716617,0.0358616306525485,-116.0,110.0,False,,True,,eligible_no_edge,True,True,True,True,9.0,9.0,0.0034974618307376,0.0113506919580714,draftkings,DraftKings,fanduel,FanDuel,best_available_across_quoted_books,all_quoted_books,eac892ca71681204f568fed8fae2412c,2026-08-26T22:46:34+00:00,model_production_20260822T054104658649Z,production,raw_lgbm,07d412ad277bbe8f898063071ca01d8415aa609d609e492a4ea040c4318fc5c4,features_20260825T225128472439Z,fb401dc56db0b73ca3235900fdffcc70a8c1b61001694bce7e97652fabffe60b,features_20260822T054058128142Z,paper
predict_20260826T224634734970Z_824963,predict_20260826T224634734970Z,2026-08-26T22:46:34+00:00,2026-08-26 00:00:00,824963,2026-08-27T01:05:00Z,OAK,MIN,J.T. Ginn,Connor Prielipp,0.4777197367071165,0.5102040816326532,0.4948905109489051,0.015313570683748,0.444104134762634,0.0336156019444824,125.0,-129.0,False,,True,,eligible_no_edge,True,True,True,True,9.0,9.0,0.0041501053390403,0.0148616379048355,betrivers,BetRivers,draftkings,DraftKings,best_available_across_quoted_books,all_quoted_books,d8f4d0d32572d2c5acdc10831f7b16b3,2026-08-26T22:46:34+00:00,model_production_20260822T054104658649Z,production,raw_lgbm,07d412ad277bbe8f898063071ca01d8415aa609d609e492a4ea040c4318fc5c4,features_20260825T225128472439Z,fb401dc56db0b73ca3235900fdffcc70a8c1b61001694bce7e97652fabffe60b,features_20260822T054058128142Z,paper
predict_20260826T224634734970Z_823255,predict_20260826T224634734970Z,2026-08-26T22:46:34+00:00,2026-08-26 00:00:00,823255,2026-08-26T20:10:00Z,SD,PIT,Randy Vasquez,Bubba Chandler,0.6390922300566169,0.5904159132007233,0.6186440677966102,0.0282281545958869,,,,,False,,False,market_missing_or_thin,ineligible,True,True,True,False,,,,,,,,,,,,2026-08-26T22:46:34+00:00,model_production_20260822T054104658649Z,production,raw_lgbm,07d412ad277bbe8f898063071ca01d8415aa609d609e492a4ea040c4318fc5c4,features_20260825T225128472439Z,fb401dc56db0b73ca3235900fdffcc70a8c1b61001694bce7e97652fabffe60b,features_20260822T054058128142Z,paper
predict_20260826T224634734970Z_823096,predict_20260826T224634734970Z,2026-08-26T22:46:34+00:00,2026-08-26 00:00:00,823096,2026-08-26T20:10:00Z,SEA,PHI,Bryan Woo,Jesus Luzardo,0.515025893224596,0.5142857142857142,0.5304990757855821,0.0162133614998678,,,,,False,,False,market_missing_or_thin,ineligible,True,True,True,False,,,,,,,,,,,,2026-08-26T22:46:34+00:00,model_production_20260822T054104658649Z,production,raw_lgbm,07d412ad277bbe8f898063071ca01d8415aa609d609e492a4ea040c4318fc5c4,features_20260825T225128472439Z,fb401dc56db0b73ca3235900fdffcc70a8c1b61001694bce7e97652fabffe60b,features_20260822T054058128142Z,paper
predict_20260826T224634734970Z_823180,predict_20260826T224634734970Z,2026-08-26T22:46:34+00:00,2026-08-26 00:00:00,823180,2026-08-26T19:45:00Z,SF,CIN,Logan Webb,Nick Lodolo,0.5810363132551271,0.5634674922600619,0.5798969072164947,0.0164294149564327,0.1026905829596412,0.4783457302954857,950.0,-800.0,False,,True,,eligible_no_edge,True,True,True,True,5.0,5.0,0.022601824456993,0.0587337424873597,fanduel,FanDuel,betmgm,BetMGM,best_available_across_quoted_books,all_quoted_books,d8f7f270cd38a387ce9133e82dc7b60e,2026-08-26T22:46:34+00:00,model_production_20260822T054104658649Z,production,raw_lgbm,07d412ad277bbe8f898063071ca01d8415aa609d609e492a4ea040c4318fc5c4,features_20260825T225128472439Z,fb401dc56db0b73ca3235900fdffcc70a8c1b61001694bce7e97652fabffe60b,features_20260822T054058128142Z,paper
predict_20260826T224634734970Z_823015,predict_20260826T224634734970Z,2026-08-26T22:46:34+00:00,2026-08-26 00:00:00,823015,2026-08-26T23:45:00Z,STL,BAL,Michael McGreevy,Kyle Bradish,0.5367921322998457,0.5142857142857142,0.5307557117750439,0.0164699974893296,0.4930284439486894,0.0437636883511562,100.0,-106.0,False,,True,,eligible_no_edge,True,True,True,True,9.0,9.0,0.0021356256737354,0.0061876119588502,fanduel,FanDuel,draftkings,DraftKings,best_available_across_quoted_books,all_quoted_books,18cd67572e0e03220737b61b0542a0c0,2026-08-26T22:46:34+00:00,model_production_20260822T054104658649Z,production,raw_lgbm,07d412ad277bbe8f898063071ca01d8415aa609d609e492a4ea040c4318fc5c4,features_20260825T225128472439Z,fb401dc56db0b73ca3235900fdffcc70a8c1b61001694bce7e97652fabffe60b,features_20260822T054058128142Z,paper
predict_20260826T224634734970Z_822772,predict_20260826T224634734970Z,2026-08-26T22:46:34+00:00,2026-08-26 00:00:00,822772,2026-08-26T23:07:00Z,TOR,KC,Spencer Miles,Randy Dobnak,0.555750203431296,0.5365853658536586,0.5407098121085596,0.004124446254901,0.5894160583941606,-0.0336658549628645,-148.0,143.0,False,,True,,eligible_no_edge,True,True,True,True,9.0,9.0,0.0054332722053593,0.0197279065571354,fanduel,FanDuel,betrivers,BetRivers,best_available_across_quoted_books,all_quoted_books,9fc104e94a575a09146f04bf7bbb0e32,2026-08-26T22:46:34+00:00,model_production_20260822T054104658649Z,production,raw_lgbm,07d412ad277bbe8f898063071ca01d8415aa609d609e492a4ea040c4318fc5c4,features_20260825T225128472439Z,fb401dc56db0b73ca3235900fdffcc70a8c1b61001694bce7e97652fabffe60b,features_20260822T054058128142Z,paper
predict_20260826T224634734970Z_822692,predict_20260826T224634734970Z,2026-08-26T22:46:34+00:00,2026-08-26 00:00:00,822692,2026-08-26T22:45:00Z,WSH,COL,Matt Waldron,Tanner Gordon,0.5551094949415825,0.5121951219512196,0.5407098121085596,0.0285146901573399,0.562379468921525,-0.0072699739799425,-136.0,124.0,False,,True,,eligible_no_edge,True,True,True,True,9.0,9.0,0.0049069698719136,0.0164791349752607,mybookieag,MyBookie.ag,draftkings,DraftKings,best_available_across_quoted_books,all_quoted_books,886be82de38102833fb4e1eb8d27d5c0,2026-08-26T22:46:34+00:00,model_production_20260822T054104658649Z,production,raw_lgbm,07d412ad277bbe8f898063071ca01d8415aa609d609e492a4ea040c4318fc5c4,features_20260825T225128472439Z,fb401dc56db0b73ca3235900fdffcc70a8c1b61001694bce7e97652fabffe60b,features_20260822T054058128142Z,paper
predict_20260826T224659253132Z_825039,predict_20260826T224659253132Z,2026-08-26T22:46:59+00:00,2026-08-26 00:00:00,825039,,ARI,CHC,Eduardo Rodriguez,Matthew Boyd,0.5060524711231,0.5121951219512196,0.5304990757855821,0.0183039538343624,,,,,False,,False,market_missing_or_thin;lineups_not_posted,ineligible,True,False,False,False,,,,,,,,,,,,2026-08-26T22:46:59+00:00,model_production_20260822T054104658649Z,production,raw_lgbm,07d412ad277bbe8f898063071ca01d8415aa609d609e492a4ea040c4318fc5c4,features_20260825T225128472439Z,fb401dc56db0b73ca3235900fdffcc70a8c1b61001694bce7e97652fabffe60b,features_20260822T054058128142Z,paper
predict_20260826T224659253132Z_824878,predict_20260826T224659253132Z,2026-08-26T22:46:59+00:00,2026-08-26 00:00:00,824878,2026-08-26T23:15:00Z,ATL,LAD,AJ Smith-Shawver,Roki Sasaki,0.5046168536486833,0.4875621890547263,0.5304990757855821,0.0429368867308557,0.4672117470382112,0.037405106610472,112.0,-119.0,False,,True,,eligible_no_edge,True,True,True,True,9.0,9.0,0.003013769003404,0.007756905586245,fanduel,FanDuel,lowvig,LowVig.ag,best_available_across_quoted_books,all_quoted_books,04da7d827887da84da9926f799c9153d,2026-08-26T22:46:59+00:00,model_production_20260822T054104658649Z,production,raw_lgbm,07d412ad277bbe8f898063071ca01d8415aa609d609e492a4ea040c4318fc5c4,features_20260825T225128472439Z,fb401dc56db0b73ca3235900fdffcc70a8c1b61001694bce7e97652fabffe60b,features_20260822T054058128142Z,paper
predict_20260826T224659253132Z_824555,predict_20260826T224659253132Z,2026-08-26T22:46:59+00:00,2026-08-26 00:00:00,824555,2026-08-26T23:40:00Z,CWS,TEX,Sean Burke,MacKenzie Gore,0.4617612811210886,0.4875621890547263,0.4942528735632184,0.006690684508492,0.5319879776728209,-0.0702266965517323,-118.0,110.0,True,AWAY,True,,bet_candidate,True,True,True,True,9.0,9.0,0.0022054985500961,0.0069867252220781,draftkings,DraftKings,fanduel,FanDuel,best_available_across_quoted_books,all_quoted_books,78fdc67e4f138889d4f1634cb2c5500a,2026-08-26T22:46:59+00:00,model_production_20260822T054104658649Z,production,raw_lgbm,07d412ad277bbe8f898063071ca01d8415aa609d609e492a4ea040c4318fc5c4,features_20260825T225128472439Z,fb401dc56db0b73ca3235900fdffcc70a8c1b61001694bce7e97652fabffe60b,features_20260822T054058128142Z,paper
predict_20260826T224659253132Z_824234,predict_20260826T224659253132Z,2026-08-26T22:46:59+00:00,2026-08-26 00:00:00,824234,,DET,TB,Troy Melton,Freddy Peralta,0.4786793254134939,0.5102040816326532,0.4948905109489051,0.015313570683748,,,,,False,,False,market_missing_or_thin;lineups_not_posted,ineligible,True,False,False,False,,,,,,,,,,,,2026-08-26T22:46:59+00:00,model_production_20260822T054104658649Z,production,raw_lgbm,07d412ad277bbe8f898063071ca01d8415aa609d609e492a4ea040c4318fc5c4,features_20260825T225128472439Z,fb401dc56db0b73ca3235900fdffcc70a8c1b61001694bce7e97652fabffe60b,features_20260822T054058128142Z,paper
predict_20260826T224659253132Z_823988,predict_20260826T224659253132Z,2026-08-26T22:46:59+00:00,2026-08-26 00:00:00,823988,2026-08-26T20:07:00Z,LAA,CLE,Grayson Rodriguez,Joey Cantillo,0.4430851085003022,0.4468085106382978,0.427797833935018,0.0190106767032798,0.1612903225806451,0.2817947859196571,575.0,-475.0,False,,True,,eligible_no_edge,True,True,True,True,5.0,5.0,0.0303770379932256,0.0827636946152794,betrivers,BetRivers,betmgm,BetMGM,best_available_across_quoted_books,all_quoted_books,c840ffd21f721ac963c0f3d748f5db02,2026-08-26T22:46:59+00:00,model_production_20260822T054104658649Z,production,raw_lgbm,07d412ad277bbe8f898063071ca01d8415aa609d609e492a4ea040c4318fc5c4,features_20260825T225128472439Z,fb401dc56db0b73ca3235900fdffcc70a8c1b61001694bce7e97652fabffe60b,features_20260822T054058128142Z,paper
predict_20260826T224659253132Z_823825,predict_20260826T224659253132Z,2026-08-26T22:46:59+00:00,2026-08-26 00:00:00,823825,2026-08-26T22:40:00Z,MIA,BOS,Ryan Gusto,Sonny Gray,0.4890388405247157,0.4666666666666667,0.4948905109489051,0.0282238442822384,0.4796954314720812,0.0093434090526344,118.0,-103.0,False,,True,,eligible_no_edge,True,True,True,True,9.0,9.0,0.0304953129381166,0.0837883425183583,betonlineag,BetOnline.ag,draftkings,DraftKings,best_available_across_quoted_books,all_quoted_books,ee171a97363a2c6a55459f804c2d35e6,2026-08-26T22:46:59+00:00,model_production_20260822T054104658649Z,production,raw_lgbm,07d412ad277bbe8f898063071ca01d8415aa609d609e492a4ea040c4318fc5c4,features_20260825T225128472439Z,fb401dc56db0b73ca3235900fdffcc70a8c1b61001694bce7e97652fabffe60b,features_20260822T054058128142Z,paper
predict_20260826T224659253132Z_823584,predict_20260826T224659253132Z,2026-08-26T22:46:59+00:00,2026-08-26 00:00:00,823584,2026-08-26T23:10:00Z,NYM,MIL,Robert Stock,Dustin May,0.5261488215893393,0.5121951219512196,0.5307557117750439,0.0185605898238242,0.4126459112731009,0.1135029103162383,144.0,-145.0,True,HOME,True,,bet_candidate,True,True,True,True,9.0,9.0,0.0063663212726388,0.0191219591925853,draftkings,DraftKings,lowvig,LowVig.ag,best_available_across_quoted_books,all_quoted_books,821b22e0957b3177e6e950de4b55696f,2026-08-26T22:46:59+00:00,model_production_20260822T054104658649Z,production,raw_lgbm,07d412ad277bbe8f898063071ca01d8415aa609d609e492a4ea040c4318fc5c4,features_20260825T225128472439Z,fb401dc56db0b73ca3235900fdffcc70a8c1b61001694bce7e97652fabffe60b,features_20260822T054058128142Z,paper
predict_20260826T224659253132Z_823506,predict_20260826T224659253132Z,2026-08-26T22:46:59+00:00,2026-08-26 00:00:00,823506,2026-08-26T23:05:00Z,NYY,HOU,Elmer Rodriguez,Peter Lambert,0.5324464881862411,0.5121951219512196,0.5307557117750439,0.0185605898238242,0.5285423037716617,0.0039041844145794,-116.0,110.0,False,,True,,eligible_no_edge,True,True,True,True,9.0,9.0,0.0034974618307376,0.0113506919580714,draftkings,DraftKings,fanduel,FanDuel,best_available_across_quoted_books,all_quoted_books,eac892ca71681204f568fed8fae2412c,2026-08-26T22:46:59+00:00,model_production_20260822T054104658649Z,production,raw_lgbm,07d412ad277bbe8f898063071ca01d8415aa609d609e492a4ea040c4318fc5c4,features_20260825T225128472439Z,fb401dc56db0b73ca3235900fdffcc70a8c1b61001694bce7e97652fabffe60b,features_20260822T054058128142Z,paper
predict_20260826T224659253132Z_824963,predict_20260826T224659253132Z,2026-08-26T22:46:59+00:00,2026-08-26 00:00:00,824963,2026-08-27T01:05:00Z,OAK,MIN,J.T. Ginn,Connor Prielipp,0.4734732261156684,0.5102040816326532,0.4948905109489051,0.015313570683748,0.444104134762634,0.0293690913530344,125.0,-129.0,False,,True,,eligible_no_edge,True,True,True,True,9.0,9.0,0.0041501053390403,0.0148616379048355,betrivers,BetRivers,draftkings,DraftKings,best_available_across_quoted_books,all_quoted_books,d8f4d0d32572d2c5acdc10831f7b16b3,2026-08-26T22:46:59+00:00,model_production_20260822T054104658649Z,production,raw_lgbm,07d412ad277bbe8f898063071ca01d8415aa609d609e492a4ea040c4318fc5c4,features_20260825T225128472439Z,fb401dc56db0b73ca3235900fdffcc70a8c1b61001694bce7e97652fabffe60b,features_20260822T054058128142Z,paper
predict_20260826T224659253132Z_823255,predict_20260826T224659253132Z,2026-08-26T22:46:59+00:00,2026-08-26 00:00:00,823255,2026-08-26T20:10:00Z,SD,PIT,Randy Vasquez,Bubba Chandler,0.5750936911773336,0.5904159132007233,0.5798969072164947,0.0105190059842286,,,,,False,,False,market_missing_or_thin,ineligible,True,True,True,False,,,,,,,,,,,,2026-08-26T22:46:59+00:00,model_production_20260822T054104658649Z,production,raw_lgbm,07d412ad277bbe8f898063071ca01d8415aa609d609e492a4ea040c4318fc5c4,features_20260825T225128472439Z,fb401dc56db0b73ca3235900fdffcc70a8c1b61001694bce7e97652fabffe60b,features_20260822T054058128142Z,paper
predict_20260826T224659253132Z_823096,predict_20260826T224659253132Z,2026-08-26T22:46:59+00:00,2026-08-26 00:00:00,823096,2026-08-26T20:10:00Z,SEA,PHI,Bryan Woo,Jesus Luzardo,0.5427434479634201,0.5142857142857142,0.5407098121085596,0.0264240978228453,,,,,False,,False,market_missing_or_thin,ineligible,True,True,True,False,,,,,,,,,,,,2026-08-26T22:46:59+00:00,model_production_20260822T054104658649Z,production,raw_lgbm,07d412ad277bbe8f898063071ca01d8415aa609d609e492a4ea040c4318fc5c4,features_20260825T225128472439Z,fb401dc56db0b73ca3235900fdffcc70a8c1b61001694bce7e97652fabffe60b,features_20260822T054058128142Z,paper
predict_20260826T224659253132Z_823180,predict_20260826T224659253132Z,2026-08-26T22:46:59+00:00,2026-08-26 00:00:00,823180,2026-08-26T19:45:00Z,SF,CIN,Logan Webb,Nick Lodolo,0.5834623618718353,0.5904159132007233,0.5798969072164947,0.0105190059842286,0.1256342111621164,0.4578281507097188,950.0,-800.0,False,,True,,eligible_no_edge,True,True,True,True,5.0,5.0,0.0213459540091616,0.0587337424873597,fanduel,FanDuel,betmgm,BetMGM,best_available_across_quoted_books,all_quoted_books,d8f7f270cd38a387ce9133e82dc7b60e,2026-08-26T22:46:59+00:00,model_production_20260822T054104658649Z,production,raw_lgbm,07d412ad277bbe8f898063071ca01d8415aa609d609e492a4ea040c4318fc5c4,features_20260825T225128472439Z,fb401dc56db0b73ca3235900fdffcc70a8c1b61001694bce7e97652fabffe60b,features_20260822T054058128142Z,paper
predict_20260826T224659253132Z_823015,predict_20260826T224659253132Z,2026-08-26T22:46:59+00:00,2026-08-26 00:00:00,823015,2026-08-26T23:45:00Z,STL,BAL,Michael McGreevy,Kyle Bradish,0.5119176121259141,0.5121951219512196,0.5304990757855821,0.0183039538343624,0.4930284439486894,0.0188891681772247,100.0,-106.0,False,,True,,eligible_no_edge,True,True,True,True,9.0,9.0,0.0021356256737354,0.0061876119588502,fanduel,FanDuel,draftkings,DraftKings,best_available_across_quoted_books,all_quoted_books,18cd67572e0e03220737b61b0542a0c0,2026-08-26T22:46:59+00:00,model_production_20260822T054104658649Z,production,raw_lgbm,07d412ad277bbe8f898063071ca01d8415aa609d609e492a4ea040c4318fc5c4,features_20260825T225128472439Z,fb401dc56db0b73ca3235900fdffcc70a8c1b61001694bce7e97652fabffe60b,features_20260822T054058128142Z,paper
predict_20260826T224659253132Z_822772,predict_20260826T224659253132Z,2026-08-26T22:46:59+00:00,2026-08-26 00:00:00,822772,2026-08-26T23:07:00Z,TOR,KC,Spencer Miles,Randy Dobnak,0.5529213586087399,0.5142857142857142,0.5407098121085596,0.0264240978228453,0.5894160583941606,-0.0364946997854206,-148.0,143.0,False,,True,,eligible_no_edge,True,True,True,True,9.0,9.0,0.0054332722053593,0.0197279065571354,fanduel,FanDuel,betrivers,BetRivers,best_available_across_quoted_books,all_quoted_books,9fc104e94a575a09146f04bf7bbb0e32,2026-08-26T22:46:59+00:00,model_production_20260822T054104658649Z,production,raw_lgbm,07d412ad277bbe8f898063071ca01d8415aa609d609e492a4ea040c4318fc5c4,features_20260825T225128472439Z,fb401dc56db0b73ca3235900fdffcc70a8c1b61001694bce7e97652fabffe60b,features_20260822T054058128142Z,paper
predict_20260826T224659253132Z_822692,predict_20260826T224659253132Z,2026-08-26T22:46:59+00:00,2026-08-26 00:00:00,822692,2026-08-26T22:45:00Z,WSH,COL,Matt Waldron,Tanner Gordon,0.5551094949415825,0.5121951219512196,0.5407098121085596,0.0285146901573399,0.562379468921525,-0.0072699739799425,-136.0,125.0,False,,True,,eligible_no_edge,True,True,True,True,9.0,9.0,0.0052511853450336,0.0182813817800712,mybookieag,MyBookie.ag,draftkings,DraftKings,best_available_across_quoted_books,all_quoted_books,886be82de38102833fb4e1eb8d27d5c0,2026-08-26T22:46:59+00:00,model_production_20260822T054104658649Z,production,raw_lgbm,07d412ad277bbe8f898063071ca01d8415aa609d609e492a4ea040c4318fc5c4,features_20260825T225128472439Z,fb401dc56db0b73ca3235900fdffcc70a8c1b61001694bce7e97652fabffe60b,features_20260822T054058128142Z,paper
predict_20260826T224712550846Z_825039,predict_20260826T224712550846Z,2026-08-26T22:47:12+00:00,2026-08-26 00:00:00,825039,,ARI,CHC,Eduardo Rodriguez,Matthew Boyd,0.5060524711231,0.5121951219512196,0.5304990757855821,0.0183039538343624,,,,,False,,False,market_missing_or_thin;lineups_not_posted,ineligible,True,False,False,False,,,,,,,,,,,,2026-08-26T22:47:12+00:00,model_production_20260822T054104658649Z,production,raw_lgbm,07d412ad277bbe8f898063071ca01d8415aa609d609e492a4ea040c4318fc5c4,features_20260825T225128472439Z,fb401dc56db0b73ca3235900fdffcc70a8c1b61001694bce7e97652fabffe60b,features_20260822T054058128142Z,paper
predict_20260826T224712550846Z_824878,predict_20260826T224712550846Z,2026-08-26T22:47:12+00:00,2026-08-26 00:00:00,824878,2026-08-26T23:15:00Z,ATL,LAD,AJ Smith-Shawver,Roki Sasaki,0.5046168536486833,0.4875621890547263,0.5304990757855821,0.0429368867308557,0.4672117470382112,0.037405106610472,112.0,-119.0,False,,True,,eligible_no_edge,True,True,True,True,9.0,9.0,0.003013769003404,0.007756905586245,fanduel,FanDuel,lowvig,LowVig.ag,best_available_across_quoted_books,all_quoted_books,04da7d827887da84da9926f799c9153d,2026-08-26T22:47:12+00:00,model_production_20260822T054104658649Z,production,raw_lgbm,07d412ad277bbe8f898063071ca01d8415aa609d609e492a4ea040c4318fc5c4,features_20260825T225128472439Z,fb401dc56db0b73ca3235900fdffcc70a8c1b61001694bce7e97652fabffe60b,features_20260822T054058128142Z,paper
predict_20260826T224712550846Z_824555,predict_20260826T224712550846Z,2026-08-26T22:47:12+00:00,2026-08-26 00:00:00,824555,2026-08-26T23:40:00Z,CWS,TEX,Sean Burke,MacKenzie Gore,0.4617612811210886,0.4875621890547263,0.4942528735632184,0.006690684508492,0.5319879776728209,-0.0702266965517323,-118.0,110.0,True,AWAY,True,,bet_candidate,True,True,True,True,9.0,9.0,0.0022054985500961,0.0069867252220781,draftkings,DraftKings,fanduel,FanDuel,best_available_across_quoted_books,all_quoted_books,78fdc67e4f138889d4f1634cb2c5500a,2026-08-26T22:47:12+00:00,model_production_20260822T054104658649Z,production,raw_lgbm,07d412ad277bbe8f898063071ca01d8415aa609d609e492a4ea040c4318fc5c4,features_20260825T225128472439Z,fb401dc56db0b73ca3235900fdffcc70a8c1b61001694bce7e97652fabffe60b,features_20260822T054058128142Z,paper
predict_20260826T224712550846Z_824234,predict_20260826T224712550846Z,2026-08-26T22:47:12+00:00,2026-08-26 00:00:00,824234,,DET,TB,Troy Melton,Freddy Peralta,0.4786793254134939,0.5102040816326532,0.4948905109489051,0.015313570683748,,,,,False,,False,market_missing_or_thin;lineups_not_posted,ineligible,True,False,False,False,,,,,,,,,,,,2026-08-26T22:47:12+00:00,model_production_20260822T054104658649Z,production,raw_lgbm,07d412ad277bbe8f898063071ca01d8415aa609d609e492a4ea040c4318fc5c4,features_20260825T225128472439Z,fb401dc56db0b73ca3235900fdffcc70a8c1b61001694bce7e97652fabffe60b,features_20260822T054058128142Z,paper
predict_20260826T224712550846Z_823988,predict_20260826T224712550846Z,2026-08-26T22:47:12+00:00,2026-08-26 00:00:00,823988,2026-08-26T20:07:00Z,LAA,CLE,Grayson Rodriguez,Joey Cantillo,0.4430851085003022,0.4468085106382978,0.427797833935018,0.0190106767032798,0.1612903225806451,0.2817947859196571,575.0,-475.0,False,,True,,eligible_no_edge,True,True,True,True,5.0,5.0,0.0303770379932256,0.0827636946152794,betrivers,BetRivers,betmgm,BetMGM,best_available_across_quoted_books,all_quoted_books,c840ffd21f721ac963c0f3d748f5db02,2026-08-26T22:47:12+00:00,model_production_20260822T054104658649Z,production,raw_lgbm,07d412ad277bbe8f898063071ca01d8415aa609d609e492a4ea040c4318fc5c4,features_20260825T225128472439Z,fb401dc56db0b73ca3235900fdffcc70a8c1b61001694bce7e97652fabffe60b,features_20260822T054058128142Z,paper
predict_20260826T224712550846Z_823825,predict_20260826T224712550846Z,2026-08-26T22:47:12+00:00,2026-08-26 00:00:00,823825,2026-08-26T22:40:00Z,MIA,BOS,Ryan Gusto,Sonny Gray,0.4890388405247157,0.4666666666666667,0.4948905109489051,0.0282238442822384,0.4796954314720812,0.0093434090526344,118.0,-103.0,False,,True,,eligible_no_edge,True,True,True,True,9.0,9.0,0.0304953129381166,0.0837883425183583,betonlineag,BetOnline.ag,draftkings,DraftKings,best_available_across_quoted_books,all_quoted_books,ee171a97363a2c6a55459f804c2d35e6,2026-08-26T22:47:12+00:00,model_production_20260822T054104658649Z,production,raw_lgbm,07d412ad277bbe8f898063071ca01d8415aa609d609e492a4ea040c4318fc5c4,features_20260825T225128472439Z,fb401dc56db0b73ca3235900fdffcc70a8c1b61001694bce7e97652fabffe60b,features_20260822T054058128142Z,paper
predict_20260826T224712550846Z_823584,predict_20260826T224712550846Z,2026-08-26T22:47:12+00:00,2026-08-26 00:00:00,823584,2026-08-26T23:10:00Z,NYM,MIL,Robert Stock,Dustin May,0.5261488215893393,0.5121951219512196,0.5307557117750439,0.0185605898238242,0.4126459112731009,0.1135029103162383,144.0,-145.0,True,HOME,True,,bet_candidate,True,True,True,True,9.0,9.0,0.0063663212726388,0.0191219591925853,draftkings,DraftKings,lowvig,LowVig.ag,best_available_across_quoted_books,all_quoted_books,821b22e0957b3177e6e950de4b55696f,2026-08-26T22:47:12+00:00,model_production_20260822T054104658649Z,production,raw_lgbm,07d412ad277bbe8f898063071ca01d8415aa609d609e492a4ea040c4318fc5c4,features_20260825T225128472439Z,fb401dc56db0b73ca3235900fdffcc70a8c1b61001694bce7e97652fabffe60b,features_20260822T054058128142Z,paper
predict_20260826T224712550846Z_823506,predict_20260826T224712550846Z,2026-08-26T22:47:12+00:00,2026-08-26 00:00:00,823506,2026-08-26T23:05:00Z,NYY,HOU,Elmer Rodriguez,Peter Lambert,0.5324464881862411,0.5121951219512196,0.5307557117750439,0.0185605898238242,0.5285423037716617,0.0039041844145794,-116.0,110.0,False,,True,,eligible_no_edge,True,True,True,True,9.0,9.0,0.0034974618307376,0.0113506919580714,draftkings,DraftKings,fanduel,FanDuel,best_available_across_quoted_books,all_quoted_books,eac892ca71681204f568fed8fae2412c,2026-08-26T22:47:12+00:00,model_production_20260822T054104658649Z,production,raw_lgbm,07d412ad277bbe8f898063071ca01d8415aa609d609e492a4ea040c4318fc5c4,features_20260825T225128472439Z,fb401dc56db0b73ca3235900fdffcc70a8c1b61001694bce7e97652fabffe60b,features_20260822T054058128142Z,paper
predict_20260826T224712550846Z_824963,predict_20260826T224712550846Z,2026-08-26T22:47:12+00:00,2026-08-26 00:00:00,824963,2026-08-27T01:05:00Z,OAK,MIN,J.T. Ginn,Connor Prielipp,0.4734732261156684,0.5102040816326532,0.4948905109489051,0.015313570683748,0.444104134762634,0.0293690913530344,125.0,-129.0,False,,True,,eligible_no_edge,True,True,True,True,9.0,9.0,0.0041501053390403,0.0148616379048355,betrivers,BetRivers,draftkings,DraftKings,best_available_across_quoted_books,all_quoted_books,d8f4d0d32572d2c5acdc10831f7b16b3,2026-08-26T22:47:12+00:00,model_production_20260822T054104658649Z,production,raw_lgbm,07d412ad277bbe8f898063071ca01d8415aa609d609e492a4ea040c4318fc5c4,features_20260825T225128472439Z,fb401dc56db0b73ca3235900fdffcc70a8c1b61001694bce7e97652fabffe60b,features_20260822T054058128142Z,paper
predict_20260826T224712550846Z_823255,predict_20260826T224712550846Z,2026-08-26T22:47:12+00:00,2026-08-26 00:00:00,823255,2026-08-26T20:10:00Z,SD,PIT,Randy Vasquez,Bubba Chandler,0.5750936911773336,0.5904159132007233,0.5798969072164947,0.0105190059842286,,,,,False,,False,market_missing_or_thin,ineligible,True,True,True,False,,,,,,,,,,,,2026-08-26T22:47:12+00:00,model_production_20260822T054104658649Z,production,raw_lgbm,07d412ad277bbe8f898063071ca01d8415aa609d609e492a4ea040c4318fc5c4,features_20260825T225128472439Z,fb401dc56db0b73ca3235900fdffcc70a8c1b61001694bce7e97652fabffe60b,features_20260822T054058128142Z,paper
predict_20260826T224712550846Z_823096,predict_20260826T224712550846Z,2026-08-26T22:47:12+00:00,2026-08-26 00:00:00,823096,2026-08-26T20:10:00Z,SEA,PHI,Bryan Woo,Jesus Luzardo,0.5427434479634201,0.5142857142857142,0.5407098121085596,0.0264240978228453,,,,,False,,False,market_missing_or_thin,ineligible,True,True,True,False,,,,,,,,,,,,2026-08-26T22:47:12+00:00,model_production_20260822T054104658649Z,production,raw_lgbm,07d412ad277bbe8f898063071ca01d8415aa609d609e492a4ea040c4318fc5c4,features_20260825T225128472439Z,fb401dc56db0b73ca3235900fdffcc70a8c1b61001694bce7e97652fabffe60b,features_20260822T054058128142Z,paper
predict_20260826T224712550846Z_823180,predict_20260826T224712550846Z,2026-08-26T22:47:12+00:00,2026-08-26 00:00:00,823180,2026-08-26T19:45:00Z,SF,CIN,Logan Webb,Nick Lodolo,0.5834623618718353,0.5904159132007233,0.5798969072164947,0.0105190059842286,0.1256342111621164,0.4578281507097188,950.0,-800.0,False,,True,,eligible_no_edge,True,True,True,True,5.0,5.0,0.0213459540091616,0.0587337424873597,fanduel,FanDuel,betmgm,BetMGM,best_available_across_quoted_books,all_quoted_books,d8f7f270cd38a387ce9133e82dc7b60e,2026-08-26T22:47:12+00:00,model_production_20260822T054104658649Z,production,raw_lgbm,07d412ad277bbe8f898063071ca01d8415aa609d609e492a4ea040c4318fc5c4,features_20260825T225128472439Z,fb401dc56db0b73ca3235900fdffcc70a8c1b61001694bce7e97652fabffe60b,features_20260822T054058128142Z,paper
predict_20260826T224712550846Z_823015,predict_20260826T224712550846Z,2026-08-26T22:47:12+00:00,2026-08-26 00:00:00,823015,2026-08-26T23:45:00Z,STL,BAL,Michael McGreevy,Kyle Bradish,0.5119176121259141,0.5121951219512196,0.5304990757855821,0.0183039538343624,0.4930284439486894,0.0188891681772247,100.0,-106.0,False,,True,,eligible_no_edge,True,True,True,True,9.0,9.0,0.0021356256737354,0.0061876119588502,fanduel,FanDuel,draftkings,DraftKings,best_available_across_quoted_books,all_quoted_books,18cd67572e0e03220737b61b0542a0c0,2026-08-26T22:47:12+00:00,model_production_20260822T054104658649Z,production,raw_lgbm,07d412ad277bbe8f898063071ca01d8415aa609d609e492a4ea040c4318fc5c4,features_20260825T225128472439Z,fb401dc56db0b73ca3235900fdffcc70a8c1b61001694bce7e97652fabffe60b,features_20260822T054058128142Z,paper
predict_20260826T224712550846Z_822772,predict_20260826T224712550846Z,2026-08-26T22:47:12+00:00,2026-08-26 00:00:00,822772,2026-08-26T23:07:00Z,TOR,KC,Spencer Miles,Randy Dobnak,0.5529213586087399,0.5142857142857142,0.5407098121085596,0.0264240978228453,0.5894160583941606,-0.0364946997854206,-148.0,143.0,False,,True,,eligible_no_edge,True,True,True,True,9.0,9.0,0.0054332722053593,0.0197279065571354,fanduel,FanDuel,betrivers,BetRivers,best_available_across_quoted_books,all_quoted_books,9fc104e94a575a09146f04bf7bbb0e32,2026-08-26T22:47:12+00:00,model_production_20260822T054104658649Z,production,raw_lgbm,07d412ad277bbe8f898063071ca01d8415aa609d609e492a4ea040c4318fc5c4,features_20260825T225128472439Z,fb401dc56db0b73ca3235900fdffcc70a8c1b61001694bce7e97652fabffe60b,features_20260822T054058128142Z,paper
predict_20260826T224712550846Z_822692,predict_20260826T224712550846Z,2026-08-26T22:47:12+00:00,2026-08-26 00:00:00,822692,2026-08-26T22:45:00Z,WSH,COL,Matt Waldron,Tanner Gordon,0.5551094949415825,0.5121951219512196,0.5407098121085596,0.0285146901573399,0.562379468921525,-0.0072699739799425,-136.0,125.0,False,,True,,eligible_no_edge,True,True,True,True,9.0,9.0,0.0052511853450336,0.0182813817800712,mybookieag,MyBookie.ag,draftkings,DraftKings,best_available_across_quoted_books,all_quoted_books,886be82de38102833fb4e1eb8d27d5c0,2026-08-26T22:47:12+00:00,model_production_20260822T054104658649Z,production,raw_lgbm,07d412ad277bbe8f898063071ca01d8415aa609d609e492a4ea040c4318fc5c4,features_20260825T225128472439Z,fb401dc56db0b73ca3235900fdffcc70a8c1b61001694bce7e97652fabffe60b,features_20260822T054058128142Z,paper
predict_20260826T224726084588Z_825039,predict_20260826T224726084588Z,2026-08-26T22:47:26+00:00,2026-08-26 00:00:00,825039,,ARI,CHC,Eduardo Rodriguez,Matthew Boyd,0.5060524711231,0.5121951219512196,0.5304990757855821,0.0183039538343624,,,,,False,,False,market_missing_or_thin;lineups_not_posted,ineligible,True,False,False,False,,,,,,,,,,,,2026-08-26T22:47:26+00:00,model_production_20260822T054104658649Z,production,raw_lgbm,07d412ad277bbe8f898063071ca01d8415aa609d609e492a4ea040c4318fc5c4,features_20260825T225128472439Z,fb401dc56db0b73ca3235900fdffcc70a8c1b61001694bce7e97652fabffe60b,features_20260822T054058128142Z,paper
predict_20260826T224726084588Z_824878,predict_20260826T224726084588Z,2026-08-26T22:47:26+00:00,2026-08-26 00:00:00,824878,2026-08-26T23:15:00Z,ATL,LAD,AJ Smith-Shawver,Roki Sasaki,0.5046168536486833,0.4875621890547263,0.5304990757855821,0.0429368867308557,0.4672117470382112,0.037405106610472,112.0,-119.0,False,,True,,eligible_no_edge,True,True,True,True,9.0,9.0,0.003013769003404,0.007756905586245,fanduel,FanDuel,lowvig,LowVig.ag,best_available_across_quoted_books,all_quoted_books,04da7d827887da84da9926f799c9153d,2026-08-26T22:47:26+00:00,model_production_20260822T054104658649Z,production,raw_lgbm,07d412ad277bbe8f898063071ca01d8415aa609d609e492a4ea040c4318fc5c4,features_20260825T225128472439Z,fb401dc56db0b73ca3235900fdffcc70a8c1b61001694bce7e97652fabffe60b,features_20260822T054058128142Z,paper
predict_20260826T224726084588Z_824555,predict_20260826T224726084588Z,2026-08-26T22:47:26+00:00,2026-08-26 00:00:00,824555,2026-08-26T23:40:00Z,CWS,TEX,Sean Burke,MacKenzie Gore,0.4617612811210886,0.4875621890547263,0.4942528735632184,0.006690684508492,0.5319879776728209,-0.0702266965517323,-118.0,110.0,True,AWAY,True,,bet_candidate,True,True,True,True,9.0,9.0,0.0022054985500961,0.0069867252220781,draftkings,DraftKings,fanduel,FanDuel,best_available_across_quoted_books,all_quoted_books,78fdc67e4f138889d4f1634cb2c5500a,2026-08-26T22:47:26+00:00,model_production_20260822T054104658649Z,production,raw_lgbm,07d412ad277bbe8f898063071ca01d8415aa609d609e492a4ea040c4318fc5c4,features_20260825T225128472439Z,fb401dc56db0b73ca3235900fdffcc70a8c1b61001694bce7e97652fabffe60b,features_20260822T054058128142Z,paper
predict_20260826T224726084588Z_824234,predict_20260826T224726084588Z,2026-08-26T22:47:26+00:00,2026-08-26 00:00:00,824234,,DET,TB,Troy Melton,Freddy Peralta,0.4786793254134939,0.5102040816326532,0.4948905109489051,0.015313570683748,,,,,False,,False,market_missing_or_thin;lineups_not_posted,ineligible,True,False,False,False,,,,,,,,,,,,2026-08-26T22:47:26+00:00,model_production_20260822T054104658649Z,production,raw_lgbm,07d412ad277bbe8f898063071ca01d8415aa609d609e492a4ea040c4318fc5c4,features_20260825T225128472439Z,fb401dc56db0b73ca3235900fdffcc70a8c1b61001694bce7e97652fabffe60b,features_20260822T054058128142Z,paper
predict_20260826T224726084588Z_823988,predict_20260826T224726084588Z,2026-08-26T22:47:26+00:00,2026-08-26 00:00:00,823988,2026-08-26T20:07:00Z,LAA,CLE,Grayson Rodriguez,Joey Cantillo,0.4430851085003022,0.4468085106382978,0.427797833935018,0.0190106767032798,0.15625,0.2868351085003022,600.0,-476.0,False,,True,,eligible_no_edge,True,True,True,True,5.0,5.0,0.0237373190034037,0.061880712884511,fanduel,FanDuel,draftkings,DraftKings,best_available_across_quoted_books,all_quoted_books,c840ffd21f721ac963c0f3d748f5db02,2026-08-26T22:47:26+00:00,model_production_20260822T054104658649Z,production,raw_lgbm,07d412ad277bbe8f898063071ca01d8415aa609d609e492a4ea040c4318fc5c4,features_20260825T225128472439Z,fb401dc56db0b73ca3235900fdffcc70a8c1b61001694bce7e97652fabffe60b,features_20260822T054058128142Z,paper
predict_20260826T224726084588Z_823825,predict_20260826T224726084588Z,2026-08-26T22:47:26+00:00,2026-08-26 00:00:00,823825,2026-08-26T22:40:00Z,MIA,BOS,Ryan Gusto,Sonny Gray,0.4890388405247157,0.4666666666666667,0.4948905109489051,0.0282238442822384,0.4861937128292268,0.0028451276954888,118.0,102.0,False,,True,,eligible_no_edge,True,True,True,True,9.0,9.0,0.0316098980983472,0.0921963133753975,betonlineag,BetOnline.ag,betrivers,BetRivers,best_available_across_quoted_books,all_quoted_books,ee171a97363a2c6a55459f804c2d35e6,2026-08-26T22:47:26+00:00,model_production_20260822T054104658649Z,production,raw_lgbm,07d412ad277bbe8f898063071ca01d8415aa609d609e492a4ea040c4318fc5c4,features_20260825T225128472439Z,fb401dc56db0b73ca3235900fdffcc70a8c1b61001694bce7e97652fabffe60b,features_20260822T054058128142Z,paper
predict_20260826T224726084588Z_823584,predict_20260826T224726084588Z,2026-08-26T22:47:26+00:00,2026-08-26 00:00:00,823584,2026-08-26T23:10:00Z,NYM,MIL,Robert Stock,Dustin May,0.5261488215893393,0.5121951219512196,0.5307557117750439,0.0185605898238242,0.4126459112731009,0.1135029103162383,144.0,-145.0,True,HOME,True,,bet_candidate,True,True,True,True,9.0,9.0,0.0063663212726388,0.0191219591925853,draftkings,DraftKings,lowvig,LowVig.ag,best_available_across_quoted_books,all_quoted_books,821b22e0957b3177e6e950de4b55696f,2026-08-26T22:47:26+00:00,model_production_20260822T054104658649Z,production,raw_lgbm,07d412ad277bbe8f898063071ca01d8415aa609d609e492a4ea040c4318fc5c4,features_20260825T225128472439Z,fb401dc56db0b73ca3235900fdffcc70a8c1b61001694bce7e97652fabffe60b,features_20260822T054058128142Z,paper
predict_20260826T224726084588Z_823506,predict_20260826T224726084588Z,2026-08-26T22:47:26+00:00,2026-08-26 00:00:00,823506,2026-08-26T23:05:00Z,NYY,HOU,Elmer Rodriguez,Peter Lambert,0.5324464881862411,0.5121951219512196,0.5307557117750439,0.0185605898238242,0.5285423037716617,0.0039041844145794,-116.0,110.0,False,,True,,eligible_no_edge,True,True,True,True,9.0,9.0,0.0034974618307376,0.0113506919580714,draftkings,DraftKings,fanduel,FanDuel,best_available_across_quoted_books,all_quoted_books,eac892ca71681204f568fed8fae2412c,2026-08-26T22:47:26+00:00,model_production_20260822T054104658649Z,production,raw_lgbm,07d412ad277bbe8f898063071ca01d8415aa609d609e492a4ea040c4318fc5c4,features_20260825T225128472439Z,fb401dc56db0b73ca3235900fdffcc70a8c1b61001694bce7e97652fabffe60b,features_20260822T054058128142Z,paper
predict_20260826T224726084588Z_824963,predict_20260826T224726084588Z,2026-08-26T22:47:26+00:00,2026-08-26 00:00:00,824963,2026-08-27T01:05:00Z,OAK,MIN,J.T. Ginn,Connor Prielipp,0.4734732261156684,0.5102040816326532,0.4948905109489051,0.015313570683748,0.444104134762634,0.0293690913530344,125.0,-129.0,False,,True,,eligible_no_edge,True,True,True,True,9.0,9.0,0.0041501053390403,0.0148616379048355,betrivers,BetRivers,draftkings,DraftKings,best_available_across_quoted_books,all_quoted_books,d8f4d0d32572d2c5acdc10831f7b16b3,2026-08-26T22:47:26+00:00,model_production_20260822T054104658649Z,production,raw_lgbm,07d412ad277bbe8f898063071ca01d8415aa609d609e492a4ea040c4318fc5c4,features_20260825T225128472439Z,fb401dc56db0b73ca3235900fdffcc70a8c1b61001694bce7e97652fabffe60b,features_20260822T054058128142Z,paper
predict_20260826T224726084588Z_823255,predict_20260826T224726084588Z,2026-08-26T22:47:26+00:00,2026-08-26 00:00:00,823255,2026-08-26T20:10:00Z,SD,PIT,Randy Vasquez,Bubba Chandler,0.5750936911773336,0.5904159132007233,0.5798969072164947,0.0105190059842286,,,,,False,,False,market_missing_or_thin,ineligible,True,True,True,False,,,,,,,,,,,,2026-08-26T22:47:26+00:00,model_production_20260822T054104658649Z,production,raw_lgbm,07d412ad277bbe8f898063071ca01d8415aa609d609e492a4ea040c4318fc5c4,features_20260825T225128472439Z,fb401dc56db0b73ca3235900fdffcc70a8c1b61001694bce7e97652fabffe60b,features_20260822T054058128142Z,paper
predict_20260826T224726084588Z_823096,predict_20260826T224726084588Z,2026-08-26T22:47:26+00:00,2026-08-26 00:00:00,823096,2026-08-26T20:10:00Z,SEA,PHI,Bryan Woo,Jesus Luzardo,0.5427434479634201,0.5142857142857142,0.5407098121085596,0.0264240978228453,,,,,False,,False,market_missing_or_thin,ineligible,True,True,True,False,,,,,,,,,,,,2026-08-26T22:47:26+00:00,model_production_20260822T054104658649Z,production,raw_lgbm,07d412ad277bbe8f898063071ca01d8415aa609d609e492a4ea040c4318fc5c4,features_20260825T225128472439Z,fb401dc56db0b73ca3235900fdffcc70a8c1b61001694bce7e97652fabffe60b,features_20260822T054058128142Z,paper
predict_20260826T224726084588Z_823180,predict_20260826T224726084588Z,2026-08-26T22:47:26+00:00,2026-08-26 00:00:00,823180,2026-08-26T19:45:00Z,SF,CIN,Logan Webb,Nick Lodolo,0.5834623618718353,0.5904159132007233,0.5798969072164947,0.0105190059842286,0.1256342111621164,0.4578281507097188,950.0,-800.0,False,,True,,eligible_no_edge,True,True,True,True,5.0,5.0,0.0212139688270013,0.064086106448109,fanduel,FanDuel,betmgm,BetMGM,best_available_across_quoted_books,all_quoted_books,d8f7f270cd38a387ce9133e82dc7b60e,2026-08-26T22:47:26+00:00,model_production_20260822T054104658649Z,production,raw_lgbm,07d412ad277bbe8f898063071ca01d8415aa609d609e492a4ea040c4318fc5c4,features_20260825T225128472439Z,fb401dc56db0b73ca3235900fdffcc70a8c1b61001694bce7e97652fabffe60b,features_20260822T054058128142Z,paper
predict_20260826T224726084588Z_823015,predict_20260826T224726084588Z,2026-08-26T22:47:26+00:00,2026-08-26 00:00:00,823015,2026-08-26T23:45:00Z,STL,BAL,Michael McGreevy,Kyle Bradish,0.5119176121259141,0.5121951219512196,0.5304990757855821,0.0183039538343624,0.4930284439486894,0.0188891681772247,100.0,-106.0,False,,True,,eligible_no_edge,True,True,True,True,9.0,9.0,0.0021356256737354,0.0061876119588502,fanduel,FanDuel,draftkings,DraftKings,best_available_across_quoted_books,all_quoted_books,18cd67572e0e03220737b61b0542a0c0,2026-08-26T22:47:26+00:00,model_production_20260822T054104658649Z,production,raw_lgbm,07d412ad277bbe8f898063071ca01d8415aa609d609e492a4ea040c4318fc5c4,features_20260825T225128472439Z,fb401dc56db0b73ca3235900fdffcc70a8c1b61001694bce7e97652fabffe60b,features_20260822T054058128142Z,paper
predict_20260826T224726084588Z_822772,predict_20260826T224726084588Z,2026-08-26T22:47:26+00:00,2026-08-26 00:00:00,822772,2026-08-26T23:07:00Z,TOR,KC,Spencer Miles,Randy Dobnak,0.5529213586087399,0.5142857142857142,0.5407098121085596,0.0264240978228453,0.5894160583941606,-0.0364946997854206,-148.0,143.0,False,,True,,eligible_no_edge,True,True,True,True,9.0,9.0,0.0054332722053593,0.0197279065571354,fanduel,FanDuel,betrivers,BetRivers,best_available_across_quoted_books,all_quoted_books,9fc104e94a575a09146f04bf7bbb0e32,2026-08-26T22:47:26+00:00,model_production_20260822T054104658649Z,production,raw_lgbm,07d412ad277bbe8f898063071ca01d8415aa609d609e492a4ea040c4318fc5c4,features_20260825T225128472439Z,fb401dc56db0b73ca3235900fdffcc70a8c1b61001694bce7e97652fabffe60b,features_20260822T054058128142Z,paper
predict_20260826T224726084588Z_822692,predict_20260826T224726084588Z,2026-08-26T22:47:26+00:00,2026-08-26 00:00:00,822692,2026-08-26T22:45:00Z,WSH,COL,Matt Waldron,Tanner Gordon,0.5551094949415825,0.5121951219512196,0.5407098121085596,0.0285146901573399,0.562379468921525,-0.0072699739799425,-117.0,125.0,False,,True,,eligible_no_edge,True,True,True,True,9.0,9.0,0.0206104837486551,0.0726179869167594,betrivers,BetRivers,draftkings,DraftKings,best_available_across_quoted_books,all_quoted_books,886be82de38102833fb4e1eb8d27d5c0,2026-08-26T22:47:26+00:00,model_production_20260822T054104658649Z,production,raw_lgbm,07d412ad277bbe8f898063071ca01d8415aa609d609e492a4ea040c4318fc5c4,features_20260825T225128472439Z,fb401dc56db0b73ca3235900fdffcc70a8c1b61001694bce7e97652fabffe60b,features_20260822T054058128142Z,paper
predict_20260826T224739424004Z_825039,predict_20260826T224739424004Z,2026-08-26T22:47:39+00:00,2026-08-26 00:00:00,825039,,ARI,CHC,Eduardo Rodriguez,Matthew Boyd,0.5060524711231,0.5121951219512196,0.5304990757855821,0.0183039538343624,,,,,False,,False,market_missing_or_thin;lineups_not_posted,ineligible,True,False,False,False,,,,,,,,,,,,2026-08-26T22:47:39+00:00,model_production_20260822T054104658649Z,production,raw_lgbm,07d412ad277bbe8f898063071ca01d8415aa609d609e492a4ea040c4318fc5c4,features_20260825T225128472439Z,fb401dc56db0b73ca3235900fdffcc70a8c1b61001694bce7e97652fabffe60b,features_20260822T054058128142Z,paper
predict_20260826T224739424004Z_824878,predict_20260826T224739424004Z,2026-08-26T22:47:39+00:00,2026-08-26 00:00:00,824878,2026-08-26T23:15:00Z,ATL,LAD,AJ Smith-Shawver,Roki Sasaki,0.5046168536486833,0.4875621890547263,0.5304990757855821,0.0429368867308557,0.4672117470382112,0.037405106610472,112.0,-119.0,False,,True,,eligible_no_edge,True,True,True,True,9.0,9.0,0.003013769003404,0.007756905586245,fanduel,FanDuel,lowvig,LowVig.ag,best_available_across_quoted_books,all_quoted_books,04da7d827887da84da9926f799c9153d,2026-08-26T22:47:39+00:00,model_production_20260822T054104658649Z,production,raw_lgbm,07d412ad277bbe8f898063071ca01d8415aa609d609e492a4ea040c4318fc5c4,features_20260825T225128472439Z,fb401dc56db0b73ca3235900fdffcc70a8c1b61001694bce7e97652fabffe60b,features_20260822T054058128142Z,paper
predict_20260826T224739424004Z_824555,predict_20260826T224739424004Z,2026-08-26T22:47:39+00:00,2026-08-26 00:00:00,824555,2026-08-26T23:40:00Z,CWS,TEX,Sean Burke,MacKenzie Gore,0.4617612811210886,0.4875621890547263,0.4942528735632184,0.006690684508492,0.5319879776728209,-0.0702266965517323,-118.0,110.0,True,AWAY,True,,bet_candidate,True,True,True,True,9.0,9.0,0.0022054985500961,0.0069867252220781,draftkings,DraftKings,fanduel,FanDuel,best_available_across_quoted_books,all_quoted_books,78fdc67e4f138889d4f1634cb2c5500a,2026-08-26T22:47:39+00:00,model_production_20260822T054104658649Z,production,raw_lgbm,07d412ad277bbe8f898063071ca01d8415aa609d609e492a4ea040c4318fc5c4,features_20260825T225128472439Z,fb401dc56db0b73ca3235900fdffcc70a8c1b61001694bce7e97652fabffe60b,features_20260822T054058128142Z,paper
predict_20260826T224739424004Z_824234,predict_20260826T224739424004Z,2026-08-26T22:47:39+00:00,2026-08-26 00:00:00,824234,,DET,TB,Troy Melton,Freddy Peralta,0.4786793254134939,0.5102040816326532,0.4948905109489051,0.015313570683748,,,,,False,,False,market_missing_or_thin;lineups_not_posted,ineligible,True,False,False,False,,,,,,,,,,,,2026-08-26T22:47:39+00:00,model_production_20260822T054104658649Z,production,raw_lgbm,07d412ad277bbe8f898063071ca01d8415aa609d609e492a4ea040c4318fc5c4,features_20260825T225128472439Z,fb401dc56db0b73ca3235900fdffcc70a8c1b61001694bce7e97652fabffe60b,features_20260822T054058128142Z,paper
predict_20260826T224739424004Z_823988,predict_20260826T224739424004Z,2026-08-26T22:47:39+00:00,2026-08-26 00:00:00,823988,2026-08-26T20:07:00Z,LAA,CLE,Grayson Rodriguez,Joey Cantillo,0.4430851085003022,0.4468085106382978,0.427797833935018,0.0190106767032798,0.1805734036424868,0.2625117048578154,550.0,-480.0,False,,True,,eligible_no_edge,True,True,True,True,5.0,5.0,0.0184112681557165,0.0486454710233674,betmgm,BetMGM,fanduel,FanDuel,best_available_across_quoted_books,all_quoted_books,c840ffd21f721ac963c0f3d748f5db02,2026-08-26T22:47:39+00:00,model_production_20260822T054104658649Z,production,raw_lgbm,07d412ad277bbe8f898063071ca01d8415aa609d609e492a4ea040c4318fc5c4,features_20260825T225128472439Z,fb401dc56db0b73ca3235900fdffcc70a8c1b61001694bce7e97652fabffe60b,features_20260822T054058128142Z,paper
predict_20260826T224739424004Z_823825,predict_20260826T224739424004Z,2026-08-26T22:47:39+00:00,2026-08-26 00:00:00,823825,2026-08-26T22:40:00Z,MIA,BOS,Ryan Gusto,Sonny Gray,0.4890388405247157,0.4666666666666667,0.4948905109489051,0.0282238442822384,0.4861937128292268,0.0028451276954888,118.0,105.0,False,,True,,eligible_no_edge,True,True,True,True,9.0,9.0,0.0329231234775142,0.0921963133753975,betonlineag,BetOnline.ag,fanduel,FanDuel,best_available_across_quoted_books,all_quoted_books,ee171a97363a2c6a55459f804c2d35e6,2026-08-26T22:47:39+00:00,model_production_20260822T054104658649Z,production,raw_lgbm,07d412ad277bbe8f898063071ca01d8415aa609d609e492a4ea040c4318fc5c4,features_20260825T225128472439Z,fb401dc56db0b73ca3235900fdffcc70a8c1b61001694bce7e97652fabffe60b,features_20260822T054058128142Z,paper
predict_20260826T224739424004Z_823584,predict_20260826T224739424004Z,2026-08-26T22:47:39+00:00,2026-08-26 00:00:00,823584,2026-08-26T23:10:00Z,NYM,MIL,Robert Stock,Dustin May,0.5261488215893393,0.5121951219512196,0.5307557117750439,0.0185605898238242,0.4126459112731009,0.1135029103162383,144.0,-145.0,True,HOME,True,,bet_candidate,True,True,True,True,9.0,9.0,0.0063663212726388,0.0191219591925853,draftkings,DraftKings,lowvig,LowVig.ag,best_available_across_quoted_books,all_quoted_books,821b22e0957b3177e6e950de4b55696f,2026-08-26T22:47:39+00:00,model_production_20260822T054104658649Z,production,raw_lgbm,07d412ad277bbe8f898063071ca01d8415aa609d609e492a4ea040c4318fc5c4,features_20260825T225128472439Z,fb401dc56db0b73ca3235900fdffcc70a8c1b61001694bce7e97652fabffe60b,features_20260822T054058128142Z,paper
predict_20260826T224739424004Z_823506,predict_20260826T224739424004Z,2026-08-26T22:47:39+00:00,2026-08-26 00:00:00,823506,2026-08-26T23:05:00Z,NYY,HOU,Elmer Rodriguez,Peter Lambert,0.5324464881862411,0.5121951219512196,0.5307557117750439,0.0185605898238242,0.5285423037716617,0.0039041844145794,-116.0,110.0,False,,True,,eligible_no_edge,True,True,True,True,9.0,9.0,0.0034974618307376,0.0113506919580714,draftkings,DraftKings,fanduel,FanDuel,best_available_across_quoted_books,all_quoted_books,eac892ca71681204f568fed8fae2412c,2026-08-26T22:47:39+00:00,model_production_20260822T054104658649Z,production,raw_lgbm,07d412ad277bbe8f898063071ca01d8415aa609d609e492a4ea040c4318fc5c4,features_20260825T225128472439Z,fb401dc56db0b73ca3235900fdffcc70a8c1b61001694bce7e97652fabffe60b,features_20260822T054058128142Z,paper
predict_20260826T224739424004Z_824963,predict_20260826T224739424004Z,2026-08-26T22:47:39+00:00,2026-08-26 00:00:00,824963,2026-08-27T01:05:00Z,OAK,MIN,J.T. Ginn,Connor Prielipp,0.4734732261156684,0.5102040816326532,0.4948905109489051,0.015313570683748,0.444104134762634,0.0293690913530344,125.0,-129.0,False,,True,,eligible_no_edge,True,True,True,True,9.0,9.0,0.0041501053390403,0.0148616379048355,betrivers,BetRivers,draftkings,DraftKings,best_available_across_quoted_books,all_quoted_books,d8f4d0d32572d2c5acdc10831f7b16b3,2026-08-26T22:47:39+00:00,model_production_20260822T054104658649Z,production,raw_lgbm,07d412ad277bbe8f898063071ca01d8415aa609d609e492a4ea040c4318fc5c4,features_20260825T225128472439Z,fb401dc56db0b73ca3235900fdffcc70a8c1b61001694bce7e97652fabffe60b,features_20260822T054058128142Z,paper
predict_20260826T224739424004Z_823255,predict_20260826T224739424004Z,2026-08-26T22:47:39+00:00,2026-08-26 00:00:00,823255,2026-08-26T20:10:00Z,SD,PIT,Randy Vasquez,Bubba Chandler,0.5750936911773336,0.5904159132007233,0.5798969072164947,0.0105190059842286,,,,,False,,False,market_missing_or_thin,ineligible,True,True,True,False,,,,,,,,,,,,2026-08-26T22:47:39+00:00,model_production_20260822T054104658649Z,production,raw_lgbm,07d412ad277bbe8f898063071ca01d8415aa609d609e492a4ea040c4318fc5c4,features_20260825T225128472439Z,fb401dc56db0b73ca3235900fdffcc70a8c1b61001694bce7e97652fabffe60b,features_20260822T054058128142Z,paper
predict_20260826T224739424004Z_823096,predict_20260826T224739424004Z,2026-08-26T22:47:39+00:00,2026-08-26 00:00:00,823096,2026-08-26T20:10:00Z,SEA,PHI,Bryan Woo,Jesus Luzardo,0.5427434479634201,0.5142857142857142,0.5407098121085596,0.0264240978228453,,,,,False,,False,market_missing_or_thin,ineligible,True,True,True,False,,,,,,,,,,,,2026-08-26T22:47:39+00:00,model_production_20260822T054104658649Z,production,raw_lgbm,07d412ad277bbe8f898063071ca01d8415aa609d609e492a4ea040c4318fc5c4,features_20260825T225128472439Z,fb401dc56db0b73ca3235900fdffcc70a8c1b61001694bce7e97652fabffe60b,features_20260822T054058128142Z,paper
predict_20260826T224739424004Z_823180,predict_20260826T224739424004Z,2026-08-26T22:47:39+00:00,2026-08-26 00:00:00,823180,2026-08-26T19:45:00Z,SF,CIN,Logan Webb,Nick Lodolo,0.5834623618718353,0.5904159132007233,0.5798969072164947,0.0105190059842286,0.1256342111621164,0.4578281507097188,850.0,-800.0,False,,True,,eligible_no_edge,True,True,True,True,5.0,5.0,0.0185382373553829,0.0545239503252513,fanduel,FanDuel,betmgm,BetMGM,best_available_across_quoted_books,all_quoted_books,d8f7f270cd38a387ce9133e82dc7b60e,2026-08-26T22:47:39+00:00,model_production_20260822T054104658649Z,production,raw_lgbm,07d412ad277bbe8f898063071ca01d8415aa609d609e492a4ea040c4318fc5c4,features_20260825T225128472439Z,fb401dc56db0b73ca3235900fdffcc70a8c1b61001694bce7e97652fabffe60b,features_20260822T054058128142Z,paper
predict_20260826T224739424004Z_823015,predict_20260826T224739424004Z,2026-08-26T22:47:39+00:00,2026-08-26 00:00:00,823015,2026-08-26T23:45:00Z,STL,BAL,Michael McGreevy,Kyle Bradish,0.5119176121259141,0.5121951219512196,0.5304990757855821,0.0183039538343624,0.4930284439486894,0.0188891681772247,100.0,-106.0,False,,True,,eligible_no_edge,True,True,True,True,9.0,9.0,0.0021356256737354,0.0061876119588502,fanduel,FanDuel,draftkings,DraftKings,best_available_across_quoted_books,all_quoted_books,18cd67572e0e03220737b61b0542a0c0,2026-08-26T22:47:39+00:00,model_production_20260822T054104658649Z,production,raw_lgbm,07d412ad277bbe8f898063071ca01d8415aa609d609e492a4ea040c4318fc5c4,features_20260825T225128472439Z,fb401dc56db0b73ca3235900fdffcc70a8c1b61001694bce7e97652fabffe60b,features_20260822T054058128142Z,paper
predict_20260826T224739424004Z_822772,predict_20260826T224739424004Z,2026-08-26T22:47:39+00:00,2026-08-26 00:00:00,822772,2026-08-26T23:07:00Z,TOR,KC,Spencer Miles,Randy Dobnak,0.5529213586087399,0.5142857142857142,0.5407098121085596,0.0264240978228453,0.5894160583941606,-0.0364946997854206,-148.0,143.0,False,,True,,eligible_no_edge,True,True,True,True,9.0,9.0,0.0054332722053593,0.0197279065571354,fanduel,FanDuel,betrivers,BetRivers,best_available_across_quoted_books,all_quoted_books,9fc104e94a575a09146f04bf7bbb0e32,2026-08-26T22:47:39+00:00,model_production_20260822T054104658649Z,production,raw_lgbm,07d412ad277bbe8f898063071ca01d8415aa609d609e492a4ea040c4318fc5c4,features_20260825T225128472439Z,fb401dc56db0b73ca3235900fdffcc70a8c1b61001694bce7e97652fabffe60b,features_20260822T054058128142Z,paper
predict_20260826T224739424004Z_822692,predict_20260826T224739424004Z,2026-08-26T22:47:39+00:00,2026-08-26 00:00:00,822692,2026-08-26T22:45:00Z,WSH,COL,Matt Waldron,Tanner Gordon,0.5551094949415825,0.5121951219512196,0.5407098121085596,0.0285146901573399,0.5563770794824399,-0.0012675845408574,-110.0,123.0,False,,True,,eligible_no_edge,True,True,True,True,9.0,9.0,0.025431635119959,0.0671006016515076,fanduel,FanDuel,betonlineag,BetOnline.ag,best_available_across_quoted_books,all_quoted_books,886be82de38102833fb4e1eb8d27d5c0,2026-08-26T22:47:39+00:00,model_production_20260822T054104658649Z,production,raw_lgbm,07d412ad277bbe8f898063071ca01d8415aa609d609e492a4ea040c4318fc5c4,features_20260825T225128472439Z,fb401dc56db0b73ca3235900fdffcc70a8c1b61001694bce7e97652fabffe60b,features_20260822T054058128142Z,paper
predict_20260826T224753320497Z_825039,predict_20260826T224753320497Z,2026-08-26T22:47:53+00:00,2026-08-26 00:00:00,825039,,ARI,CHC,Eduardo Rodriguez,Matthew Boyd,0.5060524711231,0.5121951219512196,0.5304990757855821,0.0183039538343624,,,,,False,,False,market_missing_or_thin;lineups_not_posted,ineligible,True,False,False,False,,,,,,,,,,,,2026-08-26T22:47:53+00:00,model_production_20260822T054104658649Z,production,raw_lgbm,07d412ad277bbe8f898063071ca01d8415aa609d609e492a4ea040c4318fc5c4,features_20260825T225128472439Z,fb401dc56db0b73ca3235900fdffcc70a8c1b61001694bce7e97652fabffe60b,features_20260822T054058128142Z,paper
predict_20260826T224753320497Z_824878,predict_20260826T224753320497Z,2026-08-26T22:47:53+00:00,2026-08-26 00:00:00,824878,2026-08-26T23:15:00Z,ATL,LAD,AJ Smith-Shawver,Roki Sasaki,0.5046168536486833,0.4875621890547263,0.5304990757855821,0.0429368867308557,0.4672117470382112,0.037405106610472,112.0,-119.0,False,,True,,eligible_no_edge,True,True,True,True,9.0,9.0,0.003013769003404,0.007756905586245,fanduel,FanDuel,lowvig,LowVig.ag,best_available_across_quoted_books,all_quoted_books,04da7d827887da84da9926f799c9153d,2026-08-26T22:47:53+00:00,model_production_20260822T054104658649Z,production,raw_lgbm,07d412ad277bbe8f898063071ca01d8415aa609d609e492a4ea040c4318fc5c4,features_20260825T225128472439Z,fb401dc56db0b73ca3235900fdffcc70a8c1b61001694bce7e97652fabffe60b,features_20260822T054058128142Z,paper
predict_20260826T224753320497Z_824555,predict_20260826T224753320497Z,2026-08-26T22:47:53+00:00,2026-08-26 00:00:00,824555,2026-08-26T23:40:00Z,CWS,TEX,Sean Burke,MacKenzie Gore,0.4617612811210886,0.4875621890547263,0.4942528735632184,0.006690684508492,0.5319879776728209,-0.0702266965517323,-118.0,110.0,True,AWAY,True,,bet_candidate,True,True,True,True,9.0,9.0,0.0022054985500961,0.0069867252220781,draftkings,DraftKings,fanduel,FanDuel,best_available_across_quoted_books,all_quoted_books,78fdc67e4f138889d4f1634cb2c5500a,2026-08-26T22:47:53+00:00,model_production_20260822T054104658649Z,production,raw_lgbm,07d412ad277bbe8f898063071ca01d8415aa609d609e492a4ea040c4318fc5c4,features_20260825T225128472439Z,fb401dc56db0b73ca3235900fdffcc70a8c1b61001694bce7e97652fabffe60b,features_20260822T054058128142Z,paper
predict_20260826T224753320497Z_824234,predict_20260826T224753320497Z,2026-08-26T22:47:53+00:00,2026-08-26 00:00:00,824234,,DET,TB,Troy Melton,Freddy Peralta,0.4786793254134939,0.5102040816326532,0.4948905109489051,0.015313570683748,,,,,False,,False,market_missing_or_thin;lineups_not_posted,ineligible,True,False,False,False,,,,,,,,,,,,2026-08-26T22:47:53+00:00,model_production_20260822T054104658649Z,production,raw_lgbm,07d412ad277bbe8f898063071ca01d8415aa609d609e492a4ea040c4318fc5c4,features_20260825T225128472439Z,fb401dc56db0b73ca3235900fdffcc70a8c1b61001694bce7e97652fabffe60b,features_20260822T054058128142Z,paper
predict_20260826T224753320497Z_823988,predict_20260826T224753320497Z,2026-08-26T22:47:53+00:00,2026-08-26 00:00:00,823988,2026-08-26T20:07:00Z,LAA,CLE,Grayson Rodriguez,Joey Cantillo,0.4430851085003022,0.4468085106382978,0.427797833935018,0.0190106767032798,0.1856492027334852,0.2574359057668171,550.0,-480.0,False,,True,,eligible_no_edge,True,True,True,True,5.0,5.0,0.0170478032105043,0.0486454710233674,betmgm,BetMGM,fanduel,FanDuel,best_available_across_quoted_books,all_quoted_books,c840ffd21f721ac963c0f3d748f5db02,2026-08-26T22:47:53+00:00,model_production_20260822T054104658649Z,production,raw_lgbm,07d412ad277bbe8f898063071ca01d8415aa609d609e492a4ea040c4318fc5c4,features_20260825T225128472439Z,fb401dc56db0b73ca3235900fdffcc70a8c1b61001694bce7e97652fabffe60b,features_20260822T054058128142Z,paper
predict_20260826T224753320497Z_823825,predict_20260826T224753320497Z,2026-08-26T22:47:53+00:00,2026-08-26 00:00:00,823825,2026-08-26T22:40:00Z,MIA,BOS,Ryan Gusto,Sonny Gray,0.4890388405247157,0.4666666666666667,0.4948905109489051,0.0282238442822384,0.5,-0.0109611594752843,118.0,105.0,False,,True,,eligible_no_edge,True,True,True,True,9.0,9.0,0.0329412437543259,0.0921963133753975,betonlineag,BetOnline.ag,fanduel,FanDuel,best_available_across_quoted_books,all_quoted_books,ee171a97363a2c6a55459f804c2d35e6,2026-08-26T22:47:53+00:00,model_production_20260822T054104658649Z,production,raw_lgbm,07d412ad277bbe8f898063071ca01d8415aa609d609e492a4ea040c4318fc5c4,features_20260825T225128472439Z,fb401dc56db0b73ca3235900fdffcc70a8c1b61001694bce7e97652fabffe60b,features_20260822T054058128142Z,paper
predict_20260826T224753320497Z_823584,predict_20260826T224753320497Z,2026-08-26T22:47:53+00:00,2026-08-26 00:00:00,823584,2026-08-26T23:10:00Z,NYM,MIL,Robert Stock,Dustin May,0.5261488215893393,0.5121951219512196,0.5307557117750439,0.0185605898238242,0.4126459112731009,0.1135029103162383,144.0,-145.0,True,HOME,True,,bet_candidate,True,True,True,True,9.0,9.0,0.0063663212726388,0.0191219591925853,draftkings,DraftKings,lowvig,LowVig.ag,best_available_across_quoted_books,all_quoted_books,821b22e0957b3177e6e950de4b55696f,2026-08-26T22:47:53+00:00,model_production_20260822T054104658649Z,production,raw_lgbm,07d412ad277bbe8f898063071ca01d8415aa609d609e492a4ea040c4318fc5c4,features_20260825T225128472439Z,fb401dc56db0b73ca3235900fdffcc70a8c1b61001694bce7e97652fabffe60b,features_20260822T054058128142Z,paper
predict_20260826T224753320497Z_823506,predict_20260826T224753320497Z,2026-08-26T22:47:53+00:00,2026-08-26 00:00:00,823506,2026-08-26T23:05:00Z,NYY,HOU,Elmer Rodriguez,Peter Lambert,0.5324464881862411,0.5121951219512196,0.5307557117750439,0.0185605898238242,0.5285423037716617,0.0039041844145794,-116.0,110.0,False,,True,,eligible_no_edge,True,True,True,True,9.0,9.0,0.0034974618307376,0.0113506919580714,draftkings,DraftKings,fanduel,FanDuel,best_available_across_quoted_books,all_quoted_books,eac892ca71681204f568fed8fae2412c,2026-08-26T22:47:53+00:00,model_production_20260822T054104658649Z,production,raw_lgbm,07d412ad277bbe8f898063071ca01d8415aa609d609e492a4ea040c4318fc5c4,features_20260825T225128472439Z,fb401dc56db0b73ca3235900fdffcc70a8c1b61001694bce7e97652fabffe60b,features_20260822T054058128142Z,paper
predict_20260826T224753320497Z_824963,predict_20260826T224753320497Z,2026-08-26T22:47:53+00:00,2026-08-26 00:00:00,824963,2026-08-27T01:05:00Z,OAK,MIN,J.T. Ginn,Connor Prielipp,0.4734732261156684,0.5102040816326532,0.4948905109489051,0.015313570683748,0.444104134762634,0.0293690913530344,125.0,-129.0,False,,True,,eligible_no_edge,True,True,True,True,9.0,9.0,0.0041501053390403,0.0148616379048355,betrivers,BetRivers,draftkings,DraftKings,best_available_across_quoted_books,all_quoted_books,d8f4d0d32572d2c5acdc10831f7b16b3,2026-08-26T22:47:53+00:00,model_production_20260822T054104658649Z,production,raw_lgbm,07d412ad277bbe8f898063071ca01d8415aa609d609e492a4ea040c4318fc5c4,features_20260825T225128472439Z,fb401dc56db0b73ca3235900fdffcc70a8c1b61001694bce7e97652fabffe60b,features_20260822T054058128142Z,paper
predict_20260826T224753320497Z_823255,predict_20260826T224753320497Z,2026-08-26T22:47:53+00:00,2026-08-26 00:00:00,823255,2026-08-26T20:10:00Z,SD,PIT,Randy Vasquez,Bubba Chandler,0.5750936911773336,0.5904159132007233,0.5798969072164947,0.0105190059842286,,,,,False,,False,market_missing_or_thin,ineligible,True,True,True,False,,,,,,,,,,,,2026-08-26T22:47:53+00:00,model_production_20260822T054104658649Z,production,raw_lgbm,07d412ad277bbe8f898063071ca01d8415aa609d609e492a4ea040c4318fc5c4,features_20260825T225128472439Z,fb401dc56db0b73ca3235900fdffcc70a8c1b61001694bce7e97652fabffe60b,features_20260822T054058128142Z,paper
predict_20260826T224753320497Z_823096,predict_20260826T224753320497Z,2026-08-26T22:47:53+00:00,2026-08-26 00:00:00,823096,2026-08-26T20:10:00Z,SEA,PHI,Bryan Woo,Jesus Luzardo,0.5427434479634201,0.5142857142857142,0.5407098121085596,0.0264240978228453,,,,,False,,False,market_missing_or_thin,ineligible,True,True,True,False,,,,,,,,,,,,2026-08-26T22:47:53+00:00,model_production_20260822T054104658649Z,production,raw_lgbm,07d412ad277bbe8f898063071ca01d8415aa609d609e492a4ea040c4318fc5c4,features_20260825T225128472439Z,fb401dc56db0b73ca3235900fdffcc70a8c1b61001694bce7e97652fabffe60b,features_20260822T054058128142Z,paper
predict_20260826T224753320497Z_823180,predict_20260826T224753320497Z,2026-08-26T22:47:53+00:00,2026-08-26 00:00:00,823180,2026-08-26T19:45:00Z,SF,CIN,Logan Webb,Nick Lodolo,0.5834623618718353,0.5904159132007233,0.5798969072164947,0.0105190059842286,0.1256342111621164,0.4578281507097188,850.0,-800.0,False,,True,,eligible_no_edge,True,True,True,True,5.0,5.0,0.0185382373553829,0.0545239503252513,fanduel,FanDuel,betmgm,BetMGM,best_available_across_quoted_books,all_quoted_books,d8f7f270cd38a387ce9133e82dc7b60e,2026-08-26T22:47:53+00:00,model_production_20260822T054104658649Z,production,raw_lgbm,07d412ad277bbe8f898063071ca01d8415aa609d609e492a4ea040c4318fc5c4,features_20260825T225128472439Z,fb401dc56db0b73ca3235900fdffcc70a8c1b61001694bce7e97652fabffe60b,features_20260822T054058128142Z,paper
predict_20260826T224753320497Z_823015,predict_20260826T224753320497Z,2026-08-26T22:47:53+00:00,2026-08-26 00:00:00,823015,2026-08-26T23:45:00Z,STL,BAL,Michael McGreevy,Kyle Bradish,0.5119176121259141,0.5121951219512196,0.5304990757855821,0.0183039538343624,0.4930284439486894,0.0188891681772247,100.0,-106.0,False,,True,,eligible_no_edge,True,True,True,True,9.0,9.0,0.0021356256737354,0.0061876119588502,fanduel,FanDuel,draftkings,DraftKings,best_available_across_quoted_books,all_quoted_books,18cd67572e0e03220737b61b0542a0c0,2026-08-26T22:47:53+00:00,model_production_20260822T054104658649Z,production,raw_lgbm,07d412ad277bbe8f898063071ca01d8415aa609d609e492a4ea040c4318fc5c4,features_20260825T225128472439Z,fb401dc56db0b73ca3235900fdffcc70a8c1b61001694bce7e97652fabffe60b,features_20260822T054058128142Z,paper
predict_20260826T224753320497Z_822772,predict_20260826T224753320497Z,2026-08-26T22:47:53+00:00,2026-08-26 00:00:00,822772,2026-08-26T23:07:00Z,TOR,KC,Spencer Miles,Randy Dobnak,0.5529213586087399,0.5142857142857142,0.5407098121085596,0.0264240978228453,0.5894160583941606,-0.0364946997854206,-148.0,143.0,False,,True,,eligible_no_edge,True,True,True,True,9.0,9.0,0.0054332722053593,0.0197279065571354,fanduel,FanDuel,betrivers,BetRivers,best_available_across_quoted_books,all_quoted_books,9fc104e94a575a09146f04bf7bbb0e32,2026-08-26T22:47:53+00:00,model_production_20260822T054104658649Z,production,raw_lgbm,07d412ad277bbe8f898063071ca01d8415aa609d609e492a4ea040c4318fc5c4,features_20260825T225128472439Z,fb401dc56db0b73ca3235900fdffcc70a8c1b61001694bce7e97652fabffe60b,features_20260822T054058128142Z,paper
predict_20260826T224753320497Z_822692,predict_20260826T224753320497Z,2026-08-26T22:47:53+00:00,2026-08-26 00:00:00,822692,2026-08-26T22:45:00Z,WSH,COL,Matt Waldron,Tanner Gordon,0.5551094949415825,0.5121951219512196,0.5407098121085596,0.0285146901573399,0.5563770794824399,-0.0012675845408574,-110.0,123.0,False,,True,,eligible_no_edge,True,True,True,True,9.0,9.0,0.025431635119959,0.0671006016515076,fanduel,FanDuel,betonlineag,BetOnline.ag,best_available_across_quoted_books,all_quoted_books,886be82de38102833fb4e1eb8d27d5c0,2026-08-26T22:47:53+00:00,model_production_20260822T054104658649Z,production,raw_lgbm,07d412ad277bbe8f898063071ca01d8415aa609d609e492a4ea040c4318fc5c4,features_20260825T225128472439Z,fb401dc56db0b73ca3235900fdffcc70a8c1b61001694bce7e97652fabffe60b,features_20260822T054058128142Z,paper
predict_20260826T230034178682Z_825039,predict_20260826T230034178682Z,2026-08-26T23:00:34+00:00,2026-08-26 00:00:00,825039,,ARI,CHC,Eduardo Rodriguez,Matthew Boyd,0.5000804249548555,0.5102040816326532,0.5304990757855821,0.0202949941529289,,,,,False,,False,market_missing_or_thin;lineups_not_posted,ineligible,True,False,False,False,,,,,,,,,,,,2026-08-26T23:00:34+00:00,model_production_20260822T054104658649Z,production,raw_lgbm,040969a2d15fbe1ea3440bd1c3f98236c8bb9bbe52c21d739817ad4bedd89619,features_20260826T230018697814Z,fb401dc56db0b73ca3235900fdffcc70a8c1b61001694bce7e97652fabffe60b,features_20260822T054058128142Z,paper
predict_20260826T230034178682Z_824878,predict_20260826T230034178682Z,2026-08-26T23:00:34+00:00,2026-08-26 00:00:00,824878,2026-08-26T23:15:00Z,ATL,LAD,AJ Smith-Shawver,Roki Sasaki,0.5046168536486833,0.4875621890547263,0.5304990757855821,0.0429368867308557,0.4672897196261682,0.037327134022515,112.0,-119.0,False,,True,,eligible_no_edge,True,True,True,True,9.0,9.0,0.0026499343917929,0.007756905586245,fanduel,FanDuel,lowvig,LowVig.ag,best_available_across_quoted_books,all_quoted_books,04da7d827887da84da9926f799c9153d,2026-08-26T23:00:34+00:00,model_production_20260822T054104658649Z,production,raw_lgbm,040969a2d15fbe1ea3440bd1c3f98236c8bb9bbe52c21d739817ad4bedd89619,features_20260826T230018697814Z,fb401dc56db0b73ca3235900fdffcc70a8c1b61001694bce7e97652fabffe60b,features_20260822T054058128142Z,paper
predict_20260826T230034178682Z_824555,predict_20260826T230034178682Z,2026-08-26T23:00:34+00:00,2026-08-26 00:00:00,824555,2026-08-26T23:40:00Z,CWS,TEX,Sean Burke,MacKenzie Gore,0.4617612811210886,0.4875621890547263,0.4942528735632184,0.006690684508492,0.5319879776728209,-0.0702266965517323,-118.0,110.0,True,AWAY,True,,bet_candidate,True,True,True,True,9.0,9.0,0.0022054985500961,0.0069867252220781,draftkings,DraftKings,fanduel,FanDuel,best_available_across_quoted_books,all_quoted_books,78fdc67e4f138889d4f1634cb2c5500a,2026-08-26T23:00:34+00:00,model_production_20260822T054104658649Z,production,raw_lgbm,040969a2d15fbe1ea3440bd1c3f98236c8bb9bbe52c21d739817ad4bedd89619,features_20260826T230018697814Z,fb401dc56db0b73ca3235900fdffcc70a8c1b61001694bce7e97652fabffe60b,features_20260822T054058128142Z,paper
predict_20260826T230034178682Z_824234,predict_20260826T230034178682Z,2026-08-26T23:00:34+00:00,2026-08-26 00:00:00,824234,,DET,TB,Troy Melton,Freddy Peralta,0.4786793254134939,0.5102040816326532,0.4948905109489051,0.015313570683748,,,,,False,,False,market_missing_or_thin;lineups_not_posted,ineligible,True,False,False,False,,,,,,,,,,,,2026-08-26T23:00:34+00:00,model_production_20260822T054104658649Z,production,raw_lgbm,040969a2d15fbe1ea3440bd1c3f98236c8bb9bbe52c21d739817ad4bedd89619,features_20260826T230018697814Z,fb401dc56db0b73ca3235900fdffcc70a8c1b61001694bce7e97652fabffe60b,features_20260822T054058128142Z,paper
predict_20260826T230034178682Z_823988,predict_20260826T230034178682Z,2026-08-26T23:00:34+00:00,2026-08-26 00:00:00,823988,2026-08-26T20:07:00Z,LAA,CLE,Grayson Rodriguez,Joey Cantillo,0.4430851085003022,0.4468085106382978,0.427797833935018,0.0190106767032798,0.0863787375415282,0.356706370958774,1500.0,-1080.0,False,,True,,eligible_no_edge,True,True,True,True,5.0,5.0,0.0204598908038728,0.0544385217349038,fanduel,FanDuel,draftkings,DraftKings,best_available_across_quoted_books,all_quoted_books,c840ffd21f721ac963c0f3d748f5db02,2026-08-26T23:00:34+00:00,model_production_20260822T054104658649Z,production,raw_lgbm,040969a2d15fbe1ea3440bd1c3f98236c8bb9bbe52c21d739817ad4bedd89619,features_20260826T230018697814Z,fb401dc56db0b73ca3235900fdffcc70a8c1b61001694bce7e97652fabffe60b,features_20260822T054058128142Z,paper
predict_20260826T230034178682Z_823825,predict_20260826T230034178682Z,2026-08-26T23:00:34+00:00,2026-08-26 00:00:00,823825,2026-08-26T22:40:00Z,MIA,BOS,Ryan Gusto,Sonny Gray,0.4890388405247157,0.4666666666666667,0.4948905109489051,0.0282238442822384,0.5756387687568235,-0.0865999282321078,-145.0,135.0,True,AWAY,True,,bet_candidate,True,True,True,True,6.0,6.0,0.009501741455988,0.0282654303743519,betmgm,BetMGM,fanduel,FanDuel,best_available_across_quoted_books,all_quoted_books,ee171a97363a2c6a55459f804c2d35e6,2026-08-26T23:00:34+00:00,model_production_20260822T054104658649Z,production,raw_lgbm,040969a2d15fbe1ea3440bd1c3f98236c8bb9bbe52c21d739817ad4bedd89619,features_20260826T230018697814Z,fb401dc56db0b73ca3235900fdffcc70a8c1b61001694bce7e97652fabffe60b,features_20260822T054058128142Z,paper
predict_20260826T230034178682Z_823584,predict_20260826T230034178682Z,2026-08-26T23:00:34+00:00,2026-08-26 00:00:00,823584,2026-08-26T23:10:00Z,NYM,MIL,Robert Stock,Dustin May,0.5261488215893393,0.5121951219512196,0.5307557117750439,0.0185605898238242,0.4131680661068906,0.1129807554824486,144.0,-145.0,True,HOME,True,,bet_candidate,True,True,True,True,9.0,9.0,0.006700745192625,0.0191219591925853,draftkings,DraftKings,lowvig,LowVig.ag,best_available_across_quoted_books,all_quoted_books,821b22e0957b3177e6e950de4b55696f,2026-08-26T23:00:34+00:00,model_production_20260822T054104658649Z,production,raw_lgbm,040969a2d15fbe1ea3440bd1c3f98236c8bb9bbe52c21d739817ad4bedd89619,features_20260826T230018697814Z,fb401dc56db0b73ca3235900fdffcc70a8c1b61001694bce7e97652fabffe60b,features_20260822T054058128142Z,paper
predict_20260826T230034178682Z_823506,predict_20260826T230034178682Z,2026-08-26T23:00:34+00:00,2026-08-26 00:00:00,823506,2026-08-26T23:05:00Z,NYY,HOU,Elmer Rodriguez,Peter Lambert,0.5324464881862411,0.5121951219512196,0.5307557117750439,0.0185605898238242,0.5303589399530358,0.0020875482332052,-117.0,110.0,False,,True,,eligible_no_edge,True,True,True,True,9.0,9.0,0.0030711940168695,0.0113506919580714,betonlineag,BetOnline.ag,draftkings,DraftKings,best_available_across_quoted_books,all_quoted_books,eac892ca71681204f568fed8fae2412c,2026-08-26T23:00:34+00:00,model_production_20260822T054104658649Z,production,raw_lgbm,040969a2d15fbe1ea3440bd1c3f98236c8bb9bbe52c21d739817ad4bedd89619,features_20260826T230018697814Z,fb401dc56db0b73ca3235900fdffcc70a8c1b61001694bce7e97652fabffe60b,features_20260822T054058128142Z,paper
predict_20260826T230034178682Z_824963,predict_20260826T230034178682Z,2026-08-26T23:00:34+00:00,2026-08-26 00:00:00,824963,2026-08-27T01:05:00Z,OAK,MIN,J.T. Ginn,Connor Prielipp,0.4734732261156684,0.5102040816326532,0.4948905109489051,0.015313570683748,0.444104134762634,0.0293690913530344,125.0,-129.0,False,,True,,eligible_no_edge,True,True,True,True,9.0,9.0,0.0041501053390403,0.0148616379048355,betrivers,BetRivers,draftkings,DraftKings,best_available_across_quoted_books,all_quoted_books,d8f4d0d32572d2c5acdc10831f7b16b3,2026-08-26T23:00:34+00:00,model_production_20260822T054104658649Z,production,raw_lgbm,040969a2d15fbe1ea3440bd1c3f98236c8bb9bbe52c21d739817ad4bedd89619,features_20260826T230018697814Z,fb401dc56db0b73ca3235900fdffcc70a8c1b61001694bce7e97652fabffe60b,features_20260822T054058128142Z,paper
predict_20260826T230034178682Z_823255,predict_20260826T230034178682Z,2026-08-26T23:00:34+00:00,2026-08-26 00:00:00,823255,2026-08-26T20:10:00Z,SD,PIT,Randy Vasquez,Bubba Chandler,0.5750936911773336,0.5904159132007233,0.5798969072164947,0.0105190059842286,,,,,False,,False,market_missing_or_thin,ineligible,True,True,True,False,,,,,,,,,,,,2026-08-26T23:00:34+00:00,model_production_20260822T054104658649Z,production,raw_lgbm,040969a2d15fbe1ea3440bd1c3f98236c8bb9bbe52c21d739817ad4bedd89619,features_20260826T230018697814Z,fb401dc56db0b73ca3235900fdffcc70a8c1b61001694bce7e97652fabffe60b,features_20260822T054058128142Z,paper
predict_20260826T230034178682Z_823096,predict_20260826T230034178682Z,2026-08-26T23:00:34+00:00,2026-08-26 00:00:00,823096,2026-08-26T20:10:00Z,SEA,PHI,Bryan Woo,Jesus Luzardo,0.5427434479634201,0.5142857142857142,0.5407098121085596,0.0264240978228453,,,,,False,,False,market_missing_or_thin,ineligible,True,True,True,False,,,,,,,,,,,,2026-08-26T23:00:34+00:00,model_production_20260822T054104658649Z,production,raw_lgbm,040969a2d15fbe1ea3440bd1c3f98236c8bb9bbe52c21d739817ad4bedd89619,features_20260826T230018697814Z,fb401dc56db0b73ca3235900fdffcc70a8c1b61001694bce7e97652fabffe60b,features_20260822T054058128142Z,paper
predict_20260826T230034178682Z_823180,predict_20260826T230034178682Z,2026-08-26T23:00:34+00:00,2026-08-26 00:00:00,823180,2026-08-26T19:45:00Z,SF,CIN,Logan Webb,Nick Lodolo,0.5882043728237237,0.5904159132007233,0.5798969072164947,0.0105190059842286,0.0824468085106382,0.5057575643130854,1700.0,-700.0,False,,True,,eligible_no_edge,True,True,True,True,5.0,5.0,0.0510069562372231,0.1240663545346747,fanduel,FanDuel,bovada,Bovada,best_available_across_quoted_books,all_quoted_books,d8f7f270cd38a387ce9133e82dc7b60e,2026-08-26T23:00:34+00:00,model_production_20260822T054104658649Z,production,raw_lgbm,040969a2d15fbe1ea3440bd1c3f98236c8bb9bbe52c21d739817ad4bedd89619,features_20260826T230018697814Z,fb401dc56db0b73ca3235900fdffcc70a8c1b61001694bce7e97652fabffe60b,features_20260822T054058128142Z,paper
predict_20260826T230034178682Z_823015,predict_20260826T230034178682Z,2026-08-26T23:00:34+00:00,2026-08-26 00:00:00,823015,2026-08-26T23:45:00Z,STL,BAL,Michael McGreevy,Kyle Bradish,0.5119176121259141,0.5121951219512196,0.5304990757855821,0.0183039538343624,0.4930284439486894,0.0188891681772247,100.0,-106.0,False,,True,,eligible_no_edge,True,True,True,True,9.0,9.0,0.0021356256737354,0.0061876119588502,fanduel,FanDuel,draftkings,DraftKings,best_available_across_quoted_books,all_quoted_books,18cd67572e0e03220737b61b0542a0c0,2026-08-26T23:00:34+00:00,model_production_20260822T054104658649Z,production,raw_lgbm,040969a2d15fbe1ea3440bd1c3f98236c8bb9bbe52c21d739817ad4bedd89619,features_20260826T230018697814Z,fb401dc56db0b73ca3235900fdffcc70a8c1b61001694bce7e97652fabffe60b,features_20260822T054058128142Z,paper
predict_20260826T230034178682Z_822772,predict_20260826T230034178682Z,2026-08-26T23:00:34+00:00,2026-08-26 00:00:00,822772,2026-08-26T23:07:00Z,TOR,KC,Spencer Miles,Randy Dobnak,0.5529213586087399,0.5142857142857142,0.5407098121085596,0.0264240978228453,0.5894160583941606,-0.0364946997854206,-148.0,143.0,False,,True,,eligible_no_edge,True,True,True,True,9.0,9.0,0.0055780423754066,0.0197279065571354,fanduel,FanDuel,betrivers,BetRivers,best_available_across_quoted_books,all_quoted_books,9fc104e94a575a09146f04bf7bbb0e32,2026-08-26T23:00:34+00:00,model_production_20260822T054104658649Z,production,raw_lgbm,040969a2d15fbe1ea3440bd1c3f98236c8bb9bbe52c21d739817ad4bedd89619,features_20260826T230018697814Z,fb401dc56db0b73ca3235900fdffcc70a8c1b61001694bce7e97652fabffe60b,features_20260822T054058128142Z,paper
predict_20260826T230034178682Z_822692,predict_20260826T230034178682Z,2026-08-26T23:00:34+00:00,2026-08-26 00:00:00,822692,2026-08-26T22:45:00Z,WSH,COL,Matt Waldron,Tanner Gordon,0.5551094949415825,0.5121951219512196,0.5407098121085596,0.0285146901573399,0.5748937012797533,-0.0197842063381707,-136.0,145.0,False,,True,,eligible_no_edge,True,True,True,True,8.0,8.0,0.0189785753415195,0.0561211779959469,betonlineag,BetOnline.ag,fanduel,FanDuel,best_available_across_quoted_books,all_quoted_books,886be82de38102833fb4e1eb8d27d5c0,2026-08-26T23:00:34+00:00,model_production_20260822T054104658649Z,production,raw_lgbm,040969a2d15fbe1ea3440bd1c3f98236c8bb9bbe52c21d739817ad4bedd89619,features_20260826T230018697814Z,fb401dc56db0b73ca3235900fdffcc70a8c1b61001694bce7e97652fabffe60b,features_20260822T054058128142Z,paper
predict_20260826T230501266302Z_825039,predict_20260826T230501266302Z,2026-08-26T23:05:01+00:00,2026-08-26 00:00:00,825039,,ARI,CHC,Eduardo Rodriguez,Matthew Boyd,0.5000804249548555,0.5102040816326532,0.5304990757855821,0.0202949941529289,,,,,False,,False,market_missing_or_thin;lineups_not_posted,ineligible,True,False,False,False,,,,,,,,,,,,2026-08-26T23:05:01+00:00,model_production_20260822T054104658649Z,production,raw_lgbm,040969a2d15fbe1ea3440bd1c3f98236c8bb9bbe52c21d739817ad4bedd89619,features_20260826T230018697814Z,fb401dc56db0b73ca3235900fdffcc70a8c1b61001694bce7e97652fabffe60b,features_20260822T054058128142Z,paper
predict_20260826T230501266302Z_824878,predict_20260826T230501266302Z,2026-08-26T23:05:01+00:00,2026-08-26 00:00:00,824878,2026-08-26T23:15:00Z,ATL,LAD,AJ Smith-Shawver,Roki Sasaki,0.5046168536486833,0.4875621890547263,0.5304990757855821,0.0429368867308557,0.4672897196261682,0.037327134022515,112.0,-119.0,False,,True,,eligible_no_edge,True,True,True,True,9.0,9.0,0.0026499343917929,0.007756905586245,fanduel,FanDuel,lowvig,LowVig.ag,best_available_across_quoted_books,all_quoted_books,04da7d827887da84da9926f799c9153d,2026-08-26T23:05:01+00:00,model_production_20260822T054104658649Z,production,raw_lgbm,040969a2d15fbe1ea3440bd1c3f98236c8bb9bbe52c21d739817ad4bedd89619,features_20260826T230018697814Z,fb401dc56db0b73ca3235900fdffcc70a8c1b61001694bce7e97652fabffe60b,features_20260822T054058128142Z,paper
predict_20260826T230501266302Z_824555,predict_20260826T230501266302Z,2026-08-26T23:05:01+00:00,2026-08-26 00:00:00,824555,2026-08-26T23:40:00Z,CWS,TEX,Sean Burke,MacKenzie Gore,0.4617612811210886,0.4875621890547263,0.4942528735632184,0.006690684508492,0.5319879776728209,-0.0702266965517323,-118.0,110.0,True,AWAY,True,,bet_candidate,True,True,True,True,9.0,9.0,0.0022054985500961,0.0069867252220781,draftkings,DraftKings,fanduel,FanDuel,best_available_across_quoted_books,all_quoted_books,78fdc67e4f138889d4f1634cb2c5500a,2026-08-26T23:05:01+00:00,model_production_20260822T054104658649Z,production,raw_lgbm,040969a2d15fbe1ea3440bd1c3f98236c8bb9bbe52c21d739817ad4bedd89619,features_20260826T230018697814Z,fb401dc56db0b73ca3235900fdffcc70a8c1b61001694bce7e97652fabffe60b,features_20260822T054058128142Z,paper
predict_20260826T230501266302Z_824234,predict_20260826T230501266302Z,2026-08-26T23:05:01+00:00,2026-08-26 00:00:00,824234,,DET,TB,Troy Melton,Freddy Peralta,0.4786793254134939,0.5102040816326532,0.4948905109489051,0.015313570683748,,,,,False,,False,market_missing_or_thin;lineups_not_posted,ineligible,True,False,False,False,,,,,,,,,,,,2026-08-26T23:05:01+00:00,model_production_20260822T054104658649Z,production,raw_lgbm,040969a2d15fbe1ea3440bd1c3f98236c8bb9bbe52c21d739817ad4bedd89619,features_20260826T230018697814Z,fb401dc56db0b73ca3235900fdffcc70a8c1b61001694bce7e97652fabffe60b,features_20260822T054058128142Z,paper
predict_20260826T230501266302Z_823988,predict_20260826T230501266302Z,2026-08-26T23:05:01+00:00,2026-08-26 00:00:00,823988,2026-08-26T20:07:00Z,LAA,CLE,Grayson Rodriguez,Joey Cantillo,0.4430851085003022,0.4468085106382978,0.427797833935018,0.0190106767032798,0.0863787375415282,0.356706370958774,1500.0,-1080.0,False,,True,,eligible_no_edge,True,True,True,True,5.0,5.0,0.0204598908038728,0.0544385217349038,fanduel,FanDuel,draftkings,DraftKings,best_available_across_quoted_books,all_quoted_books,c840ffd21f721ac963c0f3d748f5db02,2026-08-26T23:05:01+00:00,model_production_20260822T054104658649Z,production,raw_lgbm,040969a2d15fbe1ea3440bd1c3f98236c8bb9bbe52c21d739817ad4bedd89619,features_20260826T230018697814Z,fb401dc56db0b73ca3235900fdffcc70a8c1b61001694bce7e97652fabffe60b,features_20260822T054058128142Z,paper
predict_20260826T230501266302Z_823825,predict_20260826T230501266302Z,2026-08-26T23:05:01+00:00,2026-08-26 00:00:00,823825,2026-08-26T22:40:00Z,MIA,BOS,Ryan Gusto,Sonny Gray,0.4890388405247157,0.4666666666666667,0.4948905109489051,0.0282238442822384,0.5626577787391418,-0.0736189382144261,-120.0,150.0,True,AWAY,True,,bet_candidate,True,True,True,True,6.0,6.0,0.0435191431795328,0.1101939651964212,fanduel,FanDuel,betrivers,BetRivers,best_available_across_quoted_books,all_quoted_books,ee171a97363a2c6a55459f804c2d35e6,2026-08-26T23:05:01+00:00,model_production_20260822T054104658649Z,production,raw_lgbm,040969a2d15fbe1ea3440bd1c3f98236c8bb9bbe52c21d739817ad4bedd89619,features_20260826T230018697814Z,fb401dc56db0b73ca3235900fdffcc70a8c1b61001694bce7e97652fabffe60b,features_20260822T054058128142Z,paper
predict_20260826T230501266302Z_823584,predict_20260826T230501266302Z,2026-08-26T23:05:01+00:00,2026-08-26 00:00:00,823584,2026-08-26T23:10:00Z,NYM,MIL,Robert Stock,Dustin May,0.5261488215893393,0.5121951219512196,0.5307557117750439,0.0185605898238242,0.4131680661068906,0.1129807554824486,144.0,-146.0,True,HOME,True,,bet_candidate,True,True,True,True,9.0,9.0,0.0068284665439534,0.021119965284967,draftkings,DraftKings,lowvig,LowVig.ag,best_available_across_quoted_books,all_quoted_books,821b22e0957b3177e6e950de4b55696f,2026-08-26T23:05:01+00:00,model_production_20260822T054104658649Z,production,raw_lgbm,040969a2d15fbe1ea3440bd1c3f98236c8bb9bbe52c21d739817ad4bedd89619,features_20260826T230018697814Z,fb401dc56db0b73ca3235900fdffcc70a8c1b61001694bce7e97652fabffe60b,features_20260822T054058128142Z,paper
predict_20260826T230501266302Z_823506,predict_20260826T230501266302Z,2026-08-26T23:05:01+00:00,2026-08-26 00:00:00,823506,2026-08-26T23:05:00Z,NYY,HOU,Elmer Rodriguez,Peter Lambert,0.5324464881862411,0.5121951219512196,0.5307557117750439,0.0185605898238242,0.5306745238345786,0.0017719643516624,-118.0,110.0,False,,True,,eligible_no_edge,True,True,True,True,9.0,9.0,0.003147686879875,0.0091683258101877,draftkings,DraftKings,draftkings,DraftKings,best_available_across_quoted_books,all_quoted_books,eac892ca71681204f568fed8fae2412c,2026-08-26T23:05:01+00:00,model_production_20260822T054104658649Z,production,raw_lgbm,040969a2d15fbe1ea3440bd1c3f98236c8bb9bbe52c21d739817ad4bedd89619,features_20260826T230018697814Z,fb401dc56db0b73ca3235900fdffcc70a8c1b61001694bce7e97652fabffe60b,features_20260822T054058128142Z,paper
predict_20260826T230501266302Z_824963,predict_20260826T230501266302Z,2026-08-26T23:05:01+00:00,2026-08-26 00:00:00,824963,2026-08-27T01:05:00Z,OAK,MIN,J.T. Ginn,Connor Prielipp,0.4734732261156684,0.5102040816326532,0.4948905109489051,0.015313570683748,0.444104134762634,0.0293690913530344,125.0,-129.0,False,,True,,eligible_no_edge,True,True,True,True,9.0,9.0,0.0041501053390403,0.0148616379048355,betrivers,BetRivers,draftkings,DraftKings,best_available_across_quoted_books,all_quoted_books,d8f4d0d32572d2c5acdc10831f7b16b3,2026-08-26T23:05:01+00:00,model_production_20260822T054104658649Z,production,raw_lgbm,040969a2d15fbe1ea3440bd1c3f98236c8bb9bbe52c21d739817ad4bedd89619,features_20260826T230018697814Z,fb401dc56db0b73ca3235900fdffcc70a8c1b61001694bce7e97652fabffe60b,features_20260822T054058128142Z,paper
predict_20260826T230501266302Z_823255,predict_20260826T230501266302Z,2026-08-26T23:05:01+00:00,2026-08-26 00:00:00,823255,2026-08-26T20:10:00Z,SD,PIT,Randy Vasquez,Bubba Chandler,0.5750936911773336,0.5904159132007233,0.5798969072164947,0.0105190059842286,,,,,False,,False,market_missing_or_thin,ineligible,True,True,True,False,,,,,,,,,,,,2026-08-26T23:05:01+00:00,model_production_20260822T054104658649Z,production,raw_lgbm,040969a2d15fbe1ea3440bd1c3f98236c8bb9bbe52c21d739817ad4bedd89619,features_20260826T230018697814Z,fb401dc56db0b73ca3235900fdffcc70a8c1b61001694bce7e97652fabffe60b,features_20260822T054058128142Z,paper
predict_20260826T230501266302Z_823096,predict_20260826T230501266302Z,2026-08-26T23:05:01+00:00,2026-08-26 00:00:00,823096,2026-08-26T20:10:00Z,SEA,PHI,Bryan Woo,Jesus Luzardo,0.5427434479634201,0.5142857142857142,0.5407098121085596,0.0264240978228453,,,,,False,,False,market_missing_or_thin,ineligible,True,True,True,False,,,,,,,,,,,,2026-08-26T23:05:01+00:00,model_production_20260822T054104658649Z,production,raw_lgbm,040969a2d15fbe1ea3440bd1c3f98236c8bb9bbe52c21d739817ad4bedd89619,features_20260826T230018697814Z,fb401dc56db0b73ca3235900fdffcc70a8c1b61001694bce7e97652fabffe60b,features_20260822T054058128142Z,paper
predict_20260826T230501266302Z_823180,predict_20260826T230501266302Z,2026-08-26T23:05:01+00:00,2026-08-26 00:00:00,823180,2026-08-26T19:45:00Z,SF,CIN,Logan Webb,Nick Lodolo,0.5882043728237237,0.5904159132007233,0.5798969072164947,0.0105190059842286,0.0807354116706634,0.5074689611530603,2200.0,-700.0,False,,True,,eligible_no_edge,True,True,True,True,5.0,5.0,0.0474774742008439,0.1357751106083264,fanduel,FanDuel,bovada,Bovada,best_available_across_quoted_books,all_quoted_books,d8f7f270cd38a387ce9133e82dc7b60e,2026-08-26T23:05:01+00:00,model_production_20260822T054104658649Z,production,raw_lgbm,040969a2d15fbe1ea3440bd1c3f98236c8bb9bbe52c21d739817ad4bedd89619,features_20260826T230018697814Z,fb401dc56db0b73ca3235900fdffcc70a8c1b61001694bce7e97652fabffe60b,features_20260822T054058128142Z,paper
predict_20260826T230501266302Z_823015,predict_20260826T230501266302Z,2026-08-26T23:05:01+00:00,2026-08-26 00:00:00,823015,2026-08-26T23:45:00Z,STL,BAL,Michael McGreevy,Kyle Bradish,0.5119176121259141,0.5121951219512196,0.5304990757855821,0.0183039538343624,0.4930284439486894,0.0188891681772247,100.0,-106.0,False,,True,,eligible_no_edge,True,True,True,True,9.0,9.0,0.0021356256737354,0.0061876119588502,fanduel,FanDuel,draftkings,DraftKings,best_available_across_quoted_books,all_quoted_books,18cd67572e0e03220737b61b0542a0c0,2026-08-26T23:05:01+00:00,model_production_20260822T054104658649Z,production,raw_lgbm,040969a2d15fbe1ea3440bd1c3f98236c8bb9bbe52c21d739817ad4bedd89619,features_20260826T230018697814Z,fb401dc56db0b73ca3235900fdffcc70a8c1b61001694bce7e97652fabffe60b,features_20260822T054058128142Z,paper
predict_20260826T230501266302Z_822772,predict_20260826T230501266302Z,2026-08-26T23:05:01+00:00,2026-08-26 00:00:00,822772,2026-08-26T23:07:00Z,TOR,KC,Spencer Miles,Randy Dobnak,0.5529213586087399,0.5142857142857142,0.5407098121085596,0.0264240978228453,0.5916792592354435,-0.0387579006267035,-148.0,143.0,False,,True,,eligible_no_edge,True,True,True,True,9.0,9.0,0.0054545921120837,0.0197279065571354,fanduel,FanDuel,betrivers,BetRivers,best_available_across_quoted_books,all_quoted_books,9fc104e94a575a09146f04bf7bbb0e32,2026-08-26T23:05:01+00:00,model_production_20260822T054104658649Z,production,raw_lgbm,040969a2d15fbe1ea3440bd1c3f98236c8bb9bbe52c21d739817ad4bedd89619,features_20260826T230018697814Z,fb401dc56db0b73ca3235900fdffcc70a8c1b61001694bce7e97652fabffe60b,features_20260822T054058128142Z,paper
predict_20260826T230501266302Z_822692,predict_20260826T230501266302Z,2026-08-26T23:05:01+00:00,2026-08-26 00:00:00,822692,2026-08-26T22:45:00Z,WSH,COL,Matt Waldron,Tanner Gordon,0.5551094949415825,0.5121951219512196,0.5407098121085596,0.0285146901573399,0.5921668216069957,-0.0370573266654132,-150.0,156.0,False,,True,,eligible_no_edge,True,True,True,True,6.0,6.0,0.0186720161097651,0.0566083186088066,fanduel,FanDuel,draftkings,DraftKings,best_available_across_quoted_books,all_quoted_books,886be82de38102833fb4e1eb8d27d5c0,2026-08-26T23:05:01+00:00,model_production_20260822T054104658649Z,production,raw_lgbm,040969a2d15fbe1ea3440bd1c3f98236c8bb9bbe52c21d739817ad4bedd89619,features_20260826T230018697814Z,fb401dc56db0b73ca3235900fdffcc70a8c1b61001694bce7e97652fabffe60b,features_20260822T054058128142Z,paper
predict_20260827T131106991579Z_824879,predict_20260827T131106991579Z,2026-08-27T13:11:06+00:00,2026-08-27 00:00:00,824879,2026-08-27T23:15:00Z,ATL,LAD,Chris Sale,Yoshinobu Yamamoto,0.5618550811445522,0.5142857142857142,0.5753424657534246,0.06105675146771039,0.5151837230488916,0.04667135809566059,-109.0,104.0,False,,False,lineups_not_posted,ineligible,True,False,False,True,9.0,9.0,0.004789283943798295,0.015330659096623456,lowvig,LowVig.ag,fanduel,FanDuel,best_available_across_quoted_books,all_quoted_books,927a7b09cc5f1512d0324748164c0b5f,2026-08-27T13:11:06+00:00,model_production_20260822T054104658649Z,production,raw_lgbm,f89aef38ae77397fb631f3a8de14b05ecc94aa24213808fc801e32c1dc696fe4,features_20260827T131105693812Z,fb401dc56db0b73ca3235900fdffcc70a8c1b61001694bce7e97652fabffe60b,features_20260822T054058128142Z,paper
predict_20260827T131106991579Z_823581,predict_20260827T131106991579Z,2026-08-27T13:11:06+00:00,2026-08-27 00:00:00,823581,2026-08-27T23:10:00Z,NYM,MIL,Sean Manaea,Jacob Misiorowski,0.4606245362317978,0.5121951219512196,0.4942528735632184,0.017942248388001236,0.33402922755741127,0.1265953086743865,200.0,-210.0,False,,False,lineups_not_posted,ineligible,True,False,False,True,9.0,9.0,0.003154417997475926,0.010895190446242542,draftkings,DraftKings,fanduel,FanDuel,best_available_across_quoted_books,all_quoted_books,4f28746c8d3ba89a48ef42722f1bbc9c,2026-08-27T13:11:06+00:00,model_production_20260822T054104658649Z,production,raw_lgbm,f89aef38ae77397fb631f3a8de14b05ecc94aa24213808fc801e32c1dc696fe4,features_20260827T131105693812Z,fb401dc56db0b73ca3235900fdffcc70a8c1b61001694bce7e97652fabffe60b,features_20260822T054058128142Z,paper
predict_20260827T131106991579Z_823503,predict_20260827T131106991579Z,2026-08-27T13:11:06+00:00,2026-08-27 00:00:00,823503,2026-08-27T23:05:00Z,NYY,HOU,Gerrit Cole,Hayden Wesneski,0.6109617497156948,0.5904159132007233,0.6186440677966102,0.0282281545958869,0.5949110703209063,0.016050679394788547,-156.0,147.0,False,,False,lineups_not_posted,ineligible,True,False,False,True,9.0,9.0,0.0037051968473570097,0.013022817494364847,fanduel,FanDuel,draftkings,DraftKings,best_available_across_quoted_books,all_quoted_books,68a5f4cb0d65f2fc93321ae004027c46,2026-08-27T13:11:06+00:00,model_production_20260822T054104658649Z,production,raw_lgbm,f89aef38ae77397fb631f3a8de14b05ecc94aa24213808fc801e32c1dc696fe4,features_20260827T131105693812Z,fb401dc56db0b73ca3235900fdffcc70a8c1b61001694bce7e97652fabffe60b,features_20260822T054058128142Z,paper
predict_20260827T131106991579Z_823179,predict_20260827T131106991579Z,2026-08-27T13:11:06+00:00,2026-08-27 00:00:00,823179,2026-08-28T01:45:00Z,SF,ARI,Landen Roupp,Jose Cabrera,0.4736029732031968,0.4805194805194805,0.4948905109489051,0.014371030429424614,0.49447293951185,-0.02086996630865323,100.0,-107.0,False,,False,lineups_not_posted,ineligible,True,False,False,True,9.0,9.0,0.0035149810496805764,0.008859957954651942,betonlineag,BetOnline.ag,betus,BetUS,best_available_across_quoted_books,all_quoted_books,9c67e5d6aa08977aa9e9818a83cc6d79,2026-08-27T13:11:06+00:00,model_production_20260822T054104658649Z,production,raw_lgbm,f89aef38ae77397fb631f3a8de14b05ecc94aa24213808fc801e32c1dc696fe4,features_20260827T131105693812Z,fb401dc56db0b73ca3235900fdffcc70a8c1b61001694bce7e97652fabffe60b,features_20260822T054058128142Z,paper
predict_20260827T131106991579Z_823014,predict_20260827T131106991579Z,2026-08-27T13:11:06+00:00,2026-08-27 00:00:00,823014,2026-08-27T18:15:00Z,STL,BAL,,Trevor Rogers,0.4669910409789464,0.4805194805194805,0.4948905109489051,0.014371030429424614,0.4675324675324675,-0.0005414265535211293,111.0,-118.0,False,,False,probable_starter_missing;lineups_not_posted,ineligible,False,False,False,True,7.0,7.0,0.0023382584884744885,0.007469873468252397,draftkings,DraftKings,fanduel,FanDuel,best_available_across_quoted_books,all_quoted_books,f9efae328746bce7662ce368bb304f87,2026-08-27T13:11:06+00:00,model_production_20260822T054104658649Z,production,raw_lgbm,f89aef38ae77397fb631f3a8de14b05ecc94aa24213808fc801e32c1dc696fe4,features_20260827T131105693812Z,fb401dc56db0b73ca3235900fdffcc70a8c1b61001694bce7e97652fabffe60b,features_20260822T054058128142Z,paper
predict_20260827T131106991579Z_822771,predict_20260827T131106991579Z,2026-08-27T13:11:06+00:00,2026-08-27 00:00:00,822771,2026-08-27T23:07:00Z,TOR,KC,Spencer Arrighetti,Noah Cameron,0.5591336670130325,0.5142857142857142,0.5407098121085596,0.026424097822845383,0.49528568734678485,0.06384797966624761,101.0,-106.0,False,,False,lineups_not_posted,ineligible,True,False,False,True,9.0,9.0,0.003936628447504367,0.01326224990182534,draftkings,DraftKings,fanduel,FanDuel,best_available_across_quoted_books,all_quoted_books,55ee0a20c48002519602e2362965c6e6,2026-08-27T13:11:06+00:00,model_production_20260822T054104658649Z,production,raw_lgbm,f89aef38ae77397fb631f3a8de14b05ecc94aa24213808fc801e32c1dc696fe4,features_20260827T131105693812Z,fb401dc56db0b73ca3235900fdffcc70a8c1b61001694bce7e97652fabffe60b,features_20260822T054058128142Z,paper
predict_20260827T131106991579Z_822694,predict_20260827T131106991579Z,2026-08-27T13:11:06+00:00,2026-08-27 00:00:00,822694,2026-08-27T17:05:00Z,WSH,COL,Jake Irvin,Gabriel Hughes,0.6616795407283306,0.5365853658536586,0.6610169491525424,0.12443158329888382,0.5605012156349355,0.10117832509339508,-126.0,126.0,False,,False,lineups_not_posted,ineligible,True,False,False,True,9.0,9.0,0.009023859626958449,0.02990278390916956,mybookieag,MyBookie.ag,fanduel,FanDuel,best_available_across_quoted_books,all_quoted_books,484411acaf382c9b99aa08d6e6ccd79f,2026-08-27T13:11:06+00:00,model_production_20260822T054104658649Z,production,raw_lgbm,f89aef38ae77397fb631f3a8de14b05ecc94aa24213808fc801e32c1dc696fe4,features_20260827T131105693812Z,fb401dc56db0b73ca3235900fdffcc70a8c1b61001694bce7e97652fabffe60b,features_20260822T054058128142Z,paper
